log_numeric__monthly_revenue_proxy_inr,log_numeric__monthly_profit_proxy_inr,log_numeric__revenue_per_employee,numeric__female_majority_owned,numeric__migrant_owner,numeric__previously_unemployed_owner,numeric__primary_income_earner,numeric__owner_has_contract_job,numeric__household_size_proxy,numeric__employee_count,numeric__bank_account,numeric__has_loan,numeric__friends_family_finance,numeric__sells_on_credit,numeric__buys_on_credit,numeric__mobile_money,numeric__computer_or_tablet,numeric__electricity,numeric__digital_adoption_score,numeric__household_based_business,numeric__non_fixed_premises,numeric__pl_statement,numeric__management_score_proxy,numeric__profit_margin,numeric__finance_constraint,numeric__customer_reach_constraint,numeric__management_constraint,categorical__city_Hyderabad,categorical__city_Jaipur,categorical__city_Kochi,categorical__city_Ludhiana,categorical__city_Mumbai,categorical__city_Sehore,categorical__city_Surat,categorical__city_Varanasi,categorical__sector_Manufacturing,categorical__sector_Other Services,categorical__sector_Retail
-0.18422066615375862,0.4369890458761687,-0.5784242506996775,-0.39138113233962235,2.6726124191242437,-0.5319381536954396,0.6305142037423428,-0.34980404399936865,-0.29891163763961254,0.4792703472497234,1.3984117975602022,-0.38066618340099356,-0.5918224455920872,1.6414763002993509,1.557206699145191,1.1816921749746827,-0.32914029430219166,-1.0701220913160239,0.5237318410874306,-0.5027397465361703,-0.3871122676704779,1.4142135623730951,0.09890760051660079,0.3969430860216573,0.4289245401321734,0.23272550888006965,-1.2513658133071346,1.0,0.0,0.0,0.0,0.0,0.0,0.0,0.0,0.0,1.0,0.0
0.31092739615609866,1.3861383891411396,0.9628990929115657,-0.39138113233962235,-0.3741657386773941,-0.5319381536954396,0.6305142037423428,-0.34980404399936865,-1.3746994011494589,-0.9860849673298904,1.3984117975602022,-0.38066618340099356,1.689695967849872,-0.6092076990801714,-0.6421755060191673,1.1816921749746827,3.038218101251,0.9344728121351193,2.2103259056062754,-0.5027397465361703,-0.3871122676704779,1.4142135623730951,0.9017584316858354,2.461596176707218,-2.3314124197506847,-4.2969075663954355,-1.2513658133071346,1.0,0.0,0.0,0.0,0.0,0.0,0.0,0.0,0.0,0.0,1.0
-0.6347293634131809,0.7481700248295869,-1.01005150862625,-0.39138113233962235,-0.3741657386773941,-0.5319381536954396,0.6305142037423428,-0.34980404399936865,-1.2769005135576545,0.4792703472497234,1.3984117975602022,2.626973562678144,1.689695967849872,-0.6092076990801714,-0.6421755060191673,1.1816921749746827,3.038218101251,0.9344728121351193,2.2103259056062754,-0.5027397465361703,-0.3871122676704779,-0.7071067811865475,0.8857014150624507,1.9478014572715312,-2.3314124197506847,-4.2969075663954355,-1.2513658133071346,1.0,0.0,0.0,0.0,0.0,0.0,0.0,0.0,1.0,0.0,0.0
0.10371126989851996,-0.7369669794790827,-0.3025586945784831,-0.39138113233962235,-0.3741657386773941,-0.5319381536954396,0.6305142037423428,-0.34980404399936865,-1.5702971763330675,0.4792703472497234,-0.7150969419341943,-0.38066618340099356,-0.5918224455920872,1.6414763002993509,-0.6421755060191673,1.1816921749746827,3.038218101251,0.9344728121351193,2.2103259056062754,-0.5027397465361703,-0.3871122676704779,1.4142135623730951,1.2188845099976833,-0.9629659667629051,0.4289245401321734,-4.2969075663954355,-1.2513658133071346,1.0,0.0,0.0,0.0,0.0,0.0,0.0,0.0,1.0,0.0,0.0
0.6029740498265835,0.3492737267140197,1.2427117676550052,-0.39138113233962235,2.6726124191242437,-0.5319381536954396,-1.5860070939950561,-0.34980404399936865,-0.29891163763961254,-0.9860849673298904,1.3984117975602022,-0.38066618340099356,-0.5918224455920872,-0.6092076990801714,-0.6421755060191673,1.1816921749746827,-0.32914029430219166,-1.0701220913160239,0.5237318410874306,-0.5027397465361703,-0.3871122676704779,-0.7071067811865475,1.3513548971406069,-0.37753516295911005,0.4289245401321734,0.23272550888006965,-1.2513658133071346,1.0,0.0,0.0,0.0,0.0,0.0,0.0,0.0,1.0,0.0,0.0
1.1397279714150634,1.723232509907619,0.6900472081630771,-0.39138113233962235,-0.3741657386773941,-0.5319381536954396,-1.5860070939950561,-0.34980404399936865,-0.3967105252314164,0.4792703472497234,-0.7150969419341943,2.626973562678144,-0.5918224455920872,-0.6092076990801714,-0.6421755060191673,1.1816921749746827,3.038218101251,0.9344728121351193,2.2103259056062754,1.9891007362952828,-0.3871122676704779,1.4142135623730951,0.9378867190884511,2.0045699864734945,0.4289245401321734,-4.2969075663954355,-1.2513658133071346,1.0,0.0,0.0,0.0,0.0,0.0,0.0,0.0,0.0,1.0,0.0
1.1114562505356749,1.4530022075698155,0.6629600299902008,-0.39138113233962235,-0.3741657386773941,-0.5319381536954396,0.6305142037423428,-0.34980404399936865,-0.8857049631904377,0.4792703472497234,1.3984117975602022,-0.38066618340099356,-0.5918224455920872,1.6414763002993509,-0.6421755060191673,-0.8462440736915471,3.038218101251,0.9344728121351193,0.5237318410874306,-0.5027397465361703,-0.3871122676704779,1.4142135623730951,1.2831125764912217,1.1547786875053911,-2.3314124197506847,0.23272550888006965,-1.2513658133071346,1.0,0.0,0.0,0.0,0.0,0.0,0.0,0.0,0.0,0.0,1.0
0.5081634518212345,1.3793038750431925,0.08494537828759523,2.5550541847077235,2.6726124191242437,-0.5319381536954396,0.6305142037423428,2.858743394063806,-0.7879060755986333,0.4792703472497234,1.3984117975602022,-0.38066618340099356,-0.5918224455920872,1.6414763002993509,-0.6421755060191673,1.1816921749746827,-0.32914029430219166,0.9344728121351193,1.1983694668949685,-0.5027397465361703,-0.3871122676704779,1.4142135623730951,0.4280764412959871,1.99619279657123,-2.3314124197506847,0.23272550888006965,-1.2513658133071346,1.0,0.0,0.0,0.0,0.0,0.0,0.0,0.0,0.0,1.0,0.0
0.3596468738585357,-0.040701680932194485,-0.05734793744207015,-0.39138113233962235,-0.3741657386773941,-0.5319381536954396,0.6305142037423428,-0.34980404399936865,-0.690107188006829,0.4792703472497234,-0.7150969419341943,2.626973562678144,-0.5918224455920872,-0.6092076990801714,-0.6421755060191673,1.1816921749746827,3.038218101251,0.9344728121351193,2.2103259056062754,-0.5027397465361703,-0.3871122676704779,1.4142135623730951,0.472233237010295,-0.6246877867907477,0.4289245401321734,-4.2969075663954355,-1.2513658133071346,1.0,0.0,0.0,0.0,0.0,0.0,0.0,0.0,1.0,0.0,0.0
0.5033983708431883,1.3581657097060975,1.1473073631684017,-0.39138113233962235,-0.3741657386773941,-0.5319381536954396,0.6305142037423428,-0.34980404399936865,-0.7879060755986333,-0.9860849673298904,1.3984117975602022,-0.38066618340099356,1.689695967849872,-0.6092076990801714,-0.6421755060191673,1.1816921749746827,-0.32914029430219166,-1.0701220913160239,0.5237318410874306,-0.5027397465361703,-0.3871122676704779,1.4142135623730951,0.27553478337383264,1.9257448731193623,0.4289245401321734,0.23272550888006965,-1.2513658133071346,1.0,0.0,0.0,0.0,0.0,0.0,0.0,0.0,1.0,0.0,0.0
0.20783117518056937,0.70882213062272,0.8641216236800497,2.5550541847077235,2.6726124191242437,-0.5319381536954396,0.6305142037423428,2.858743394063806,-1.6680960639248714,-0.9860849673298904,1.3984117975602022,-0.38066618340099356,-0.5918224455920872,-0.6092076990801714,1.557206699145191,1.1816921749746827,-0.32914029430219166,0.9344728121351193,1.1983694668949685,-0.5027397465361703,-0.3871122676704779,1.4142135623730951,0.6368176573999882,0.5203382837488224,0.4289245401321734,0.23272550888006965,-1.2513658133071346,1.0,0.0,0.0,0.0,0.0,0.0,0.0,0.0,0.0,0.0,1.0
-0.511496884485137,-2.6666999271570533,-0.891984139719973,-0.39138113233962235,-0.3741657386773941,-0.5319381536954396,0.6305142037423428,-0.34980404399936865,-1.2769005135576545,0.4792703472497234,1.3984117975602022,2.626973562678144,1.689695967849872,-0.6092076990801714,-0.6421755060191673,1.1816921749746827,3.038218101251,-1.0701220913160239,1.5356882797987377,-0.5027397465361703,-0.3871122676704779,1.4142135623730951,0.5485040659713722,-1.2791574929946201,-2.3314124197506847,-4.2969075663954355,-1.2513658133071346,1.0,0.0,0.0,0.0,0.0,0.0,0.0,0.0,0.0,1.0,0.0
0.4869626009749673,0.08725533937895726,-0.5594715695944026,-0.39138113233962235,2.6726124191242437,-0.5319381536954396,0.6305142037423428,-0.34980404399936865,-1.86369383910848,1.9446256618293372,1.3984117975602022,-0.38066618340099356,1.689695967849872,-0.6092076990801714,-0.6421755060191673,-0.8462440736915471,3.038218101251,0.9344728121351193,0.5237318410874306,-0.5027397465361703,-0.3871122676704779,1.4142135623730951,0.5645610825947569,-0.5744637870736845,0.4289245401321734,0.23272550888006965,-1.2513658133071346,1.0,0.0,0.0,0.0,0.0,0.0,0.0,0.0,0.0,0.0,1.0
-0.3759802835281032,0.950852780689887,-0.7621472783601769,2.5550541847077235,-0.3741657386773941,-0.5319381536954396,0.6305142037423428,-0.34980404399936865,-0.7879060755986333,0.4792703472497234,-0.7150969419341943,2.626973562678144,-0.5918224455920872,1.6414763002993509,1.557206699145191,1.1816921749746827,3.038218101251,0.9344728121351193,2.2103259056062754,-0.5027397465361703,2.5832299400318433,1.4142135623730951,0.7090742322052191,2.1935055140713944,0.4289245401321734,-4.2969075663954355,-1.2513658133071346,1.0,0.0,0.0,0.0,0.0,0.0,0.0,0.0,1.0,0.0,0.0
-0.32110067812128057,-0.7218754608171359,0.3573469876097968,-0.39138113233962235,-0.3741657386773941,-0.5319381536954396,0.6305142037423428,-0.34980404399936865,0.7768761258702346,-0.9860849673298904,-0.7150969419341943,-0.38066618340099356,1.689695967849872,-0.6092076990801714,-0.6421755060191673,1.1816921749746827,3.038218101251,0.9344728121351193,2.2103259056062754,-0.5027397465361703,-0.3871122676704779,-0.7071067811865475,0.6729459448026036,-0.8405999970896555,0.4289245401321734,-4.2969075663954355,-1.2513658133071346,1.0,0.0,0.0,0.0,0.0,0.0,0.0,0.0,0.0,0.0,1.0
0.9157542739819865,0.07080783808658254,1.542389473349672,-0.39138113233962235,-0.3741657386773941,-0.5319381536954396,0.6305142037423428,-0.34980404399936865,-0.5923083004150251,-0.9860849673298904,1.3984117975602022,2.626973562678144,-0.5918224455920872,1.6414763002993509,-0.6421755060191673,1.1816921749746827,-0.32914029430219166,0.9344728121351193,1.1983694668949685,-0.5027397465361703,-0.3871122676704779,1.4142135623730951,1.1064853936339905,-0.7645048610385219,-2.3314124197506847,0.23272550888006965,-1.2513658133071346,1.0,0.0,0.0,0.0,0.0,0.0,0.0,0.0,0.0,0.0,1.0
1.2493182753417034,0.2169420535410807,0.1709341867024864,-0.39138113233962235,-0.3741657386773941,-0.5319381536954396,0.6305142037423428,-0.34980404399936865,0.09228391272760475,1.9446256618293372,1.3984117975602022,-0.38066618340099356,-0.5918224455920872,-0.6092076990801714,-0.6421755060191673,-0.8462440736915471,3.038218101251,0.9344728121351193,0.5237318410874306,-0.5027397465361703,-0.3871122676704779,-0.7071067811865475,0.3999766622050637,-0.7867570082728886,0.4289245401321734,0.23272550888006965,-1.2513658133071346,1.0,0.0,0.0,0.0,0.0,0.0,0.0,0.0,1.0,0.0,0.0
-0.25852577547627226,-0.016454579523677182,0.4173005965994951,-0.39138113233962235,-0.3741657386773941,-0.5319381536954396,0.6305142037423428,-0.34980404399936865,-1.7658949515166757,-0.9860849673298904,1.3984117975602022,-0.38066618340099356,-0.5918224455920872,1.6414763002993509,-0.6421755060191673,1.1816921749746827,3.038218101251,0.9344728121351193,2.2103259056062754,-0.5027397465361703,-0.3871122676704779,-0.7071067811865475,0.4481477120752179,-0.25982849390010704,0.4289245401321734,-4.2969075663954355,-1.2513658133071346,1.0,0.0,0.0,0.0,0.0,0.0,0.0,0.0,0.0,1.0,0.0
1.7802455123112289,1.2981327500381692,0.6796139169569223,-0.39138113233962235,-0.3741657386773941,-0.5319381536954396,0.6305142037423428,-0.34980404399936865,-0.7879060755986333,1.9446256618293372,1.3984117975602022,2.626973562678144,-0.5918224455920872,-0.6092076990801714,-0.6421755060191673,1.1816921749746827,3.038218101251,0.9344728121351193,2.2103259056062754,-0.5027397465361703,-0.3871122676704779,-0.7071067811865475,0.773302298698758,0.0373006009653029,-2.3314124197506847,-4.2969075663954355,-1.2513658133071346,1.0,0.0,0.0,0.0,0.0,0.0,0.0,0.0,1.0,0.0,0.0
0.5462022951537538,1.59716743929453,1.188318209895544,-0.39138113233962235,-0.3741657386773941,-0.5319381536954396,0.6305142037423428,-0.34980404399936865,-0.7879060755986333,-0.9860849673298904,1.3984117975602022,-0.38066618340099356,-0.5918224455920872,-0.6092076990801714,-0.6421755060191673,1.1816921749746827,-0.32914029430219166,-1.0701220913160239,0.5237318410874306,-0.5027397465361703,-0.3871122676704779,1.4142135623730951,1.6484097046732238,2.8457956218813445,0.4289245401321734,0.23272550888006965,-1.2513658133071346,1.0,0.0,0.0,0.0,0.0,0.0,0.0,0.0,0.0,0.0,1.0
0.8483971593274217,1.1694464442040344,1.4778539815793752,-0.39138113233962235,-0.3741657386773941,-0.5319381536954396,0.6305142037423428,-0.34980404399936865,-0.983503850782242,-0.9860849673298904,1.3984117975602022,-0.38066618340099356,-0.5918224455920872,-0.6092076990801714,-0.6421755060191673,1.1816921749746827,-0.32914029430219166,0.9344728121351193,1.1983694668949685,-0.5027397465361703,-0.3871122676704779,1.4142135623730951,0.25546351259460176,0.7808968904884175,0.4289245401321734,0.23272550888006965,-1.2513658133071346,1.0,0.0,0.0,0.0,0.0,0.0,0.0,0.0,0.0,0.0,1.0
1.2481958603752838,0.14650606207972577,0.7939704912711414,-0.39138113233962235,-0.3741657386773941,-0.5319381536954396,0.6305142037423428,-0.34980404399936865,-0.8857049631904377,0.4792703472497234,1.3984117975602022,-0.38066618340099356,1.689695967849872,-0.6092076990801714,-0.6421755060191673,-0.8462440736915471,-0.32914029430219166,0.9344728121351193,-0.48822459762387616,-0.5027397465361703,-0.3871122676704779,1.4142135623730951,0.9298582107767587,-0.8293765824932318,0.4289245401321734,0.23272550888006965,-1.2513658133071346,1.0,0.0,0.0,0.0,0.0,0.0,0.0,0.0,0.0,1.0,0.0
-0.19890762115517743,-1.8200310760848661,-0.5924956949821557,-0.39138113233962235,-0.3741657386773941,-0.5319381536954396,0.6305142037423428,-0.34980404399936865,-0.10331386245600391,0.4792703472497234,1.3984117975602022,-0.38066618340099356,1.689695967849872,-0.6092076990801714,-0.6421755060191673,1.1816921749746827,3.038218101251,0.9344728121351193,2.2103259056062754,-0.5027397465361703,-0.3871122676704779,-0.7071067811865475,0.25546351259460176,-1.2084256789527508,-2.3314124197506847,-4.2969075663954355,-1.2513658133071346,1.0,0.0,0.0,0.0,0.0,0.0,0.0,0.0,0.0,1.0,0.0
2.544016848192142,1.7292892776137543,2.035502299487669,-0.39138113233962235,-0.3741657386773941,-0.5319381536954396,0.6305142037423428,-0.34980404399936865,-2.254889389475697,0.4792703472497234,1.3984117975602022,-0.38066618340099356,1.689695967849872,-0.6092076990801714,1.557206699145191,-0.8462440736915471,3.038218101251,-1.0701220913160239,-0.15090578472010727,-0.5027397465361703,-0.3871122676704779,1.4142135623730951,0.5324470493479876,0.06588702560351468,0.4289245401321734,0.23272550888006965,-1.2513658133071346,1.0,0.0,0.0,0.0,0.0,0.0,0.0,0.0,0.0,1.0,0.0
-0.07413945521661126,-0.30456528464780624,-0.4729563208493954,-0.39138113233962235,2.6726124191242437,-0.5319381536954396,-1.5860070939950561,-0.34980404399936865,-1.0813027383740463,0.4792703472497234,1.3984117975602022,2.626973562678144,-0.5918224455920872,1.6414763002993509,-0.6421755060191673,1.1816921749746827,-0.32914029430219166,0.9344728121351193,1.1983694668949685,-0.5027397465361703,-0.3871122676704779,1.4142135623730951,-0.6838719598734028,-0.6482572856380839,-2.3314124197506847,0.23272550888006965,0.79912683354932,1.0,0.0,0.0,0.0,0.0,0.0,0.0,0.0,1.0,0.0,0.0
-0.3222069576818946,0.755550179064157,0.35628705064774313,2.5550541847077235,2.6726124191242437,-0.5319381536954396,0.6305142037423428,-0.34980404399936865,-1.1791016259658502,-0.9860849673298904,-0.7150969419341943,2.626973562678144,1.689695967849872,-0.6092076990801714,-0.6421755060191673,-0.8462440736915471,-0.32914029430219166,0.9344728121351193,-0.48822459762387616,-0.5027397465361703,-0.3871122676704779,1.4142135623730951,1.2148702558418367,1.3898489372106353,0.4289245401321734,0.23272550888006965,-1.2513658133071346,1.0,0.0,0.0,0.0,0.0,0.0,0.0,0.0,0.0,1.0,0.0
1.3810411107282554,1.157645549734362,1.9881852141212268,2.5550541847077235,-0.3741657386773941,-0.5319381536954396,0.6305142037423428,-0.34980404399936865,-0.3967105252314164,-0.9860849673298904,1.3984117975602022,-0.38066618340099356,1.689695967849872,1.6414763002993509,-0.6421755060191673,1.1816921749746827,-0.32914029430219166,-1.0701220913160239,0.5237318410874306,-0.5027397465361703,-0.3871122676704779,1.4142135623730951,1.4316399802575304,0.16220834341639043,0.4289245401321734,0.23272550888006965,-1.2513658133071346,1.0,0.0,0.0,0.0,0.0,0.0,0.0,0.0,1.0,0.0,0.0
0.17551612783348078,0.8106325338668467,-0.8578632076843733,-0.39138113233962235,2.6726124191242437,-0.5319381536954396,0.6305142037423428,2.858743394063806,-1.0813027383740463,1.9446256618293372,1.3984117975602022,-0.38066618340099356,1.689695967849872,1.6414763002993509,-0.6421755060191673,1.1816921749746827,-0.32914029430219166,0.9344728121351193,1.1983694668949685,-0.5027397465361703,-0.3871122676704779,1.4142135623730951,0.7773165528546042,0.7938209302329314,0.4289245401321734,0.23272550888006965,-1.2513658133071346,1.0,0.0,0.0,0.0,0.0,0.0,0.0,0.0,0.0,1.0,0.0
0.29996543517082086,0.829428735985062,-0.7386306067830745,-0.39138113233962235,2.6726124191242437,-0.5319381536954396,0.6305142037423428,-0.34980404399936865,-0.690107188006829,1.9446256618293372,1.3984117975602022,-0.38066618340099356,-0.5918224455920872,1.6414763002993509,1.557206699145191,1.1816921749746827,3.038218101251,0.9344728121351193,2.2103259056062754,-0.5027397465361703,-0.3871122676704779,1.4142135623730951,0.7893593153221427,0.6779911486342386,0.4289245401321734,-4.2969075663954355,-1.2513658133071346,1.0,0.0,0.0,0.0,0.0,0.0,0.0,0.0,1.0,0.0,0.0
-0.22161185040950362,0.33302262016465245,0.4526681790675537,-0.39138113233962235,2.6726124191242437,-0.5319381536954396,0.6305142037423428,-0.34980404399936865,-1.1791016259658502,-0.9860849673298904,-0.7150969419341943,2.626973562678144,-0.5918224455920872,1.6414763002993509,-0.6421755060191673,-0.8462440736915471,-0.32914029430219166,0.9344728121351193,-0.48822459762387616,-0.5027397465361703,-0.3871122676704779,1.4142135623730951,0.7532310279195271,0.23753569095081892,0.4289245401321734,0.23272550888006965,-1.2513658133071346,1.0,0.0,0.0,0.0,0.0,0.0,0.0,0.0,0.0,0.0,1.0
1.405833023406081,0.9142062350332422,2.0119385813014423,-0.39138113233962235,-0.3741657386773941,-0.5319381536954396,-1.5860070939950561,-0.34980404399936865,-0.7879060755986333,-0.9860849673298904,1.3984117975602022,-0.38066618340099356,1.689695967849872,-0.6092076990801714,-0.6421755060191673,1.1816921749746827,3.038218101251,0.9344728121351193,2.2103259056062754,-0.5027397465361703,-0.3871122676704779,1.4142135623730951,0.05073655064644689,-0.22179888143634274,0.4289245401321734,-4.2969075663954355,-1.2513658133071346,1.0,0.0,0.0,0.0,0.0,0.0,0.0,0.0,0.0,0.0,1.0
0.4463558108390567,0.9962945672322285,1.0926543442470544,-0.39138113233962235,-0.3741657386773941,-0.5319381536954396,0.6305142037423428,-0.34980404399936865,-1.4724982887412632,-0.9860849673298904,-0.7150969419341943,2.626973562678144,-0.5918224455920872,1.6414763002993509,1.557206699145191,1.1816921749746827,-0.32914029430219166,0.9344728121351193,1.1983694668949685,-0.5027397465361703,-0.3871122676704779,1.4142135623730951,1.122542410257375,0.8919632314610585,0.4289245401321734,0.23272550888006965,-1.2513658133071346,1.0,0.0,0.0,0.0,0.0,0.0,0.0,0.0,1.0,0.0,0.0
-1.0383136654293752,-0.34810958806542724,-0.32982159253713733,-0.39138113233962235,-0.3741657386773941,-0.5319381536954396,0.6305142037423428,-0.34980404399936865,-2.4504871646593056,-0.9860849673298904,-0.7150969419341943,2.626973562678144,-0.5918224455920872,-0.6092076990801714,-0.6421755060191673,1.1816921749746827,-0.32914029430219166,-1.0701220913160239,0.5237318410874306,-0.5027397465361703,-0.3871122676704779,1.4142135623730951,0.35180561233490987,-0.14177391008729687,0.4289245401321734,0.23272550888006965,-1.2513658133071346,1.0,0.0,0.0,0.0,0.0,0.0,0.0,0.0,0.0,0.0,1.0
1.6837901228533525,1.3497489646100689,1.2113146645853439,-0.39138113233962235,2.6726124191242437,-0.5319381536954396,0.6305142037423428,2.858743394063806,0.6790772382784298,0.4792703472497234,1.3984117975602022,2.626973562678144,1.689695967849872,-0.6092076990801714,1.557206699145191,1.1816921749746827,-0.32914029430219166,0.9344728121351193,1.1983694668949685,-0.5027397465361703,-0.3871122676704779,1.4142135623730951,0.22736373350367844,0.21185117018779423,-2.3314124197506847,0.23272550888006965,-1.2513658133071346,1.0,0.0,0.0,0.0,0.0,0.0,0.0,0.0,1.0,0.0,0.0
-0.4469470830539693,0.37670060631713886,-0.830139764572525,-0.39138113233962235,-0.3741657386773941,-0.5319381536954396,0.6305142037423428,-0.34980404399936865,-1.0813027383740463,0.4792703472497234,-0.7150969419341943,-0.38066618340099356,-0.5918224455920872,1.6414763002993509,-0.6421755060191673,1.1816921749746827,3.038218101251,0.9344728121351193,2.2103259056062754,-0.5027397465361703,-0.3871122676704779,-0.7071067811865475,1.2790983223353758,0.5683710930882401,0.4289245401321734,-4.2969075663954355,-1.2513658133071346,1.0,0.0,0.0,0.0,0.0,0.0,0.0,0.0,0.0,0.0,1.0
-0.7105988940904768,-2.67591161850032,-1.0827409668302324,-0.39138113233962235,2.6726124191242437,-0.5319381536954396,0.6305142037423428,-0.34980404399936865,-0.690107188006829,0.4792703472497234,1.3984117975602022,-0.38066618340099356,1.689695967849872,-0.6092076990801714,-0.6421755060191673,1.1816921749746827,-0.32914029430219166,0.9344728121351193,1.1983694668949685,-0.5027397465361703,-0.3871122676704779,1.4142135623730951,0.7090742322052191,-1.2719902237618432,0.4289245401321734,0.23272550888006965,-1.2513658133071346,1.0,0.0,0.0,0.0,0.0,0.0,0.0,0.0,1.0,0.0,0.0
1.9784603205653393,1.3247618445732279,1.4936394591957858,-0.39138113233962235,-0.3741657386773941,-0.5319381536954396,-1.5860070939950561,-0.34980404399936865,-2.352688277067501,0.4792703472497234,-0.7150969419341943,2.626973562678144,1.689695967849872,-0.6092076990801714,-0.6421755060191673,-0.8462440736915471,-0.32914029430219166,0.9344728121351193,-0.48822459762387616,-0.5027397465361703,-0.3871122676704779,1.4142135623730951,1.098456885322298,-0.08459586729031272,0.4289245401321734,0.23272550888006965,-1.2513658133071346,1.0,0.0,0.0,0.0,0.0,0.0,0.0,0.0,0.0,1.0,0.0
-0.8089851250778624,-1.736499872204511,-1.1770032029286608,-0.39138113233962235,2.6726124191242437,-0.5319381536954396,0.6305142037423428,-0.34980404399936865,-2.5482860522511097,0.4792703472497234,1.3984117975602022,2.626973562678144,-0.5918224455920872,-0.6092076990801714,1.557206699145191,1.1816921749746827,-0.32914029430219166,0.9344728121351193,1.1983694668949685,-0.5027397465361703,-0.3871122676704779,-0.7071067811865475,0.46019047454275636,-1.1289012622871162,-2.3314124197506847,0.23272550888006965,-1.2513658133071346,1.0,0.0,0.0,0.0,0.0,0.0,0.0,0.0,1.0,0.0,0.0
-1.2021347938447848,-0.13886119404965616,-0.4867801727683783,-0.39138113233962235,-0.3741657386773941,-0.5319381536954396,-1.5860070939950561,-0.34980404399936865,-0.2011127500478078,-0.9860849673298904,-0.7150969419341943,-0.38066618340099356,-0.5918224455920872,-0.6092076990801714,1.557206699145191,1.1816921749746827,-0.32914029430219166,0.9344728121351193,1.1983694668949685,-0.5027397465361703,-0.3871122676704779,-0.7071067811865475,0.3036345624647557,0.3475634398437799,0.4289245401321734,0.23272550888006965,-1.2513658133071346,1.0,0.0,0.0,0.0,0.0,0.0,0.0,0.0,0.0,0.0,1.0
1.7639838041300855,2.1750156369109126,1.2881485504416321,-0.39138113233962235,-0.3741657386773941,-0.5319381536954396,-1.5860070939950561,-0.34980404399936865,-1.4724982887412632,0.4792703472497234,1.3984117975602022,-0.38066618340099356,-0.5918224455920872,1.6414763002993509,-0.6421755060191673,1.1816921749746827,3.038218101251,0.9344728121351193,2.2103259056062754,-0.5027397465361703,-0.3871122676704779,1.4142135623730951,1.102471139478144,2.473008520810296,-2.3314124197506847,-4.2969075663954355,-1.2513658133071346,1.0,0.0,0.0,0.0,0.0,0.0,0.0,0.0,0.0,1.0,0.0
0.33395881626878815,1.5108743837268963,-0.7060621255374351,-0.39138113233962235,-0.3741657386773941,-0.5319381536954396,0.6305142037423428,-0.34980404399936865,-0.690107188006829,1.9446256618293372,-0.7150969419341943,2.626973562678144,1.689695967849872,-0.6092076990801714,1.557206699145191,1.1816921749746827,-0.32914029430219166,0.9344728121351193,1.1983694668949685,-0.5027397465361703,-0.3871122676704779,1.4142135623730951,0.4923045077895259,2.985532812607409,0.4289245401321734,0.23272550888006965,-1.2513658133071346,1.0,0.0,0.0,0.0,0.0,0.0,0.0,0.0,0.0,1.0,0.0
0.43246380451076816,1.2714317634887016,0.012417737928732216,2.5550541847077235,-0.3741657386773941,-0.5319381536954396,-1.5860070939950561,-0.34980404399936865,-0.49450941282322075,0.4792703472497234,1.3984117975602022,-0.38066618340099356,-0.5918224455920872,-0.6092076990801714,-0.6421755060191673,1.1816921749746827,-0.32914029430219166,-1.0701220913160239,0.5237318410874306,-0.5027397465361703,-0.3871122676704779,1.4142135623730951,-0.1941329528601697,1.7491277530265101,0.4289245401321734,0.23272550888006965,0.79912683354932,1.0,0.0,0.0,0.0,0.0,0.0,0.0,0.0,0.0,1.0,0.0
0.5712078863435694,-0.2600489660912758,0.14534812341910908,-0.39138113233962235,2.6726124191242437,-0.5319381536954396,0.6305142037423428,2.858743394063806,-0.10331386245600391,0.4792703472497234,1.3984117975602022,2.626973562678144,-0.5918224455920872,-0.6092076990801714,-0.6421755060191673,1.1816921749746827,-0.32914029430219166,-1.0701220913160239,0.5237318410874306,-0.5027397465361703,-0.3871122676704779,1.4142135623730951,1.8772221915564553,-0.852445417436811,-2.3314124197506847,0.23272550888006965,-1.2513658133071346,1.0,0.0,0.0,0.0,0.0,0.0,0.0,0.0,0.0,0.0,1.0
1.046289402314005,1.2997373653663817,0.6005235904027778,-0.39138113233962235,-0.3741657386773941,-0.5319381536954396,0.6305142037423428,2.858743394063806,-0.983503850782242,0.4792703472497234,1.3984117975602022,2.626973562678144,-0.5918224455920872,-0.6092076990801714,-0.6421755060191673,1.1816921749746827,-0.32914029430219166,0.9344728121351193,1.1983694668949685,-0.5027397465361703,2.5832299400318433,1.4142135623730951,1.748766058569378,0.8382554618131327,-2.3314124197506847,0.23272550888006965,-1.2513658133071346,1.0,0.0,0.0,0.0,0.0,0.0,0.0,0.0,1.0,0.0,0.0
0.48680299082187556,0.0882073941680197,0.06447997037176431,-0.39138113233962235,-0.3741657386773941,-0.5319381536954396,0.6305142037423428,2.858743394063806,-0.983503850782242,0.4792703472497234,1.3984117975602022,2.626973562678144,-0.5918224455920872,1.6414763002993509,-0.6421755060191673,1.1816921749746827,-0.32914029430219166,0.9344728121351193,1.1983694668949685,-0.5027397465361703,-0.3871122676704779,1.4142135623730951,0.4682189828544488,-0.5735500367180275,-2.3314124197506847,0.23272550888006965,-1.2513658133071346,1.0,0.0,0.0,0.0,0.0,0.0,0.0,0.0,1.0,0.0,0.0
0.7806067022219972,1.1046148663992743,1.4129033002880516,-0.39138113233962235,-0.3741657386773941,-0.5319381536954396,0.6305142037423428,-0.34980404399936865,-0.10331386245600391,-0.9860849673298904,1.3984117975602022,-0.38066618340099356,1.689695967849872,1.6414763002993509,-0.6421755060191673,1.1816921749746827,-0.32914029430219166,0.9344728121351193,1.1983694668949685,-0.5027397465361703,-0.3871122676704779,-0.7071067811865475,0.8576016359715277,0.7133544387282651,0.4289245401321734,0.23272550888006965,-1.2513658133071346,1.0,0.0,0.0,0.0,0.0,0.0,0.0,0.0,0.0,0.0,1.0
1.8640137537209085,0.3770243874612453,0.759872195829134,-0.39138113233962235,2.6726124191242437,-0.5319381536954396,-1.5860070939950561,-0.34980404399936865,-0.690107188006829,1.9446256618293372,1.3984117975602022,2.626973562678144,-0.5918224455920872,-0.6092076990801714,1.557206699145191,1.1816921749746827,-0.32914029430219166,0.9344728121351193,1.1983694668949685,1.9891007362952828,-0.3871122676704779,1.4142135623730951,0.6488604198675266,-0.8861447965371831,-2.3314124197506847,0.23272550888006965,-1.2513658133071346,1.0,0.0,0.0,0.0,0.0,0.0,0.0,0.0,0.0,0.0,1.0
-0.8191153699890198,0.4521542030012362,-0.11980562222722937,-0.39138113233962235,2.6726124191242437,-0.5319381536954396,0.6305142037423428,-0.34980404399936865,-1.86369383910848,-0.9860849673298904,-0.7150969419341943,-0.38066618340099356,1.689695967849872,1.6414763002993509,-0.6421755060191673,1.1816921749746827,-0.32914029430219166,0.9344728121351193,1.1983694668949685,-0.5027397465361703,-0.3871122676704779,1.4142135623730951,1.1988132392184523,1.2836101833806772,0.4289245401321734,0.23272550888006965,-1.2513658133071346,1.0,0.0,0.0,0.0,0.0,0.0,0.0,0.0,0.0,0.0,1.0
-0.9941464609473689,-0.05942905107696689,-0.28750457411995417,-0.39138113233962235,-0.3741657386773941,-0.5319381536954396,0.6305142037423428,-0.34980404399936865,-1.2769005135576545,-0.9860849673298904,-0.7150969419341943,2.626973562678144,-0.5918224455920872,-0.6092076990801714,1.557206699145191,1.1816921749746827,3.038218101251,0.9344728121351193,2.2103259056062754,-0.5027397465361703,-0.3871122676704779,-0.7071067811865475,1.0944426311664515,0.28454803079725227,0.4289245401321734,-4.2969075663954355,-1.2513658133071346,1.0,0.0,0.0,0.0,0.0,0.0,0.0,0.0,0.0,1.0,0.0
0.8917693076191909,0.008992643765458634,-0.17163094158574768,-0.39138113233962235,-0.3741657386773941,-0.5319381536954396,0.6305142037423428,-0.34980404399936865,-0.5923083004150251,1.9446256618293372,1.3984117975602022,-0.38066618340099356,-0.5918224455920872,-0.6092076990801714,-0.6421755060191673,1.1816921749746827,-0.32914029430219166,-1.0701220913160239,0.5237318410874306,-0.5027397465361703,-0.3871122676704779,1.4142135623730951,0.3196915790881403,-0.7958871498523767,-2.3314124197506847,0.23272550888006965,-1.2513658133071346,1.0,0.0,0.0,0.0,0.0,0.0,0.0,0.0,0.0,1.0,0.0
1.1308971588011263,0.6992709981920495,0.6815863929270943,-0.39138113233962235,-0.3741657386773941,-0.5319381536954396,0.6305142037423428,-0.34980404399936865,-2.743883827434718,0.4792703472497234,1.3984117975602022,-0.38066618340099356,-0.5918224455920872,1.6414763002993509,-0.6421755060191673,1.1816921749746827,-0.32914029430219166,0.9344728121351193,1.1983694668949685,-0.5027397465361703,-0.3871122676704779,-0.7071067811865475,0.2474350042829093,-0.30367348760827195,0.4289245401321734,0.23272550888006965,-1.2513658133071346,1.0,0.0,0.0,0.0,0.0,0.0,0.0,0.0,0.0,0.0,1.0
0.05779130538387009,0.5521218569670482,0.7203669983202907,-0.39138113233962235,-0.3741657386773941,-0.5319381536954396,0.6305142037423428,-0.34980404399936865,0.8746750134620385,-0.9860849673298904,1.3984117975602022,-0.38066618340099356,-0.5918224455920872,1.6414763002993509,1.557206699145191,1.1816921749746827,-0.32914029430219166,0.9344728121351193,1.1983694668949685,-0.5027397465361703,-0.3871122676704779,-0.7071067811865475,0.8335161110364506,0.3656445066615107,0.4289245401321734,0.23272550888006965,-1.2513658133071346,1.0,0.0,0.0,0.0,0.0,0.0,0.0,0.0,0.0,0.0,1.0
1.1059766935709219,1.0181053920341658,1.7246433815947715,-0.39138113233962235,2.6726124191242437,-0.5319381536954396,0.6305142037423428,2.858743394063806,-0.29891163763961254,-0.9860849673298904,-0.7150969419341943,-0.38066618340099356,-0.5918224455920872,-0.6092076990801714,-0.6421755060191673,1.1816921749746827,-0.32914029430219166,0.9344728121351193,1.1983694668949685,-0.5027397465361703,2.5832299400318433,1.4142135623730951,0.6287891490882958,0.1783500392579684,0.4289245401321734,0.23272550888006965,-1.2513658133071346,1.0,0.0,0.0,0.0,0.0,0.0,0.0,0.0,1.0,0.0,0.0
-0.2900756504760911,-0.7752968871990684,-0.6798429379306332,-0.39138113233962235,-0.3741657386773941,-0.5319381536954396,0.6305142037423428,-0.34980404399936865,-0.7879060755986333,0.4792703472497234,-0.7150969419341943,-0.38066618340099356,1.689695967849872,-0.6092076990801714,-0.6421755060191673,1.1816921749746827,-0.32914029430219166,-1.0701220913160239,0.5237318410874306,-0.5027397465361703,-0.3871122676704779,1.4142135623730951,0.331734341555679,-0.879270105371743,0.4289245401321734,0.23272550888006965,-1.2513658133071346,1.0,0.0,0.0,0.0,0.0,0.0,0.0,0.0,0.0,0.0,1.0
0.6704524317507186,0.6542850439672291,1.3073634467489053,-0.39138113233962235,-0.3741657386773941,-0.5319381536954396,0.6305142037423428,2.858743394063806,-0.3967105252314164,-0.9860849673298904,1.3984117975602022,-0.38066618340099356,1.689695967849872,-0.6092076990801714,-0.6421755060191673,-0.8462440736915471,-0.32914029430219166,0.9344728121351193,-0.48822459762387616,-0.5027397465361703,-0.3871122676704779,1.4142135623730951,0.31567732493229433,-0.02962652759377498,-2.3314124197506847,0.23272550888006965,-1.2513658133071346,1.0,0.0,0.0,0.0,0.0,0.0,0.0,0.0,0.0,1.0,0.0
-0.12132344013324046,-0.4640848129494819,-1.1422585900219553,-0.39138113233962235,-0.3741657386773941,-0.5319381536954396,0.6305142037423428,-0.34980404399936865,0.6790772382784298,1.9446256618293372,1.3984117975602022,-0.38066618340099356,-0.5918224455920872,1.6414763002993509,1.557206699145191,-0.8462440736915471,-0.32914029430219166,0.9344728121351193,-0.48822459762387616,-0.5027397465361703,-0.3871122676704779,-0.7071067811865475,0.3196915790881403,-0.7469266470977405,-2.3314124197506847,0.23272550888006965,-1.2513658133071346,1.0,0.0,0.0,0.0,0.0,0.0,0.0,0.0,0.0,0.0,1.0
0.9711279117819963,0.6680992008015516,1.595443482044383,-0.39138113233962235,-0.3741657386773941,-0.5319381536954396,0.6305142037423428,2.858743394063806,-0.5923083004150251,-0.9860849673298904,1.3984117975602022,2.626973562678144,-0.5918224455920872,1.6414763002993509,-0.6421755060191673,1.1816921749746827,-0.32914029430219166,-1.0701220913160239,0.5237318410874306,-0.5027397465361703,-0.3871122676704779,-0.7071067811865475,0.7773165528546042,-0.23570633582790512,-2.3314124197506847,0.23272550888006965,-1.2513658133071346,1.0,0.0,0.0,0.0,0.0,0.0,0.0,0.0,1.0,0.0,0.0
0.8947181207679787,0.7812356895582436,0.45530304169253794,-0.39138113233962235,-0.3741657386773941,-0.5319381536954396,-1.5860070939950561,2.858743394063806,0.09228391272760475,0.4792703472497234,-0.7150969419341943,2.626973562678144,1.689695967849872,-0.6092076990801714,1.557206699145191,1.1816921749746827,3.038218101251,0.9344728121351193,2.2103259056062754,-0.5027397465361703,-0.3871122676704779,1.4142135623730951,0.48829025363367967,-0.021162027625962858,0.4289245401321734,-4.2969075663954355,-1.2513658133071346,1.0,0.0,0.0,0.0,0.0,0.0,0.0,0.0,1.0,0.0,0.0
1.4383581879576217,1.661530483300092,0.9761654946484766,-0.39138113233962235,-0.3741657386773941,-0.5319381536954396,0.6305142037423428,2.858743394063806,-1.7658949515166757,0.4792703472497234,1.3984117975602022,-0.38066618340099356,-0.5918224455920872,-0.6092076990801714,-0.6421755060191673,1.1816921749746827,-0.32914029430219166,0.9344728121351193,1.1983694668949685,-0.5027397465361703,-0.3871122676704779,1.4142135623730951,-0.5915441142889407,1.2472032473377714,-2.3314124197506847,0.23272550888006965,0.79912683354932,1.0,0.0,0.0,0.0,0.0,0.0,0.0,0.0,1.0,0.0,0.0
0.43532287576851186,-0.5069529747113675,1.0820835842894927,-0.39138113233962235,2.6726124191242437,-0.5319381536954396,0.6305142037423428,2.858743394063806,-0.2011127500478078,-0.9860849673298904,1.3984117975602022,2.626973562678144,-0.5918224455920872,-0.6092076990801714,-0.6421755060191673,-0.8462440736915471,3.038218101251,0.9344728121351193,0.5237318410874306,-0.5027397465361703,-0.3871122676704779,1.4142135623730951,0.4441334579193717,-0.9404203235733357,-2.3314124197506847,0.23272550888006965,-1.2513658133071346,1.0,0.0,0.0,0.0,0.0,0.0,0.0,0.0,0.0,0.0,1.0
0.3612174223309555,0.6035279588783514,1.011082444989215,-0.39138113233962235,-0.3741657386773941,1.879917793173656,0.6305142037423428,-0.34980404399936865,-1.9614927267002844,-0.9860849673298904,1.3984117975602022,-0.38066618340099356,-0.5918224455920872,-0.6092076990801714,1.557206699145191,1.1816921749746827,-0.32914029430219166,-1.0701220913160239,0.5237318410874306,-0.5027397465361703,-0.3871122676704779,-0.7071067811865475,0.27152052921798636,0.15825431249960842,0.4289245401321734,0.23272550888006965,-1.2513658133071346,1.0,0.0,0.0,0.0,0.0,0.0,0.0,0.0,0.0,0.0,1.0
-0.13029465780111302,-0.2182601183460206,0.5401600492625312,-0.39138113233962235,2.6726124191242437,-0.5319381536954396,0.6305142037423428,-0.34980404399936865,-0.3967105252314164,-0.9860849673298904,-0.7150969419341943,-0.38066618340099356,1.689695967849872,-0.6092076990801714,1.557206699145191,1.1816921749746827,-0.32914029430219166,0.9344728121351193,1.1983694668949685,-0.5027397465361703,-0.3871122676704779,1.4142135623730951,1.5881958923355313,-0.5490289728225878,0.4289245401321734,0.23272550888006965,-1.2513658133071346,1.0,0.0,0.0,0.0,0.0,0.0,0.0,0.0,0.0,1.0,0.0
0.45389803062905787,0.8408026171961518,-0.5911502528067256,-0.39138113233962235,-0.3741657386773941,-0.5319381536954396,-1.5860070939950561,-0.34980404399936865,-0.7879060755986333,1.9446256618293372,-0.7150969419341943,2.626973562678144,1.689695967849872,-0.6092076990801714,-0.6421755060191673,1.1816921749746827,3.038218101251,0.9344728121351193,2.2103259056062754,-0.5027397465361703,-0.3871122676704779,-0.7071067811865475,0.8616158901273736,0.5178470105530639,0.4289245401321734,-4.2969075663954355,-1.2513658133071346,1.0,0.0,0.0,0.0,0.0,0.0,0.0,0.0,0.0,0.0,1.0
-0.6412815144460209,-1.3306668636275063,-1.0163290295970715,-0.39138113233962235,-0.3741657386773941,-0.5319381536954396,-1.5860070939950561,-0.34980404399936865,-3.037280490210131,0.4792703472497234,1.3984117975602022,-0.38066618340099356,1.689695967849872,-0.6092076990801714,-0.6421755060191673,1.1816921749746827,-0.32914029430219166,0.9344728121351193,1.1983694668949685,1.9891007362952828,-0.3871122676704779,1.4142135623730951,1.4998823009069153,-1.0370574263585084,0.4289245401321734,0.23272550888006965,-1.2513658133071346,1.0,0.0,0.0,0.0,0.0,0.0,0.0,0.0,0.0,1.0,0.0
-0.9577629808736678,-0.35477380718348056,-0.2526452160415575,-0.39138113233962235,-0.3741657386773941,-0.5319381536954396,0.6305142037423428,2.858743394063806,-0.005514974864199148,-0.9860849673298904,1.3984117975602022,2.626973562678144,1.689695967849872,1.6414763002993509,-0.6421755060191673,1.1816921749746827,3.038218101251,0.9344728121351193,2.2103259056062754,-0.5027397465361703,-0.3871122676704779,1.4142135623730951,1.9013077164915326,-0.20901374148488883,-2.3314124197506847,-4.2969075663954355,-1.2513658133071346,1.0,0.0,0.0,0.0,0.0,0.0,0.0,0.0,0.0,1.0,0.0
0.769332773079536,0.07109011907139194,0.33517135355952427,-0.39138113233962235,-0.3741657386773941,-0.5319381536954396,0.6305142037423428,-0.34980404399936865,-0.10331386245600391,0.4792703472497234,1.3984117975602022,-0.38066618340099356,1.689695967849872,-0.6092076990801714,-0.6421755060191673,-0.8462440736915471,-0.32914029430219166,0.9344728121351193,-0.48822459762387616,-0.5027397465361703,-0.3871122676704779,1.4142135623730951,0.8937299233741431,-0.709490803278383,-2.3314124197506847,0.23272550888006965,-1.2513658133071346,1.0,0.0,0.0,0.0,0.0,0.0,0.0,0.0,0.0,0.0,1.0
-0.006628851341921942,-0.8631683877934783,-0.40827488634729137,-0.39138113233962235,-0.3741657386773941,-0.5319381536954396,0.6305142037423428,-0.34980404399936865,-1.4724982887412632,0.4792703472497234,1.3984117975602022,2.626973562678144,-0.5918224455920872,1.6414763002993509,1.557206699145191,1.1816921749746827,-0.32914029430219166,0.9344728121351193,1.1983694668949685,-0.5027397465361703,-0.3871122676704779,1.4142135623730951,1.2148702558418367,-0.9906645862081838,-2.3314124197506847,0.23272550888006965,-1.2513658133071346,1.0,0.0,0.0,0.0,0.0,0.0,0.0,0.0,0.0,0.0,1.0
0.12708691995657975,1.3772941005680615,-0.9042622701195644,-0.39138113233962235,2.6726124191242437,-0.5319381536954396,0.6305142037423428,-0.34980404399936865,-2.5482860522511097,1.9446256618293372,1.3984117975602022,-0.38066618340099356,1.689695967849872,1.6414763002993509,1.557206699145191,1.1816921749746827,-0.32914029430219166,-1.0701220913160239,0.5237318410874306,-0.5027397465361703,-0.3871122676704779,1.4142135623730951,0.5725895909064493,2.879219248029597,0.4289245401321734,0.23272550888006965,-1.2513658133071346,1.0,0.0,0.0,0.0,0.0,0.0,0.0,0.0,0.0,1.0,0.0
-0.5966155256832935,0.44471629445191185,-0.9735351803228831,-0.39138113233962235,-0.3741657386773941,-0.5319381536954396,-1.5860070939950561,2.858743394063806,-0.29891163763961254,0.4792703472497234,1.3984117975602022,-0.38066618340099356,-0.5918224455920872,-0.6092076990801714,-0.6421755060191673,1.1816921749746827,-0.32914029430219166,0.9344728121351193,1.1983694668949685,-0.5027397465361703,-0.3871122676704779,1.4142135623730951,0.287577545841371,0.9249775736083407,-2.3314124197506847,0.23272550888006965,-1.2513658133071346,1.0,0.0,0.0,0.0,0.0,0.0,0.0,0.0,0.0,0.0,1.0
-0.5333497585568455,0.5577855796181082,0.15398912624727495,-0.39138113233962235,2.6726124191242437,-0.5319381536954396,0.6305142037423428,-0.34980404399936865,0.09228391272760475,-0.9860849673298904,1.3984117975602022,2.626973562678144,-0.5918224455920872,1.6414763002993509,1.557206699145191,1.1816921749746827,-0.32914029430219166,-1.0701220913160239,0.5237318410874306,-0.5027397465361703,-0.3871122676704779,-0.7071067811865475,-0.14997615714586177,1.1398896722644167,-2.3314124197506847,0.23272550888006965,0.79912683354932,1.0,0.0,0.0,0.0,0.0,0.0,0.0,0.0,1.0,0.0,0.0
-0.2856423438531131,0.5158295612152456,0.39131995469853287,-0.39138113233962235,-0.3741657386773941,-0.5319381536954396,-1.5860070939950561,-0.34980404399936865,-0.983503850782242,-0.9860849673298904,1.3984117975602022,-0.38066618340099356,1.689695967849872,-0.6092076990801714,1.557206699145191,1.1816921749746827,-0.32914029430219166,-1.0701220913160239,0.5237318410874306,-0.5027397465361703,-0.3871122676704779,1.4142135623730951,0.9459152274001433,0.6855928933823232,0.4289245401321734,0.23272550888006965,-1.2513658133071346,1.0,0.0,0.0,0.0,0.0,0.0,0.0,0.0,1.0,0.0,0.0
1.7200255504116435,1.081273671010122,1.2460319695047382,-0.39138113233962235,-0.3741657386773941,-0.5319381536954396,0.6305142037423428,2.858743394063806,-1.86369383910848,0.4792703472497234,1.3984117975602022,-0.38066618340099356,1.689695967849872,1.6414763002993509,-0.6421755060191673,1.1816921749746827,3.038218101251,-1.0701220913160239,1.5356882797987377,-0.5027397465361703,2.5832299400318433,1.4142135623730951,0.9017584316858354,-0.22557325178154794,-2.3314124197506847,-4.2969075663954355,-1.2513658133071346,1.0,0.0,0.0,0.0,0.0,0.0,0.0,0.0,1.0,0.0,0.0
-0.009750874891764783,-0.34377778946170884,0.6556541934194244,-0.39138113233962235,-0.3741657386773941,-0.5319381536954396,0.6305142037423428,-0.34980404399936865,-1.2769005135576545,-0.9860849673298904,1.3984117975602022,-0.38066618340099356,-0.5918224455920872,1.6414763002993509,-0.6421755060191673,1.1816921749746827,-0.32914029430219166,0.9344728121351193,1.1983694668949685,-0.5027397465361703,-0.3871122676704779,1.4142135623730951,0.7893593153221427,-0.7046584987861271,-2.3314124197506847,0.23272550888006965,-1.2513658133071346,1.0,0.0,0.0,0.0,0.0,0.0,0.0,0.0,0.0,0.0,1.0
-0.3569073116789422,0.7474687890940936,0.32304031166126124,-0.39138113233962235,-0.3741657386773941,-0.5319381536954396,0.6305142037423428,-0.34980404399936865,-1.0813027383740463,-0.9860849673298904,1.3984117975602022,2.626973562678144,1.689695967849872,1.6414763002993509,-0.6421755060191673,-0.8462440736915471,-0.32914029430219166,0.9344728121351193,-0.48822459762387616,-0.5027397465361703,-0.3871122676704779,1.4142135623730951,0.7652737903870656,1.4236279415470812,-2.3314124197506847,0.23272550888006965,-1.2513658133071346,1.0,0.0,0.0,0.0,0.0,0.0,0.0,0.0,0.0,0.0,1.0
0.7153013121749574,-0.2405603117720556,0.2834038463908546,-0.39138113233962235,-0.3741657386773941,-0.5319381536954396,0.6305142037423428,-0.34980404399936865,-1.7658949515166757,0.4792703472497234,1.3984117975602022,2.626973562678144,1.689695967849872,1.6414763002993509,-0.6421755060191673,1.1816921749746827,-0.32914029430219166,0.9344728121351193,1.1983694668949685,-0.5027397465361703,-0.3871122676704779,-0.7071067811865475,0.6970314697376807,-0.8840922868171379,-2.3314124197506847,0.23272550888006965,-1.2513658133071346,1.0,0.0,0.0,0.0,0.0,0.0,0.0,0.0,0.0,1.0,0.0
0.09639060328149252,0.30727661975675735,-0.30957258389279557,-0.39138113233962235,2.6726124191242437,-0.5319381536954396,0.6305142037423428,-0.34980404399936865,-1.1791016259658502,0.4792703472497234,-0.7150969419341943,-0.38066618340099356,-0.5918224455920872,1.6414763002993509,1.557206699145191,1.1816921749746827,-0.32914029430219166,-1.0701220913160239,0.5237318410874306,-0.5027397465361703,2.5832299400318433,-0.7071067811865475,0.7010457238935267,-0.08330742232219175,0.4289245401321734,0.23272550888006965,-1.2513658133071346,1.0,0.0,0.0,0.0,0.0,0.0,0.0,0.0,0.0,1.0,0.0
0.14944554190503656,0.10063286222523242,0.8081817934916531,-0.39138113233962235,-0.3741657386773941,-0.5319381536954396,0.6305142037423428,-0.34980404399936865,-0.8857049631904377,-0.9860849673298904,1.3984117975602022,2.626973562678144,-0.5918224455920872,-0.6092076990801714,-0.6421755060191673,1.1816921749746827,-0.32914029430219166,0.9344728121351193,1.1983694668949685,-0.5027397465361703,-0.3871122676704779,-0.7071067811865475,0.7171027405169116,-0.3811228655940951,-2.3314124197506847,0.23272550888006965,-1.2513658133071346,1.0,0.0,0.0,0.0,0.0,0.0,0.0,0.0,0.0,0.0,1.0
0.24959413200736186,0.21767236213998928,0.9041351095667417,-0.39138113233962235,-0.3741657386773941,-0.5319381536954396,-1.5860070939950561,-0.34980404399936865,-1.9614927267002844,-0.9860849673298904,1.3984117975602022,2.626973562678144,-0.5918224455920872,-0.6092076990801714,1.557206699145191,1.1816921749746827,-0.32914029430219166,0.9344728121351193,1.1983694668949685,-0.5027397465361703,-0.3871122676704779,1.4142135623730951,0.4802617453219872,-0.3093046189872324,-2.3314124197506847,0.23272550888006965,-1.2513658133071346,1.0,0.0,0.0,0.0,0.0,0.0,0.0,0.0,0.0,1.0,0.0
-1.4611413060787284,-1.5115604640186693,-0.7349367739596402,-0.39138113233962235,-0.3741657386773941,-0.5319381536954396,0.6305142037423428,2.858743394063806,-2.254889389475697,-0.9860849673298904,1.3984117975602022,2.626973562678144,1.689695967849872,1.6414763002993509,-0.6421755060191673,1.1816921749746827,-0.32914029430219166,0.9344728121351193,1.1983694668949685,-0.5027397465361703,-0.3871122676704779,1.4142135623730951,0.39194815389337156,-0.9305964310942679,-2.3314124197506847,0.23272550888006965,-1.2513658133071346,1.0,0.0,0.0,0.0,0.0,0.0,0.0,0.0,1.0,0.0,0.0
-0.6164746135452862,0.6965039874612489,0.07434641259297095,-0.39138113233962235,-0.3741657386773941,-0.5319381536954396,0.6305142037423428,2.858743394063806,-1.2769005135576545,-0.9860849673298904,1.3984117975602022,2.626973562678144,1.689695967849872,-0.6092076990801714,-0.6421755060191673,1.1816921749746827,3.038218101251,0.9344728121351193,2.2103259056062754,-0.5027397465361703,-0.3871122676704779,1.4142135623730951,0.8857014150624507,1.7231593433166221,-2.3314124197506847,-4.2969075663954355,-1.2513658133071346,1.0,0.0,0.0,0.0,0.0,0.0,0.0,0.0,1.0,0.0,0.0
-0.20995806812403497,0.7436712092074221,0.463833778642798,-0.39138113233962235,-0.3741657386773941,-0.5319381536954396,0.6305142037423428,-0.34980404399936865,-0.005514974864199148,-0.9860849673298904,-0.7150969419341943,2.626973562678144,1.689695967849872,-0.6092076990801714,1.557206699145191,1.1816921749746827,3.038218101251,0.9344728121351193,2.2103259056062754,-0.5027397465361703,-0.3871122676704779,1.4142135623730951,0.8214733485689119,1.1711650758635974,0.4289245401321734,-4.2969075663954355,-1.2513658133071346,1.0,0.0,0.0,0.0,0.0,0.0,0.0,0.0,1.0,0.0,0.0
-0.13051085370059531,0.2956387760460295,0.539952909916326,-0.39138113233962235,-0.3741657386773941,-0.5319381536954396,0.6305142037423428,-0.34980404399936865,0.6790772382784298,-0.9860849673298904,1.3984117975602022,-0.38066618340099356,-0.5918224455920872,1.6414763002993509,1.557206699145191,1.1816921749746827,-0.32914029430219166,-1.0701220913160239,0.5237318410874306,-0.5027397465361703,-0.3871122676704779,1.4142135623730951,0.6970314697376807,0.08792894852892258,0.4289245401321734,0.23272550888006965,-1.2513658133071346,1.0,0.0,0.0,0.0,0.0,0.0,0.0,0.0,0.0,0.0,1.0
1.2447506182902748,0.6260157805887051,1.8576039978947252,-0.39138113233962235,-0.3741657386773941,-0.5319381536954396,0.6305142037423428,-0.34980404399936865,-0.49450941282322075,-0.9860849673298904,1.3984117975602022,-0.38066618340099356,1.689695967849872,-0.6092076990801714,1.557206699145191,1.1816921749746827,3.038218101251,0.9344728121351193,2.2103259056062754,-0.5027397465361703,-0.3871122676704779,1.4142135623730951,1.1305709185690673,-0.4524375721154235,0.4289245401321734,-4.2969075663954355,-1.2513658133071346,1.0,0.0,0.0,0.0,0.0,0.0,0.0,0.0,0.0,1.0,0.0
0.477282254857265,0.37443458437642363,0.055358176513841374,-0.39138113233962235,-0.3741657386773941,-0.5319381536954396,0.6305142037423428,-0.34980404399936865,-1.1791016259658502,0.4792703472497234,1.3984117975602022,-0.38066618340099356,1.689695967849872,-0.6092076990801714,-0.6421755060191673,1.1816921749746827,3.038218101251,0.9344728121351193,2.2103259056062754,-0.5027397465361703,-0.3871122676704779,-0.7071067811865475,0.8375303651922968,-0.2687703607550621,-2.3314124197506847,-4.2969075663954355,-1.2513658133071346,1.0,0.0,0.0,0.0,0.0,0.0,0.0,0.0,0.0,0.0,1.0
1.0310736978567008,0.8232999267435849,0.5859454079131201,-0.39138113233962235,2.6726124191242437,-0.5319381536954396,0.6305142037423428,-0.34980404399936865,-1.7658949515166757,0.4792703472497234,1.3984117975602022,2.626973562678144,-0.5918224455920872,-0.6092076990801714,1.557206699145191,1.1816921749746827,3.038218101251,0.9344728121351193,2.2103259056062754,-0.5027397465361703,-0.3871122676704779,1.4142135623730951,0.16313566701013962,-0.06837401145081635,-2.3314124197506847,-4.2969075663954355,-1.2513658133071346,1.0,0.0,0.0,0.0,0.0,0.0,0.0,0.0,0.0,1.0,0.0
0.27061569365265326,0.15599522571846677,-0.14264837697782412,-0.39138113233962235,2.6726124191242437,-0.5319381536954396,0.6305142037423428,-0.34980404399936865,-0.3967105252314164,0.4792703472497234,-0.7150969419341943,-0.38066618340099356,1.689695967849872,-0.6092076990801714,-0.6421755060191673,-0.8462440736915471,-0.32914029430219166,0.9344728121351193,-0.48822459762387616,-0.5027397465361703,-0.3871122676704779,-0.7071067811865475,1.2108560016859908,-0.39229434317225986,0.4289245401321734,0.23272550888006965,-1.2513658133071346,1.0,0.0,0.0,0.0,0.0,0.0,0.0,0.0,1.0,0.0,0.0
-0.8612293788235764,0.6731396005664892,-0.16015545437925946,-0.39138113233962235,2.6726124191242437,-0.5319381536954396,0.6305142037423428,2.858743394063806,-0.10331386245600391,-0.9860849673298904,1.3984117975602022,2.626973562678144,1.689695967849872,-0.6092076990801714,1.557206699145191,-0.8462440736915471,3.038218101251,-1.0701220913160239,-0.15090578472010727,-0.5027397465361703,-0.3871122676704779,-0.7071067811865475,1.0502858354521438,2.1325060132896816,-2.3314124197506847,0.23272550888006965,-1.2513658133071346,1.0,0.0,0.0,0.0,0.0,0.0,0.0,0.0,0.0,1.0,0.0
-1.4838485452332648,-1.4974254353394034,-1.8235738764675975,2.5550541847077235,-0.3741657386773941,-0.5319381536954396,0.6305142037423428,-0.34980404399936865,-1.2769005135576545,0.4792703472497234,-0.7150969419341943,2.626973562678144,-0.5918224455920872,-0.6092076990801714,-0.6421755060191673,1.1816921749746827,-0.32914029430219166,0.9344728121351193,1.1983694668949685,-0.5027397465361703,2.5832299400318433,-0.7071067811865475,0.6087178783090649,-0.9179908510188534,0.4289245401321734,0.23272550888006965,-1.2513658133071346,1.0,0.0,0.0,0.0,0.0,0.0,0.0,0.0,0.0,0.0,1.0
1.6237127422673383,0.6219095263606164,1.153754301421014,2.5550541847077235,2.6726124191242437,-0.5319381536954396,0.6305142037423428,2.858743394063806,-0.7879060755986333,0.4792703472497234,-0.7150969419341943,-0.38066618340099356,1.689695967849872,-0.6092076990801714,1.557206699145191,1.1816921749746827,-0.32914029430219166,0.9344728121351193,1.1983694668949685,-0.5027397465361703,-0.3871122676704779,-0.7071067811865475,1.2349415266210675,-0.6420064866817747,0.4289245401321734,0.23272550888006965,-1.2513658133071346,1.0,0.0,0.0,0.0,0.0,0.0,0.0,0.0,0.0,1.0,0.0
-0.44465993330204207,-0.9152618549787073,0.2389636908080291,-0.39138113233962235,-0.3741657386773941,-0.5319381536954396,0.6305142037423428,-0.34980404399936865,-1.86369383910848,-0.9860849673298904,1.3984117975602022,-0.38066618340099356,1.689695967849872,-0.6092076990801714,-0.6421755060191673,1.1816921749746827,-0.32914029430219166,0.9344728121351193,1.1983694668949685,-0.5027397465361703,-0.3871122676704779,-0.7071067811865475,0.6408319115558341,-0.9081247624254097,0.4289245401321734,0.23272550888006965,-1.2513658133071346,1.0,0.0,0.0,0.0,0.0,0.0,0.0,0.0,0.0,1.0,0.0
0.2147538754032499,0.2520441051575693,0.8707543285626772,2.5550541847077235,2.6726124191242437,-0.5319381536954396,0.6305142037423428,-0.34980404399936865,-0.8857049631904377,-0.9860849673298904,1.3984117975602022,-0.38066618340099356,-0.5918224455920872,-0.6092076990801714,-0.6421755060191673,1.1816921749746827,-0.32914029430219166,0.9344728121351193,1.1983694668949685,-0.5027397465361703,-0.3871122676704779,1.4142135623730951,0.500333016101218,-0.2442951963389653,-2.3314124197506847,0.23272550888006965,-1.2513658133071346,1.0,0.0,0.0,0.0,0.0,0.0,0.0,0.0,0.0,0.0,1.0
-1.3543914289984145,-2.2355367275782516,-0.6326587020866504,-0.39138113233962235,-0.3741657386773941,-0.5319381536954396,-1.5860070939950561,-0.34980404399936865,-2.352688277067501,-0.9860849673298904,1.3984117975602022,-0.38066618340099356,1.689695967849872,-0.6092076990801714,1.557206699145191,1.1816921749746827,3.038218101251,0.9344728121351193,2.2103259056062754,-0.5027397465361703,-0.3871122676704779,1.4142135623730951,1.7447518044135317,-1.1729328835685657,0.4289245401321734,-4.2969075663954355,-1.2513658133071346,1.0,0.0,0.0,0.0,0.0,0.0,0.0,0.0,0.0,0.0,1.0
1.3827302310072211,1.3386112428071086,0.922868193309815,-0.39138113233962235,-0.3741657386773941,-0.5319381536954396,0.6305142037423428,-0.34980404399936865,-1.7658949515166757,0.4792703472497234,1.3984117975602022,-0.38066618340099356,1.689695967849872,-0.6092076990801714,-0.6421755060191673,1.1816921749746827,3.038218101251,0.9344728121351193,2.2103259056062754,-0.5027397465361703,-0.3871122676704779,-0.7071067811865475,1.1827562225950674,0.5076526916316644,0.4289245401321734,-4.2969075663954355,-1.2513658133071346,1.0,0.0,0.0,0.0,0.0,0.0,0.0,0.0,0.0,0.0,1.0
1.443764567239033,1.0265937177659965,0.35723231240173275,-0.39138113233962235,2.6726124191242437,1.879917793173656,-1.5860070939950561,-0.34980404399936865,-0.10331386245600391,1.9446256618293372,1.3984117975602022,2.626973562678144,1.689695967849872,-0.6092076990801714,-0.6421755060191673,1.1816921749746827,-0.32914029430219166,0.9344728121351193,1.1983694668949685,-0.5027397465361703,-0.3871122676704779,-0.7071067811865475,1.3593834054522993,-0.09728909307483558,-2.3314124197506847,0.23272550888006965,-1.2513658133071346,1.0,0.0,0.0,0.0,0.0,0.0,0.0,0.0,0.0,1.0,0.0
-0.8494778573388945,-0.2778575762490289,-0.1488962099482517,-0.39138113233962235,-0.3741657386773941,-0.5319381536954396,0.6305142037423428,-0.34980404399936865,-1.3746994011494589,-0.9860849673298904,1.3984117975602022,-0.38066618340099356,-0.5918224455920872,-0.6092076990801714,1.557206699145191,1.1816921749746827,-0.32914029430219166,0.9344728121351193,1.1983694668949685,-0.5027397465361703,-0.3871122676704779,1.4142135623730951,0.3477913581790636,-0.18493189983551442,0.4289245401321734,0.23272550888006965,-1.2513658133071346,1.0,0.0,0.0,0.0,0.0,0.0,0.0,0.0,0.0,1.0,0.0
0.5079361404700079,0.5376165234508644,1.15165504337871,-0.39138113233962235,-0.3741657386773941,-0.5319381536954396,0.6305142037423428,-0.34980404399936865,-1.1791016259658502,-0.9860849673298904,1.3984117975602022,2.626973562678144,-0.5918224455920872,1.6414763002993509,-0.6421755060191673,-0.8462440736915471,-0.32914029430219166,0.9344728121351193,-0.48822459762387616,-0.5027397465361703,-0.3871122676704779,1.4142135623730951,0.9740150064910666,-0.07219448669137632,-2.3314124197506847,0.23272550888006965,-1.2513658133071346,1.0,0.0,0.0,0.0,0.0,0.0,0.0,0.0,0.0,1.0,0.0
1.8905792398827383,2.113198055077232,1.4094401857475911,-0.39138113233962235,-0.3741657386773941,-0.5319381536954396,0.6305142037423428,-0.34980404399936865,0.48347946309482204,0.4792703472497234,-0.7150969419341943,-0.38066618340099356,-0.5918224455920872,-0.6092076990801714,-0.6421755060191673,-0.8462440736915471,-0.32914029430219166,0.9344728121351193,-0.48822459762387616,-0.5027397465361703,-0.3871122676704779,-0.7071067811865475,0.2634920209062939,1.9423452046541692,0.4289245401321734,0.23272550888006965,-1.2513658133071346,0.0,1.0,0.0,0.0,0.0,0.0,0.0,0.0,0.0,0.0,1.0
-1.3199308369255525,0.1626779616307788,-0.5996416812786336,-0.39138113233962235,-0.3741657386773941,1.879917793173656,0.6305142037423428,-0.34980404399936865,0.7768761258702346,-0.9860849673298904,1.3984117975602022,-0.38066618340099356,-0.5918224455920872,-0.6092076990801714,-0.6421755060191673,1.1816921749746827,-0.32914029430219166,-1.0701220913160239,0.5237318410874306,-0.5027397465361703,-0.3871122676704779,-0.7071067811865475,0.4923045077895259,1.2284105478683178,0.4289245401321734,0.23272550888006965,-1.2513658133071346,0.0,1.0,0.0,0.0,0.0,0.0,0.0,0.0,0.0,1.0,0.0
0.017436875930604112,0.43970623319028684,-0.3852176711870645,-0.39138113233962235,2.6726124191242437,1.879917793173656,0.6305142037423428,-0.34980404399936865,1.3636694514210597,0.4792703472497234,-0.7150969419341943,-0.38066618340099356,-0.5918224455920872,-0.6092076990801714,-0.6421755060191673,-0.8462440736915471,-0.32914029430219166,0.9344728121351193,-0.48822459762387616,-0.5027397465361703,-0.3871122676704779,1.4142135623730951,-1.0812831213021739,0.19697011223467473,0.4289245401321734,0.23272550888006965,0.79912683354932,0.0,1.0,0.0,0.0,0.0,0.0,0.0,0.0,1.0,0.0,0.0
0.10630418656025167,0.5358998279543831,-0.30007443565720404,-0.39138113233962235,-0.3741657386773941,-0.5319381536954396,0.6305142037423428,-0.34980404399936865,0.38568057550301726,0.4792703472497234,-0.7150969419341943,-0.38066618340099356,-0.5918224455920872,-0.6092076990801714,-0.6421755060191673,1.1816921749746827,-0.32914029430219166,-1.0701220913160239,0.5237318410874306,-0.5027397465361703,-0.3871122676704779,-0.7071067811865475,-0.21018996948355434,0.2843654619012492,0.4289245401321734,0.23272550888006965,0.79912683354932,0.0,1.0,0.0,0.0,0.0,0.0,0.0,0.0,0.0,0.0,1.0
0.5964367819569535,-0.09182416402570943,1.236448349173315,-0.39138113233962235,-0.3741657386773941,-0.5319381536954396,0.6305142037423428,-0.34980404399936865,0.6790772382784298,-0.9860849673298904,-0.7150969419341943,-0.38066618340099356,-0.5918224455920872,-0.6092076990801714,-0.6421755060191673,-0.8462440736915471,-0.32914029430219166,-1.0701220913160239,-1.162862223431414,-0.5027397465361703,-0.3871122676704779,-0.7071067811865475,-0.3185748316914011,-0.7577683208325661,0.4289245401321734,0.23272550888006965,0.79912683354932,0.0,1.0,0.0,0.0,0.0,0.0,0.0,0.0,1.0,0.0,0.0
-0.8357594745478416,-1.7337345884586288,-0.13575249700487405,2.5550541847077235,-0.3741657386773941,-0.5319381536954396,-1.5860070939950561,-0.34980404399936865,1.0702727886456471,-0.9860849673298904,-0.7150969419341943,-0.38066618340099356,-0.5918224455920872,1.6414763002993509,1.557206699145191,1.1816921749746827,-0.32914029430219166,-1.0701220913160239,0.5237318410874306,-0.5027397465361703,-0.3871122676704779,-0.7071067811865475,-0.39885991480832456,-1.1246911938166213,0.4289245401321734,0.23272550888006965,0.79912683354932,0.0,1.0,0.0,0.0,0.0,0.0,0.0,0.0,0.0,0.0,1.0
-1.21584064784374,-2.01537240171116,-0.4999118817569627,-0.39138113233962235,-0.3741657386773941,1.879917793173656,-1.5860070939950561,-0.34980404399936865,-0.5923083004150251,-0.9860849673298904,1.3984117975602022,-0.38066618340099356,-0.5918224455920872,1.6414763002993509,-0.6421755060191673,-0.8462440736915471,-0.32914029430219166,0.9344728121351193,-0.48822459762387616,-0.5027397465361703,-0.3871122676704779,-0.7071067811865475,-0.2182184777952468,-1.1426884650829419,0.4289245401321734,0.23272550888006965,0.79912683354932,0.0,1.0,0.0,0.0,0.0,0.0,0.0,0.0,0.0,1.0,0.0
0.1875794082168195,0.7162463916389951,0.8447182132619273,2.5550541847077235,-0.3741657386773941,-0.5319381536954396,-1.5860070939950561,2.858743394063806,-0.005514974864199148,-0.9860849673298904,1.3984117975602022,-0.38066618340099356,-0.5918224455920872,-0.6092076990801714,-0.6421755060191673,1.1816921749746827,-0.32914029430219166,0.9344728121351193,1.1983694668949685,-0.5027397465361703,-0.3871122676704779,-0.7071067811865475,-0.22624698610693897,0.5600727389402619,0.4289245401321734,0.23272550888006965,0.79912683354932,0.0,1.0,0.0,0.0,0.0,0.0,0.0,0.0,1.0,0.0,0.0
-1.8713176204155064,-1.2459677866262229,-1.1279305993930147,-0.39138113233962235,-0.3741657386773941,-0.5319381536954396,-1.5860070939950561,-0.34980404399936865,-0.005514974864199148,-0.9860849673298904,-0.7150969419341943,-0.38066618340099356,-0.5918224455920872,-0.6092076990801714,1.557206699145191,-0.8462440736915471,-0.32914029430219166,0.9344728121351193,-0.48822459762387616,1.9891007362952828,-0.3871122676704779,-0.7071067811865475,-0.5594300810421715,-0.623357444210248,0.4289245401321734,0.23272550888006965,0.79912683354932,0.0,1.0,0.0,0.0,0.0,0.0,0.0,0.0,0.0,1.0,0.0
0.22239832734544168,-1.1043397763918055,-0.18884522679218357,-0.39138113233962235,-0.3741657386773941,-0.5319381536954396,-1.5860070939950561,-0.34980404399936865,-0.3967105252314164,0.4792703472497234,-0.7150969419341943,-0.38066618340099356,-0.5918224455920872,-0.6092076990801714,-0.6421755060191673,-0.8462440736915471,-0.32914029430219166,0.9344728121351193,-0.48822459762387616,1.9891007362952828,-0.3871122676704779,-0.7071067811865475,-0.06166256571724612,-1.1101129689246247,0.4289245401321734,0.23272550888006965,0.79912683354932,0.0,1.0,0.0,0.0,0.0,0.0,0.0,0.0,1.0,0.0,0.0
0.24221857273739703,1.3047651860348517,0.8970685161265506,2.5550541847077235,2.6726124191242437,1.879917793173656,0.6305142037423428,-0.34980404399936865,-0.10331386245600391,-0.9860849673298904,-0.7150969419341943,-0.38066618340099356,-0.5918224455920872,-0.6092076990801714,1.557206699145191,1.1816921749746827,-0.32914029430219166,0.9344728121351193,1.1983694668949685,-0.5027397465361703,-0.3871122676704779,-0.7071067811865475,-0.1580046654575542,2.2732189310322273,0.4289245401321734,0.23272550888006965,0.79912683354932,0.0,1.0,0.0,0.0,0.0,0.0,0.0,0.0,0.0,0.0,1.0
-2.2768274065856047,-0.6278684831030183,-1.516453379835209,-0.39138113233962235,-0.3741657386773941,-0.5319381536954396,0.6305142037423428,-0.34980404399936865,-0.690107188006829,-0.9860849673298904,-0.7150969419341943,-0.38066618340099356,-0.5918224455920872,-0.6092076990801714,-0.6421755060191673,-0.8462440736915471,3.038218101251,0.9344728121351193,0.5237318410874306,-0.5027397465361703,-0.3871122676704779,-0.7071067811865475,-0.2182184777952468,0.5368026198412176,0.4289245401321734,0.23272550888006965,0.79912683354932,0.0,1.0,0.0,0.0,0.0,0.0,0.0,0.0,0.0,0.0,1.0
0.2759144939398055,-0.9929067443605717,-0.13757161815984711,-0.39138113233962235,2.6726124191242437,1.879917793173656,0.6305142037423428,-0.34980404399936865,0.6790772382784298,0.4792703472497234,-0.7150969419341943,-0.38066618340099356,-0.5918224455920872,-0.6092076990801714,-0.6421755060191673,-0.8462440736915471,-0.32914029430219166,0.9344728121351193,-0.48822459762387616,-0.5027397465361703,-0.3871122676704779,1.4142135623730951,-0.20617571532770812,-1.0873310312226916,0.4289245401321734,0.23272550888006965,0.79912683354932,0.0,1.0,0.0,0.0,0.0,0.0,0.0,0.0,1.0,0.0,0.0
0.5377774680777163,0.6532515674820097,0.11331850377909906,-0.39138113233962235,-0.3741657386773941,-0.5319381536954396,0.6305142037423428,-0.34980404399936865,0.48347946309482204,0.4792703472497234,-0.7150969419341943,-0.38066618340099356,-0.5918224455920872,-0.6092076990801714,-0.6421755060191673,1.1816921749746827,-0.32914029430219166,0.9344728121351193,1.1983694668949685,-0.5027397465361703,2.5832299400318433,1.4142135623730951,-1.2779815749386363,0.08139791819486113,0.4289245401321734,0.23272550888006965,0.79912683354932,0.0,1.0,0.0,0.0,0.0,0.0,0.0,0.0,0.0,0.0,1.0
1.003607749458795,0.6676396792753563,-0.06447946805599976,-0.39138113233962235,-0.3741657386773941,-0.5319381536954396,0.6305142037423428,-0.34980404399936865,1.9504627769718856,1.9446256618293372,1.3984117975602022,-0.38066618340099356,-0.5918224455920872,-0.6092076990801714,1.557206699145191,-0.8462440736915471,-0.32914029430219166,0.9344728121351193,-0.48822459762387616,-0.5027397465361703,-0.3871122676704779,1.4142135623730951,-1.1575539502632513,-0.25835691364151936,-2.3314124197506847,0.23272550888006965,0.79912683354932,0.0,1.0,0.0,0.0,0.0,0.0,0.0,0.0,0.0,0.0,1.0
0.7281525836130593,0.17015281992502682,1.3626465106799197,-0.39138113233962235,-0.3741657386773941,1.879917793173656,-1.5860070939950561,-0.34980404399936865,0.48347946309482204,-0.9860849673298904,-0.7150969419341943,-0.38066618340099356,-0.5918224455920872,1.6414763002993509,-0.6421755060191673,1.1816921749746827,-0.32914029430219166,0.9344728121351193,1.1983694668949685,-0.5027397465361703,-0.3871122676704779,-0.7071067811865475,-0.8123280928604802,-0.6151998086377194,0.4289245401321734,0.23272550888006965,0.79912683354932,0.0,1.0,0.0,0.0,0.0,0.0,0.0,0.0,0.0,0.0,1.0
-0.09805179238011573,0.2290483643723684,-0.49586655142547525,-0.39138113233962235,-0.3741657386773941,1.879917793173656,0.6305142037423428,-0.34980404399936865,1.0702727886456471,0.4792703472497234,-0.7150969419341943,-0.38066618340099356,-0.5918224455920872,-0.6092076990801714,-0.6421755060191673,1.1816921749746827,-0.32914029430219166,0.9344728121351193,1.1983694668949685,-0.5027397465361703,-0.3871122676704779,1.4142135623730951,-0.7360572638994031,-0.04372614513661202,0.4289245401321734,0.23272550888006965,0.79912683354932,0.0,1.0,0.0,0.0,0.0,0.0,0.0,0.0,0.0,0.0,1.0
-0.9723001817618556,-0.23962712699057323,-0.2665734463865492,-0.39138113233962235,-0.3741657386773941,-0.5319381536954396,-1.5860070939950561,-0.34980404399936865,-0.3967105252314164,-0.9860849673298904,1.3984117975602022,-0.38066618340099356,-0.5918224455920872,-0.6092076990801714,-0.6421755060191673,1.1816921749746827,-0.32914029430219166,0.9344728121351193,1.1983694668949685,-0.5027397465361703,-0.3871122676704779,1.4142135623730951,-0.8002853303929418,-0.03723781043313703,0.4289245401321734,0.23272550888006965,0.79912683354932,0.0,1.0,0.0,0.0,0.0,0.0,0.0,0.0,0.0,0.0,1.0
-0.006288307846185036,0.03152173847868972,0.6589717118169998,-0.39138113233962235,-0.3741657386773941,-0.5319381536954396,0.6305142037423428,-0.34980404399936865,-0.690107188006829,-0.9860849673298904,1.3984117975602022,-0.38066618340099356,-0.5918224455920872,-0.6092076990801714,-0.6421755060191673,-0.8462440736915471,-0.32914029430219166,0.9344728121351193,-0.48822459762387616,-0.5027397465361703,-0.3871122676704779,-0.7071067811865475,-0.3466746107823243,-0.36428314394630634,0.4289245401321734,0.23272550888006965,0.79912683354932,0.0,1.0,0.0,0.0,0.0,0.0,0.0,0.0,0.0,0.0,1.0
1.3914074446525106,0.6861504746364411,0.9311818551502343,-0.39138113233962235,-0.3741657386773941,-0.5319381536954396,0.6305142037423428,-0.34980404399936865,1.2658705638292558,0.4792703472497234,-0.7150969419341943,-0.38066618340099356,-0.5918224455920872,1.6414763002993509,-0.6421755060191673,-0.8462440736915471,-0.32914029430219166,-1.0701220913160239,-1.162862223431414,-0.5027397465361703,-0.3871122676704779,-0.7071067811865475,-0.9287414633800194,-0.4718217470124582,0.4289245401321734,0.23272550888006965,0.79912683354932,0.0,1.0,0.0,0.0,0.0,0.0,0.0,0.0,1.0,0.0,0.0
0.7036399975173759,-0.765168415594232,0.2722311509267002,-0.39138113233962235,-0.3741657386773941,-0.5319381536954396,-1.5860070939950561,-0.34980404399936865,-0.2011127500478078,0.4792703472497234,-0.7150969419341943,-0.38066618340099356,-0.5918224455920872,-0.6092076990801714,1.557206699145191,-0.8462440736915471,-0.32914029430219166,0.9344728121351193,-0.48822459762387616,-0.5027397465361703,-0.3871122676704779,-0.7071067811865475,-1.2860100832503287,-1.0883793298345383,0.4289245401321734,0.23272550888006965,0.79912683354932,0.0,1.0,0.0,0.0,0.0,0.0,0.0,0.0,0.0,0.0,1.0
0.3865696134807126,-0.3026843695608011,-0.03155334898493104,-0.39138113233962235,-0.3741657386773941,-0.5319381536954396,0.6305142037423428,2.858743394063806,0.6790772382784298,0.4792703472497234,1.3984117975602022,-0.38066618340099356,-0.5918224455920872,-0.6092076990801714,-0.6421755060191673,-0.8462440736915471,-0.32914029430219166,0.9344728121351193,-0.48822459762387616,-0.5027397465361703,-0.3871122676704779,-0.7071067811865475,-1.2980528457178673,-0.819320858758705,0.4289245401321734,0.23272550888006965,0.79912683354932,0.0,1.0,0.0,0.0,0.0,0.0,0.0,0.0,0.0,0.0,1.0
-0.07685046604230036,-1.1375219477818668,-0.4755537202567116,-0.39138113233962235,2.6726124191242437,-0.5319381536954396,0.6305142037423428,2.858743394063806,0.19008280031940863,0.4792703472497234,-0.7150969419341943,-0.38066618340099356,-0.5918224455920872,-0.6092076990801714,-0.6421755060191673,-0.8462440736915471,-0.32914029430219166,-1.0701220913160239,-1.162862223431414,-0.5027397465361703,-0.3871122676704779,-0.7071067811865475,-0.17004742792509261,-1.073597604387321,0.4289245401321734,0.23272550888006965,0.79912683354932,0.0,1.0,0.0,0.0,0.0,0.0,0.0,0.0,0.0,0.0,1.0
1.1954213339665154,0.6908449623706308,0.743407113828734,-0.39138113233962235,-0.3741657386773941,1.879917793173656,0.6305142037423428,-0.34980404399936865,0.19008280031940863,0.4792703472497234,-0.7150969419341943,-0.38066618340099356,-0.5918224455920872,-0.6092076990801714,1.557206699145191,-0.8462440736915471,-0.32914029430219166,-1.0701220913160239,-1.162862223431414,-0.5027397465361703,2.5832299400318433,1.4142135623730951,-0.31054632337970867,-0.3540198869962705,0.4289245401321734,0.23272550888006965,0.79912683354932,0.0,1.0,0.0,0.0,0.0,0.0,0.0,0.0,0.0,1.0,0.0
-0.7351661958694694,0.6269274990979806,-0.03937312057837347,2.5550541847077235,-0.3741657386773941,-0.5319381536954396,0.6305142037423428,-0.34980404399936865,1.4614683390128644,-0.9860849673298904,-0.7150969419341943,-0.38066618340099356,-0.5918224455920872,-0.6092076990801714,-0.6421755060191673,-0.8462440736915471,-0.32914029430219166,0.9344728121351193,-0.48822459762387616,-0.5027397465361703,-0.3871122676704779,-0.7071067811865475,0.09087909220490861,1.7043632168087823,0.4289245401321734,0.23272550888006965,-1.2513658133071346,0.0,1.0,0.0,0.0,0.0,0.0,0.0,0.0,0.0,0.0,1.0
0.5497281052825003,0.03942680902102488,1.1916963220922179,-0.39138113233962235,-0.3741657386773941,-0.5319381536954396,0.6305142037423428,-0.34980404399936865,0.5812783506866259,-0.9860849673298904,1.3984117975602022,-0.38066618340099356,-0.5918224455920872,1.6414763002993509,-0.6421755060191673,-0.8462440736915471,-0.32914029430219166,-1.0701220913160239,-1.162862223431414,1.9891007362952828,-0.3871122676704779,-0.7071067811865475,-0.8243708553280188,-0.6431104002948208,0.4289245401321734,0.23272550888006965,0.79912683354932,0.0,1.0,0.0,0.0,0.0,0.0,0.0,0.0,0.0,0.0,1.0
0.4577568020771719,0.5887622071847827,1.1035777423170865,-0.39138113233962235,-0.3741657386773941,1.879917793173656,0.6305142037423428,-0.34980404399936865,0.38568057550301726,-0.9860849673298904,-0.7150969419341943,-0.38066618340099356,-0.5918224455920872,-0.6092076990801714,1.557206699145191,-0.8462440736915471,-0.32914029430219166,0.9344728121351193,-0.48822459762387616,-0.5027397465361703,2.5832299400318433,-0.7071067811865475,0.2996203083089094,0.0471937209506703,0.4289245401321734,0.23272550888006965,-1.2513658133071346,0.0,1.0,0.0,0.0,0.0,0.0,0.0,0.0,0.0,0.0,1.0
0.8664727067970015,-0.8877858826895564,0.4282411054564986,-0.39138113233962235,-0.3741657386773941,-0.5319381536954396,-1.5860070939950561,-0.34980404399936865,-0.49450941282322075,0.4792703472497234,1.3984117975602022,-0.38066618340099356,-0.5918224455920872,1.6414763002993509,-0.6421755060191673,-0.8462440736915471,-0.32914029430219166,-1.0701220913160239,-1.162862223431414,-0.5027397465361703,-0.3871122676704779,-0.7071067811865475,-0.6758434515617104,-1.1423150330668475,0.4289245401321734,0.23272550888006965,0.79912683354932,0.0,1.0,0.0,0.0,0.0,0.0,0.0,0.0,0.0,0.0,1.0
1.8844573238094173,0.8464983073806044,2.4705130727735214,-0.39138113233962235,2.6726124191242437,-0.5319381536954396,0.6305142037423428,-0.34980404399936865,-0.49450941282322075,-0.9860849673298904,1.3984117975602022,-0.38066618340099356,-0.5918224455920872,-0.6092076990801714,-0.6421755060191673,-0.8462440736915471,-0.32914029430219166,0.9344728121351193,-0.48822459762387616,-0.5027397465361703,-0.3871122676704779,-0.7071067811865475,0.3036345624647557,-0.5717448857895348,-2.3314124197506847,0.23272550888006965,-1.2513658133071346,0.0,1.0,0.0,0.0,0.0,0.0,0.0,0.0,1.0,0.0,0.0
-1.299592495315434,-2.33410174731834,-0.5801553228689458,-0.39138113233962235,-0.3741657386773941,1.879917793173656,0.6305142037423428,-0.34980404399936865,1.3636694514210597,-0.9860849673298904,-0.7150969419341943,-0.38066618340099356,-0.5918224455920872,-0.6092076990801714,-0.6421755060191673,1.1816921749746827,-0.32914029430219166,0.9344728121351193,1.1983694668949685,-0.5027397465361703,-0.3871122676704779,-0.7071067811865475,-0.28244654428878563,-1.195721743590823,0.4289245401321734,0.23272550888006965,0.79912683354932,0.0,1.0,0.0,0.0,0.0,0.0,0.0,0.0,0.0,0.0,1.0
0.7283600617251402,-0.7412895011586357,1.3628452974311542,-0.39138113233962235,-0.3741657386773941,-0.5319381536954396,0.6305142037423428,-0.34980404399936865,0.09228391272760475,-0.9860849673298904,-0.7150969419341943,-0.38066618340099356,-0.5918224455920872,1.6414763002993509,-0.6421755060191673,-0.8462440736915471,-0.32914029430219166,0.9344728121351193,-0.48822459762387616,-0.5027397465361703,-0.3871122676704779,1.4142135623730951,-0.43097394805509387,-1.0853323264141728,0.4289245401321734,0.23272550888006965,0.79912683354932,0.0,1.0,0.0,0.0,0.0,0.0,0.0,0.0,0.0,0.0,1.0
-0.10058520834997814,-0.19076391810945445,-0.49829379787601036,-0.39138113233962235,-0.3741657386773941,-0.5319381536954396,0.6305142037423428,-0.34980404399936865,0.7768761258702346,0.4792703472497234,-0.7150969419341943,-0.38066618340099356,-0.5918224455920872,-0.6092076990801714,-0.6421755060191673,1.1816921749746827,-0.32914029430219166,0.9344728121351193,1.1983694668949685,-0.5027397465361703,-0.3871122676704779,1.4142135623730951,-0.6597864349383258,-0.5385807127380128,0.4289245401321734,0.23272550888006965,0.79912683354932,0.0,1.0,0.0,0.0,0.0,0.0,0.0,0.0,0.0,0.0,1.0
0.6390339973655486,1.309654417538626,1.2772611461367407,-0.39138113233962235,2.6726124191242437,-0.5319381536954396,0.6305142037423428,-0.34980404399936865,-0.7879060755986333,-0.9860849673298904,1.3984117975602022,-0.38066618340099356,-0.5918224455920872,-0.6092076990801714,1.557206699145191,1.1816921749746827,-0.32914029430219166,-1.0701220913160239,0.5237318410874306,1.9891007362952828,-0.3871122676704779,-0.7071067811865475,0.02263677155552356,1.4985950029343016,-2.3314124197506847,0.23272550888006965,0.79912683354932,0.0,1.0,0.0,0.0,0.0,0.0,0.0,0.0,1.0,0.0,0.0
-0.36975767564398593,-0.15737310478280464,-1.3802764453489458,-0.39138113233962235,-0.3741657386773941,-0.5319381536954396,0.6305142037423428,-0.34980404399936865,0.9724739010538432,1.9446256618293372,1.3984117975602022,-0.38066618340099356,-0.5918224455920872,-0.6092076990801714,1.557206699145191,1.1816921749746827,-0.32914029430219166,-1.0701220913160239,0.5237318410874306,-0.5027397465361703,2.5832299400318433,-0.7071067811865475,-0.6597864349383258,-0.3555425533196126,0.4289245401321734,0.23272550888006965,0.79912683354932,0.0,1.0,0.0,0.0,0.0,0.0,0.0,0.0,0.0,1.0,0.0
-0.5561351233355665,-0.11622351653988139,0.13215825168114329,-0.39138113233962235,-0.3741657386773941,-0.5319381536954396,0.6305142037423428,-0.34980404399936865,0.6790772382784298,-0.9860849673298904,-0.7150969419341943,-0.38066618340099356,1.689695967849872,-0.6092076990801714,-0.6421755060191673,-0.8462440736915471,-0.32914029430219166,0.9344728121351193,-0.48822459762387616,-0.5027397465361703,-0.3871122676704779,1.4142135623730951,-1.1254399170164817,-0.18104428696307165,0.4289245401321734,0.23272550888006965,0.79912683354932,0.0,1.0,0.0,0.0,0.0,0.0,0.0,0.0,0.0,1.0,0.0
-0.6635527633558087,-1.6417481455048286,-1.6617512205970448,-0.39138113233962235,-0.3741657386773941,-0.5319381536954396,-1.5860070939950561,-0.34980404399936865,0.48347946309482204,1.9446256618293372,1.3984117975602022,-0.38066618340099356,-0.5918224455920872,-0.6092076990801714,-0.6421755060191673,1.1816921749746827,-0.32914029430219166,0.9344728121351193,1.1983694668949685,-0.5027397465361703,-0.3871122676704779,-0.7071067811865475,-1.1816394751983283,-1.1249653957815184,-2.3314124197506847,0.23272550888006965,0.79912683354932,0.0,1.0,0.0,0.0,0.0,0.0,0.0,0.0,0.0,0.0,1.0
-0.05513683620228961,0.5486041751276085,0.612169472500728,-0.39138113233962235,-0.3741657386773941,-0.5319381536954396,-1.5860070939950561,-0.34980404399936865,1.2658705638292558,-0.9860849673298904,1.3984117975602022,-0.38066618340099356,1.689695967849872,-0.6092076990801714,-0.6421755060191673,1.1816921749746827,-0.32914029430219166,0.9344728121351193,1.1983694668949685,-0.5027397465361703,-0.3871122676704779,-0.7071067811865475,-0.2663895276654007,0.48238716868019016,-2.3314124197506847,0.23272550888006965,0.79912683354932,0.0,1.0,0.0,0.0,0.0,0.0,0.0,0.0,0.0,0.0,1.0
-1.2843410922484764,0.3137925489462392,-0.5655428086280849,2.5550541847077235,-0.3741657386773941,-0.5319381536954396,0.6305142037423428,-0.34980404399936865,0.19008280031940863,-0.9860849673298904,1.3984117975602022,-0.38066618340099356,-0.5918224455920872,-0.6092076990801714,-0.6421755060191673,-0.8462440736915471,-0.32914029430219166,-1.0701220913160239,-1.162862223431414,-0.5027397465361703,-0.3871122676704779,-0.7071067811865475,0.39194815389337156,1.6489313366527953,-2.3314124197506847,0.23272550888006965,-1.2513658133071346,0.0,1.0,0.0,0.0,0.0,0.0,0.0,0.0,0.0,1.0,0.0
2.03680380487528,0.720742483488363,1.5495386363178847,-0.39138113233962235,-0.3741657386773941,-0.5319381536954396,0.6305142037423428,-0.34980404399936865,0.9724739010538432,0.4792703472497234,-0.7150969419341943,-0.38066618340099356,-0.5918224455920872,1.6414763002993509,-0.6421755060191673,-0.8462440736915471,-0.32914029430219166,-1.0701220913160239,-1.162862223431414,-0.5027397465361703,-0.3871122676704779,-0.7071067811865475,-0.711971738964326,-0.7351260149471363,0.4289245401321734,0.23272550888006965,0.79912683354932,0.0,1.0,0.0,0.0,0.0,0.0,0.0,0.0,0.0,1.0,0.0
-0.23066206169984854,0.6101267493732423,-0.6229193408166515,-0.39138113233962235,-0.3741657386773941,-0.5319381536954396,-1.5860070939950561,-0.34980404399936865,-0.49450941282322075,0.4792703472497234,1.3984117975602022,-0.38066618340099356,-0.5918224455920872,-0.6092076990801714,1.557206699145191,1.1816921749746827,3.038218101251,-1.0701220913160239,1.5356882797987377,-0.5027397465361703,-0.3871122676704779,-0.7071067811865475,-1.1615682044190974,0.8416401786403865,0.4289245401321734,-4.2969075663954355,0.79912683354932,0.0,1.0,0.0,0.0,0.0,0.0,0.0,0.0,0.0,0.0,1.0
-0.5930532384021833,0.34296294828538926,0.09678665473440481,-0.39138113233962235,-0.3741657386773941,1.879917793173656,0.6305142037423428,-0.34980404399936865,0.48347946309482204,-0.9860849673298904,-0.7150969419341943,-0.38066618340099356,1.689695967849872,1.6414763002993509,-0.6421755060191673,-0.8462440736915471,-0.32914029430219166,-1.0701220913160239,-1.162862223431414,-0.5027397465361703,-0.3871122676704779,-0.7071067811865475,-0.3828028981849398,0.6704406723567284,0.4289245401321734,0.23272550888006965,0.79912683354932,0.0,1.0,0.0,0.0,0.0,0.0,0.0,0.0,0.0,0.0,1.0
-1.8371091507084727,-0.954172183661818,-1.095155139420085,-0.39138113233962235,-0.3741657386773941,-0.5319381536954396,0.6305142037423428,-0.34980404399936865,-0.3967105252314164,-0.9860849673298904,1.3984117975602022,-0.38066618340099356,-0.5918224455920872,-0.6092076990801714,-0.6421755060191673,-0.8462440736915471,-0.32914029430219166,-1.0701220913160239,-1.162862223431414,-0.5027397465361703,-0.3871122676704779,-0.7071067811865475,-1.2619245583152516,-0.35889679829698695,0.4289245401321734,0.23272550888006965,0.79912683354932,0.0,1.0,0.0,0.0,0.0,0.0,0.0,0.0,0.0,1.0,0.0
0.7767102415826233,0.18709904474289124,0.34223970270450854,-0.39138113233962235,-0.3741657386773941,-0.5319381536954396,0.6305142037423428,2.858743394063806,0.48347946309482204,0.4792703472497234,-0.7150969419341943,-0.38066618340099356,1.689695967849872,-0.6092076990801714,-0.6421755060191673,-0.8462440736915471,3.038218101251,0.9344728121351193,0.5237318410874306,1.9891007362952828,-0.3871122676704779,1.4142135623730951,-1.1214256628606356,-0.6229232090434945,0.4289245401321734,0.23272550888006965,0.79912683354932,0.0,1.0,0.0,0.0,0.0,0.0,0.0,0.0,0.0,0.0,1.0
0.9204694002239372,0.15368346643993047,0.4799753512001377,-0.39138113233962235,-0.3741657386773941,-0.5319381536954396,-1.5860070939950561,2.858743394063806,0.19008280031940863,0.4792703472497234,-0.7150969419341943,-0.38066618340099356,-0.5918224455920872,-0.6092076990801714,-0.6421755060191673,-0.8462440736915471,-0.32914029430219166,0.9344728121351193,-0.48822459762387616,-0.5027397465361703,-0.3871122676704779,1.4142135623730951,-1.2177677626009438,-0.7088973250770244,0.4289245401321734,0.23272550888006965,0.79912683354932,0.0,1.0,0.0,0.0,0.0,0.0,0.0,0.0,1.0,0.0,0.0
-0.29690383120131286,-1.9014537453367748,0.38053021663139325,-0.39138113233962235,-0.3741657386773941,-0.5319381536954396,0.6305142037423428,-0.34980404399936865,-0.005514974864199148,-0.9860849673298904,1.3984117975602022,-0.38066618340099356,1.689695967849872,1.6414763002993509,-0.6421755060191673,-0.8462440736915471,-0.32914029430219166,0.9344728121351193,-0.48822459762387616,-0.5027397465361703,-0.3871122676704779,1.4142135623730951,-0.8685276510423268,-1.2126318453447258,0.4289245401321734,0.23272550888006965,0.79912683354932,0.0,1.0,0.0,0.0,0.0,0.0,0.0,0.0,0.0,1.0,0.0
0.6093311968707023,1.0058264676734072,1.2488026106617502,-0.39138113233962235,-0.3741657386773941,-0.5319381536954396,0.6305142037423428,-0.34980404399936865,0.2878816879112134,-0.9860849673298904,-0.7150969419341943,-0.38066618340099356,-0.5918224455920872,-0.6092076990801714,1.557206699145191,-0.8462440736915471,-0.32914029430219166,0.9344728121351193,-0.48822459762387616,-0.5027397465361703,-0.3871122676704779,-0.7071067811865475,-0.033562786626322796,0.6989794740212621,0.4289245401321734,0.23272550888006965,0.79912683354932,0.0,1.0,0.0,0.0,0.0,0.0,0.0,0.0,0.0,0.0,1.0
0.5972902250312199,0.6236440474863887,1.2372660410946241,-0.39138113233962235,-0.3741657386773941,1.879917793173656,-1.5860070939950561,-0.34980404399936865,-0.690107188006829,-0.9860849673298904,-0.7150969419341943,-0.38066618340099356,-0.5918224455920872,1.6414763002993509,-0.6421755060191673,1.1816921749746827,-0.32914029430219166,-1.0701220913160239,0.5237318410874306,-0.5027397465361703,-0.3871122676704779,-0.7071067811865475,-0.30653206922386256,-0.01608250508373225,0.4289245401321734,0.23272550888006965,0.79912683354932,0.0,1.0,0.0,0.0,0.0,0.0,0.0,0.0,1.0,0.0,0.0
-1.4746093900491197,0.09223832740764042,-0.7478406732238874,2.5550541847077235,-0.3741657386773941,-0.5319381536954396,-1.5860070939950561,-0.34980404399936865,1.0702727886456471,-0.9860849673298904,-0.7150969419341943,-0.38066618340099356,-0.5918224455920872,1.6414763002993509,1.557206699145191,1.1816921749746827,-0.32914029430219166,0.9344728121351193,1.1983694668949685,-0.5027397465361703,-0.3871122676704779,-0.7071067811865475,-0.4510452188343247,1.2678545916629742,0.4289245401321734,0.23272550888006965,0.79912683354932,0.0,1.0,0.0,0.0,0.0,0.0,0.0,0.0,0.0,1.0,0.0
-1.089755833227888,-0.5334067558542326,-0.3791088224553531,-0.39138113233962235,-0.3741657386773941,1.879917793173656,-1.5860070939950561,-0.34980404399936865,0.19008280031940863,-0.9860849673298904,-0.7150969419341943,-0.38066618340099356,-0.5918224455920872,-0.6092076990801714,-0.6421755060191673,-0.8462440736915471,-0.32914029430219166,0.9344728121351193,-0.48822459762387616,1.9891007362952828,-0.3871122676704779,-0.7071067811865475,-0.005463007535399475,-0.3401465229538759,0.4289245401321734,0.23272550888006965,0.79912683354932,0.0,1.0,0.0,0.0,0.0,0.0,0.0,0.0,1.0,0.0,0.0
-1.8657528506952537,-1.291636939291744,-1.1225989406316985,-0.39138113233962235,-0.3741657386773941,-0.5319381536954396,-1.5860070939950561,-0.34980404399936865,0.2878816879112134,-0.9860849673298904,-0.7150969419341943,2.626973562678144,1.689695967849872,-0.6092076990801714,1.557206699145191,-0.8462440736915471,3.038218101251,-1.0701220913160239,-0.15090578472010727,-0.5027397465361703,-0.3871122676704779,-0.7071067811865475,0.4802617453219872,-0.6623446715255892,0.4289245401321734,0.23272550888006965,-1.2513658133071346,0.0,1.0,0.0,0.0,0.0,0.0,0.0,0.0,0.0,0.0,1.0
0.4717203227196092,0.7053352387318164,0.05002930323938393,-0.39138113233962235,-0.3741657386773941,-0.5319381536954396,0.6305142037423428,2.858743394063806,-0.690107188006829,0.4792703472497234,-0.7150969419341943,-0.38066618340099356,1.689695967849872,-0.6092076990801714,-0.6421755060191673,1.1816921749746827,-0.32914029430219166,0.9344728121351193,1.1983694668949685,-0.5027397465361703,-0.3871122676704779,1.4142135623730951,-1.22178201675679,0.23239218849844973,0.4289245401321734,0.23272550888006965,0.79912683354932,0.0,1.0,0.0,0.0,0.0,0.0,0.0,0.0,1.0,0.0,0.0
-1.2682941220400086,0.4366583343123505,-0.5501680539471911,-0.39138113233962235,2.6726124191242437,-0.5319381536954396,0.6305142037423428,-0.34980404399936865,-0.5923083004150251,-0.9860849673298904,1.3984117975602022,-0.38066618340099356,1.689695967849872,-0.6092076990801714,1.557206699145191,-0.8462440736915471,-0.32914029430219166,-1.0701220913160239,-1.162862223431414,-0.5027397465361703,-0.3871122676704779,-0.7071067811865475,0.03066527986721602,2.0683376606656423,0.4289245401321734,0.23272550888006965,-1.2513658133071346,0.0,1.0,0.0,0.0,0.0,0.0,0.0,0.0,0.0,1.0,0.0
1.1231173560467975,0.7098031029501787,1.7410660132324576,-0.39138113233962235,-0.3741657386773941,-0.5319381536954396,0.6305142037423428,-0.34980404399936865,1.168071676237451,-0.9860849673298904,-0.7150969419341943,-0.38066618340099356,-0.5918224455920872,-0.6092076990801714,1.557206699145191,-0.8462440736915471,-0.32914029430219166,-1.0701220913160239,-1.162862223431414,1.9891007362952828,-0.3871122676704779,-0.7071067811865475,-1.1174114087047895,-0.28596831504935794,0.4289245401321734,0.23272550888006965,0.79912683354932,0.0,1.0,0.0,0.0,0.0,0.0,0.0,0.0,0.0,1.0,0.0
-0.8057375968767013,-0.8353432824701724,-0.10698825065449347,-0.39138113233962235,-0.3741657386773941,-0.5319381536954396,-1.5860070939950561,2.858743394063806,0.5812783506866259,-0.9860849673298904,1.3984117975602022,-0.38066618340099356,1.689695967849872,-0.6092076990801714,-0.6421755060191673,1.1816921749746827,-0.32914029430219166,-1.0701220913160239,0.5237318410874306,-0.5027397465361703,-0.3871122676704779,1.4142135623730951,-0.4430167105226324,-0.7476119787194306,0.4289245401321734,0.23272550888006965,0.79912683354932,0.0,1.0,0.0,0.0,0.0,0.0,0.0,0.0,0.0,0.0,1.0
-0.2394279027902457,0.6181477756022462,-0.6313178128146022,2.5550541847077235,2.6726124191242437,-0.5319381536954396,0.6305142037423428,-0.34980404399936865,0.48347946309482204,0.4792703472497234,1.3984117975602022,-0.38066618340099356,1.689695967849872,1.6414763002993509,1.557206699145191,-0.8462440736915471,-0.32914029430219166,-1.0701220913160239,-1.162862223431414,-0.5027397465361703,-0.3871122676704779,-0.7071067811865475,-0.1901186987043235,0.8738940813476347,0.4289245401321734,0.23272550888006965,0.79912683354932,0.0,1.0,0.0,0.0,0.0,0.0,0.0,0.0,0.0,1.0,0.0
0.6217425916115294,0.74605912505515,1.260694085931472,-0.39138113233962235,-0.3741657386773941,-0.5319381536954396,0.6305142037423428,-0.34980404399936865,0.48347946309482204,-0.9860849673298904,-0.7150969419341943,-0.38066618340099356,-0.5918224455920872,-0.6092076990801714,1.557206699145191,1.1816921749746827,-0.32914029430219166,-1.0701220913160239,0.5237318410874306,-0.5027397465361703,-0.3871122676704779,-0.7071067811865475,-0.9447984800034039,0.16094839301349056,0.4289245401321734,0.23272550888006965,0.79912683354932,0.0,1.0,0.0,0.0,0.0,0.0,0.0,0.0,0.0,1.0,0.0
-1.3103634149624082,-1.6176001768156931,-0.5904750433587651,-0.39138113233962235,-0.3741657386773941,-0.5319381536954396,0.6305142037423428,-0.34980404399936865,-0.29891163763961254,-0.9860849673298904,-0.7150969419341943,-0.38066618340099356,-0.5918224455920872,-0.6092076990801714,-0.6421755060191673,1.1816921749746827,-0.32914029430219166,0.9344728121351193,1.1983694668949685,-0.5027397465361703,-0.3871122676704779,1.4142135623730951,-0.26237527350955475,-1.0098918912842867,0.4289245401321734,0.23272550888006965,0.79912683354932,0.0,1.0,0.0,0.0,0.0,0.0,0.0,0.0,1.0,0.0,0.0
-0.46999185632623686,0.08543565645775934,0.21469293458223634,-0.39138113233962235,-0.3741657386773941,-0.5319381536954396,-1.5860070939950561,-0.34980404399936865,0.19008280031940863,-0.9860849673298904,1.3984117975602022,-0.38066618340099356,-0.5918224455920872,1.6414763002993509,1.557206699145191,-0.8462440736915471,-0.32914029430219166,0.9344728121351193,-0.48822459762387616,-0.5027397465361703,-0.3871122676704779,-0.7071067811865475,-0.4992162687044789,0.045056260266948756,0.4289245401321734,0.23272550888006965,0.79912683354932,0.0,1.0,0.0,0.0,0.0,0.0,0.0,0.0,0.0,1.0,0.0
-0.6900330538128714,-0.3454798738829274,0.003869371810124708,-0.39138113233962235,-0.3741657386773941,-0.5319381536954396,-1.5860070939950561,-0.34980404399936865,0.48347946309482204,-0.9860849673298904,-0.7150969419341943,-0.38066618340099356,-0.5918224455920872,-0.6092076990801714,-0.6421755060191673,1.1816921749746827,-0.32914029430219166,-1.0701220913160239,0.5237318410874306,1.9891007362952828,-0.3871122676704779,-0.7071067811865475,-1.542922349224484,-0.37217441925221967,0.4289245401321734,0.23272550888006965,0.79912683354932,0.0,1.0,0.0,0.0,0.0,0.0,0.0,0.0,1.0,0.0,0.0
0.7822701874095722,1.3116301611541952,-0.2765409910093726,-0.39138113233962235,-0.3741657386773941,-0.5319381536954396,0.6305142037423428,-0.34980404399936865,-0.5923083004150251,1.9446256618293372,1.3984117975602022,-0.38066618340099356,-0.5918224455920872,-0.6092076990801714,-0.6421755060191673,-0.8462440736915471,-0.32914029430219166,0.9344728121351193,-0.48822459762387616,-0.5027397465361703,-0.3871122676704779,-0.7071067811865475,0.684988707270142,1.2624678737962063,-2.3314124197506847,0.23272550888006965,-1.2513658133071346,0.0,1.0,0.0,0.0,0.0,0.0,0.0,0.0,0.0,1.0,0.0
-0.4630861199352663,-0.8353987122608404,0.22130938625646368,2.5550541847077235,-0.3741657386773941,-0.5319381536954396,0.6305142037423428,-0.34980404399936865,-0.5923083004150251,-0.9860849673298904,1.3984117975602022,-0.38066618340099356,-0.5918224455920872,-0.6092076990801714,-0.6421755060191673,-0.8462440736915471,-0.32914029430219166,0.9344728121351193,-0.48822459762387616,1.9891007362952828,-0.3871122676704779,-0.7071067811865475,-0.7922568220812494,-0.8612134689030951,-2.3314124197506847,0.23272550888006965,0.79912683354932,0.0,1.0,0.0,0.0,0.0,0.0,0.0,0.0,0.0,1.0,0.0
0.5502294055972606,-0.7940335130568471,0.12524868031144024,-0.39138113233962235,-0.3741657386773941,-0.5319381536954396,0.6305142037423428,-0.34980404399936865,-0.8857049631904377,0.4792703472497234,-0.7150969419341943,-0.38066618340099356,-0.5918224455920872,-0.6092076990801714,-0.6421755060191673,-0.8462440736915471,-0.32914029430219166,0.9344728121351193,-0.48822459762387616,-0.5027397465361703,-0.3871122676704779,-0.7071067811865475,-0.42695969389924776,-1.072281988714273,0.4289245401321734,0.23272550888006965,0.79912683354932,0.0,1.0,0.0,0.0,0.0,0.0,0.0,0.0,0.0,0.0,1.0
-0.04794306729133142,-0.3353221958694107,0.6190618908700635,-0.39138113233962235,-0.3741657386773941,-0.5319381536954396,-1.5860070939950561,-0.34980404399936865,-0.49450941282322075,-0.9860849673298904,-0.7150969419341943,-0.38066618340099356,-0.5918224455920872,1.6414763002993509,-0.6421755060191673,-0.8462440736915471,-0.32914029430219166,0.9344728121351193,-0.48822459762387616,-0.5027397465361703,-0.3871122676704779,1.4142135623730951,-0.8042995845487879,-0.683050892155482,0.4289245401321734,0.23272550888006965,0.79912683354932,0.0,1.0,0.0,0.0,0.0,0.0,0.0,0.0,0.0,0.0,1.0
0.22617570720124658,0.4667178426853165,0.8816976941712183,-0.39138113233962235,-0.3741657386773941,1.879917793173656,0.6305142037423428,-0.34980404399936865,0.8746750134620385,-0.9860849673298904,-0.7150969419341943,-0.38066618340099356,-0.5918224455920872,-0.6092076990801714,1.557206699145191,-0.8462440736915471,-0.32914029430219166,-1.0701220913160239,-1.162862223431414,-0.5027397465361703,-0.3871122676704779,-0.7071067811865475,-0.26237527350955475,0.052403542556704805,0.4289245401321734,0.23272550888006965,0.79912683354932,0.0,1.0,0.0,0.0,0.0,0.0,0.0,0.0,0.0,1.0,0.0
-0.15402132934892504,-1.601135331565165,0.5174272997339469,-0.39138113233962235,-0.3741657386773941,-0.5319381536954396,0.6305142037423428,-0.34980404399936865,-0.10331386245600391,-0.9860849673298904,1.3984117975602022,-0.38066618340099356,-0.5918224455920872,1.6414763002993509,-0.6421755060191673,1.1816921749746827,-0.32914029430219166,-1.0701220913160239,0.5237318410874306,-0.5027397465361703,-0.3871122676704779,-0.7071067811865475,-0.5353445561070944,-1.175651998830566,0.4289245401321734,0.23272550888006965,0.79912683354932,0.0,1.0,0.0,0.0,0.0,0.0,0.0,0.0,1.0,0.0,0.0
-1.0305729892058924,0.3220487354380866,-0.3224051770733959,-0.39138113233962235,-0.3741657386773941,-0.5319381536954396,0.6305142037423428,-0.34980404399936865,0.7768761258702346,-0.9860849673298904,-0.7150969419341943,-0.38066618340099356,1.689695967849872,-0.6092076990801714,-0.6421755060191673,1.1816921749746827,-0.32914029430219166,-1.0701220913160239,0.5237318410874306,-0.5027397465361703,-0.3871122676704779,-0.7071067811865475,-1.0170550548086352,1.2367055912747833,0.4289245401321734,0.23272550888006965,0.79912683354932,0.0,1.0,0.0,0.0,0.0,0.0,0.0,0.0,1.0,0.0,0.0
-1.0988234603933673,0.47685055564343365,-0.38779660222910034,-0.39138113233962235,-0.3741657386773941,-0.5319381536954396,-1.5860070939950561,-0.34980404399936865,-1.0813027383740463,-0.9860849673298904,-0.7150969419341943,-0.38066618340099356,-0.5918224455920872,-0.6092076990801714,-0.6421755060191673,1.1816921749746827,-0.32914029430219166,0.9344728121351193,1.1983694668949685,1.9891007362952828,-0.3871122676704779,-0.7071067811865475,-0.02553427831463034,1.872313448752821,0.4289245401321734,0.23272550888006965,0.79912683354932,0.0,1.0,0.0,0.0,0.0,0.0,0.0,0.0,0.0,1.0,0.0
-0.19216988296966847,0.6402173698269283,-1.2101347203987314,-0.39138113233962235,-0.3741657386773941,-0.5319381536954396,0.6305142037423428,2.858743394063806,0.5812783506866259,1.9446256618293372,1.3984117975602022,-0.38066618340099356,-0.5918224455920872,-0.6092076990801714,-0.6421755060191673,1.1816921749746827,-0.32914029430219166,-1.0701220913160239,0.5237318410874306,-0.5027397465361703,-0.3871122676704779,1.4142135623730951,0.006579754932138929,0.8649990000768881,-2.3314124197506847,0.23272550888006965,0.79912683354932,0.0,1.0,0.0,0.0,0.0,0.0,0.0,0.0,0.0,0.0,1.0
-0.3541693924853402,-0.03156653660741423,0.32566353806418236,-0.39138113233962235,-0.3741657386773941,-0.5319381536954396,0.6305142037423428,-0.34980404399936865,0.09228391272760475,-0.9860849673298904,1.3984117975602022,-0.38066618340099356,-0.5918224455920872,-0.6092076990801714,1.557206699145191,-0.8462440736915471,-0.32914029430219166,-1.0701220913160239,-1.162862223431414,-0.5027397465361703,-0.3871122676704779,-0.7071067811865475,-0.09377659896401538,-0.21337552097274584,-2.3314124197506847,0.23272550888006965,0.79912683354932,0.0,1.0,0.0,0.0,0.0,0.0,0.0,0.0,0.0,0.0,1.0
0.5817584641149711,0.42522595131855045,0.1554566133921033,2.5550541847077235,-0.3741657386773941,-0.5319381536954396,0.6305142037423428,-0.34980404399936865,0.6790772382784298,0.4792703472497234,1.3984117975602022,-0.38066618340099356,1.689695967849872,-0.6092076990801714,1.557206699145191,-0.8462440736915471,-0.32914029430219166,-1.0701220913160239,-1.162862223431414,-0.5027397465361703,-0.3871122676704779,-0.7071067811865475,0.27152052921798636,-0.27581166383761246,-2.3314124197506847,0.23272550888006965,-1.2513658133071346,0.0,1.0,0.0,0.0,0.0,0.0,0.0,0.0,0.0,1.0,0.0
0.07276722217568221,-0.23584874534654998,0.7347155665424769,-0.39138113233962235,-0.3741657386773941,-0.5319381536954396,0.6305142037423428,-0.34980404399936865,0.8746750134620385,-0.9860849673298904,-0.7150969419341943,-0.38066618340099356,-0.5918224455920872,1.6414763002993509,1.557206699145191,-0.8462440736915471,-0.32914029430219166,0.9344728121351193,-0.48822459762387616,-0.5027397465361703,-0.3871122676704779,-0.7071067811865475,-1.1374826794840203,-0.6567575641314225,0.4289245401321734,0.23272550888006965,0.79912683354932,0.0,1.0,0.0,0.0,0.0,0.0,0.0,0.0,0.0,0.0,1.0
-1.22589737115551,0.01751770059521497,-1.5764380849417035,-0.39138113233962235,-0.3741657386773941,-0.5319381536954396,0.6305142037423428,2.858743394063806,0.09228391272760475,0.4792703472497234,1.3984117975602022,-0.38066618340099356,-0.5918224455920872,-0.6092076990801714,-0.6421755060191673,-0.8462440736915471,-0.32914029430219166,-1.0701220913160239,-1.162862223431414,-0.5027397465361703,-0.3871122676704779,1.4142135623730951,-1.3502381497438674,0.7100570268322595,-2.3314124197506847,0.23272550888006965,0.79912683354932,0.0,1.0,0.0,0.0,0.0,0.0,0.0,0.0,0.0,1.0,0.0
0.31545669043905616,0.009789750089177054,0.9672386528143628,-0.39138113233962235,-0.3741657386773941,1.879917793173656,-1.5860070939950561,-0.34980404399936865,0.38568057550301726,-0.9860849673298904,-0.7150969419341943,-0.38066618340099356,-0.5918224455920872,-0.6092076990801714,-0.6421755060191673,-0.8462440736915471,-0.32914029430219166,-1.0701220913160239,-1.162862223431414,-0.5027397465361703,-0.3871122676704779,-0.7071067811865475,-0.7922568220812494,-0.560863477955265,0.4289245401321734,0.23272550888006965,0.79912683354932,0.0,1.0,0.0,0.0,0.0,0.0,0.0,0.0,1.0,0.0,0.0
-0.37331376587245285,0.542154301507089,0.30732113195745386,-0.39138113233962235,-0.3741657386773941,1.879917793173656,0.6305142037423428,-0.34980404399936865,0.9724739010538432,-0.9860849673298904,-0.7150969419341943,-0.38066618340099356,-0.5918224455920872,-0.6092076990801714,1.557206699145191,1.1816921749746827,-0.32914029430219166,-1.0701220913160239,0.5237318410874306,-0.5027397465361703,-0.3871122676704779,1.4142135623730951,0.21532097103614004,0.8648791449586971,0.4289245401321734,0.23272550888006965,-1.2513658133071346,0.0,1.0,0.0,0.0,0.0,0.0,0.0,0.0,0.0,0.0,1.0
0.5780226304241922,0.3313464771608299,1.2188055755658949,-0.39138113233962235,-0.3741657386773941,-0.5319381536954396,-1.5860070939950561,-0.34980404399936865,2.6350549901145146,-0.9860849673298904,-0.7150969419341943,-0.38066618340099356,-0.5918224455920872,-0.6092076990801714,-0.6421755060191673,1.1816921749746827,-0.32914029430219166,0.9344728121351193,1.1983694668949685,1.9891007362952828,-0.3871122676704779,-0.7071067811865475,-1.1695967127307898,-0.3824182958468005,0.4289245401321734,0.23272550888006965,0.79912683354932,0.0,1.0,0.0,0.0,0.0,0.0,0.0,0.0,1.0,0.0,0.0
-1.762994138650425,-0.4188225435164804,-1.0241448419146613,2.5550541847077235,-0.3741657386773941,-0.5319381536954396,0.6305142037423428,-0.34980404399936865,1.0702727886456471,-0.9860849673298904,1.3984117975602022,-0.38066618340099356,-0.5918224455920872,-0.6092076990801714,-0.6421755060191673,-0.8462440736915471,3.038218101251,-1.0701220913160239,-0.15090578472010727,-0.5027397465361703,-0.3871122676704779,1.4142135623730951,-0.5353445561070944,0.3937554548991721,-2.3314124197506847,0.23272550888006965,0.79912683354932,0.0,1.0,0.0,0.0,0.0,0.0,0.0,0.0,0.0,1.0,0.0
0.41544230593327475,0.7850186612241603,-0.003890510766704344,-0.39138113233962235,-0.3741657386773941,-0.5319381536954396,-1.5860070939950561,-0.34980404399936865,-0.690107188006829,0.4792703472497234,-0.7150969419341943,2.626973562678144,-0.5918224455920872,-0.6092076990801714,-0.6421755060191673,-0.8462440736915471,-0.32914029430219166,0.9344728121351193,-0.48822459762387616,1.9891007362952828,-0.3871122676704779,1.4142135623730951,-0.410902677275863,0.4446255933568846,0.4289245401321734,0.23272550888006965,0.79912683354932,0.0,1.0,0.0,0.0,0.0,0.0,0.0,0.0,0.0,0.0,1.0
-0.352404520733695,-0.5017511671558214,0.32735447846428767,-0.39138113233962235,-0.3741657386773941,-0.5319381536954396,0.6305142037423428,-0.34980404399936865,-0.10331386245600391,-0.9860849673298904,-0.7150969419341943,-0.38066618340099356,-0.5918224455920872,-0.6092076990801714,-0.6421755060191673,-0.8462440736915471,-0.32914029430219166,0.9344728121351193,-0.48822459762387616,-0.5027397465361703,2.5832299400318433,-0.7071067811865475,-1.0331120714320197,-0.68434135250002,0.4289245401321734,0.23272550888006965,0.79912683354932,0.0,1.0,0.0,0.0,0.0,0.0,0.0,0.0,0.0,0.0,1.0
-0.8028380777712365,-0.05838022994125026,-0.10421019384003256,-0.39138113233962235,-0.3741657386773941,1.879917793173656,0.6305142037423428,-0.34980404399936865,0.6790772382784298,-0.9860849673298904,-0.7150969419341943,-0.38066618340099356,-0.5918224455920872,-0.6092076990801714,-0.6421755060191673,-0.8462440736915471,-0.32914029430219166,-1.0701220913160239,-1.162862223431414,-0.5027397465361703,-0.3871122676704779,-0.7071067811865475,-0.7039432306526336,0.10403240276756595,0.4289245401321734,0.23272550888006965,0.79912683354932,0.0,1.0,0.0,0.0,0.0,0.0,0.0,0.0,0.0,1.0,0.0
1.6572713778354173,-2.4097452269694193,1.1859069541489389,-0.39138113233962235,-0.3741657386773941,1.879917793173656,0.6305142037423428,-0.34980404399936865,1.168071676237451,0.4792703472497234,1.3984117975602022,-0.38066618340099356,-0.5918224455920872,-0.6092076990801714,1.557206699145191,1.1816921749746827,-0.32914029430219166,-1.0701220913160239,0.5237318410874306,-0.5027397465361703,-0.3871122676704779,-0.7071067811865475,-0.13793339467832336,-1.3180682031794815,-2.3314124197506847,0.23272550888006965,0.79912683354932,0.0,1.0,0.0,0.0,0.0,0.0,0.0,0.0,0.0,1.0,0.0
1.1782793606576698,0.6880039781270069,0.10287220399228185,-0.39138113233962235,-0.3741657386773941,-0.5319381536954396,0.6305142037423428,-0.34980404399936865,-0.005514974864199148,1.9446256618293372,-0.7150969419341943,-0.38066618340099356,1.689695967849872,-0.6092076990801714,-0.6421755060191673,-0.8462440736915471,3.038218101251,-1.0701220913160239,-0.15090578472010727,-0.5027397465361703,-0.3871122676704779,-0.7071067811865475,-1.0491690880554045,-0.34670295757737096,0.4289245401321734,0.23272550888006965,0.79912683354932,0.0,1.0,0.0,0.0,0.0,0.0,0.0,0.0,0.0,0.0,1.0
1.0239601674701744,0.7616025265671389,0.5791299273656226,-0.39138113233962235,-0.3741657386773941,1.879917793173656,0.6305142037423428,-0.34980404399936865,0.7768761258702346,0.4792703472497234,-0.7150969419341943,-0.38066618340099356,-0.5918224455920872,-0.6092076990801714,-0.6421755060191673,-0.8462440736915471,-0.32914029430219166,0.9344728121351193,-0.48822459762387616,1.9891007362952828,-0.3871122676704779,1.4142135623730951,-0.5634443351980176,-0.1501699249014869,0.4289245401321734,0.23272550888006965,0.79912683354932,0.0,1.0,0.0,0.0,0.0,0.0,0.0,0.0,1.0,0.0,0.0
0.38398681183508443,-0.5718943224497499,1.0328980134929173,-0.39138113233962235,-0.3741657386773941,-0.5319381536954396,0.6305142037423428,-0.34980404399936865,0.6790772382784298,-0.9860849673298904,-0.7150969419341943,-0.38066618340099356,1.689695967849872,-0.6092076990801714,-0.6421755060191673,1.1816921749746827,-0.32914029430219166,-1.0701220913160239,0.5237318410874306,-0.5027397465361703,-0.3871122676704779,1.4142135623730951,-0.294489306756324,-0.9571022306815287,0.4289245401321734,0.23272550888006965,0.79912683354932,0.0,1.0,0.0,0.0,0.0,0.0,0.0,0.0,1.0,0.0,0.0
0.05941757720790612,-0.2416080381067605,-0.34499622343715713,-0.39138113233962235,-0.3741657386773941,-0.5319381536954396,0.6305142037423428,-0.34980404399936865,0.7768761258702346,0.4792703472497234,-0.7150969419341943,-0.38066618340099356,-0.5918224455920872,-0.6092076990801714,1.557206699145191,1.1816921749746827,-0.32914029430219166,-1.0701220913160239,0.5237318410874306,1.9891007362952828,-0.3871122676704779,-0.7071067811865475,-1.0772688671463277,-0.6556082124722713,0.4289245401321734,0.23272550888006965,0.79912683354932,0.0,1.0,0.0,0.0,0.0,0.0,0.0,0.0,0.0,1.0,0.0
1.5074490219903633,0.888980064935037,0.4182481737640776,-0.39138113233962235,-0.3741657386773941,1.879917793173656,-1.5860070939950561,2.858743394063806,0.09228391272760475,1.9446256618293372,-0.7150969419341943,-0.38066618340099356,-0.5918224455920872,-0.6092076990801714,-0.6421755060191673,-0.8462440736915471,-0.32914029430219166,0.9344728121351193,-0.48822459762387616,-0.5027397465361703,2.5832299400318433,-0.7071067811865475,-0.08976234480816916,-0.32026016979200733,0.4289245401321734,0.23272550888006965,0.79912683354932,0.0,1.0,0.0,0.0,0.0,0.0,0.0,0.0,1.0,0.0,0.0
0.08987298245665878,-0.338067292496912,0.7511047580554899,-0.39138113233962235,-0.3741657386773941,1.879917793173656,-1.5860070939950561,-0.34980404399936865,-0.49450941282322075,-0.9860849673298904,1.3984117975602022,-0.38066618340099356,-0.5918224455920872,1.6414763002993509,1.557206699145191,1.1816921749746827,-0.32914029430219166,0.9344728121351193,1.1983694668949685,1.9891007362952828,-0.3871122676704779,-0.7071067811865475,-0.22223273195109303,-0.7388643782800551,-2.3314124197506847,0.23272550888006965,0.79912683354932,0.0,1.0,0.0,0.0,0.0,0.0,0.0,0.0,0.0,0.0,1.0
-0.9905537850755641,-1.0462305092681305,-0.2840623972193068,-0.39138113233962235,-0.3741657386773941,-0.5319381536954396,0.6305142037423428,-0.34980404399936865,-0.10331386245600391,-0.9860849673298904,-0.7150969419341943,-0.38066618340099356,-0.5918224455920872,1.6414763002993509,-0.6421755060191673,-0.8462440736915471,-0.32914029430219166,0.9344728121351193,-0.48822459762387616,-0.5027397465361703,-0.3871122676704779,-0.7071067811865475,0.26750627506214014,-0.8184639248293526,0.4289245401321734,0.23272550888006965,-1.2513658133071346,0.0,1.0,0.0,0.0,0.0,0.0,0.0,0.0,0.0,0.0,1.0
0.40534868367459004,-1.8053597266328283,1.0533650259438898,2.5550541847077235,-0.3741657386773941,1.879917793173656,0.6305142037423428,-0.34980404399936865,1.5592672266046683,-0.9860849673298904,1.3984117975602022,-0.38066618340099356,-0.5918224455920872,-0.6092076990801714,-0.6421755060191673,1.1816921749746827,-0.32914029430219166,0.9344728121351193,1.1983694668949685,-0.5027397465361703,-0.3871122676704779,-0.7071067811865475,-0.47111648961355557,-1.247799952073507,-2.3314124197506847,0.23272550888006965,0.79912683354932,0.0,1.0,0.0,0.0,0.0,0.0,0.0,0.0,0.0,0.0,1.0
-0.017722320656627957,-0.6381085957112203,0.648016675464655,-0.39138113233962235,-0.3741657386773941,1.879917793173656,0.6305142037423428,-0.34980404399936865,0.19008280031940863,-0.9860849673298904,-0.7150969419341943,-0.38066618340099356,-0.5918224455920872,-0.6092076990801714,-0.6421755060191673,1.1816921749746827,3.038218101251,0.9344728121351193,2.2103259056062754,-0.5027397465361703,-0.3871122676704779,1.4142135623730951,-0.5514015727304791,-0.8846043231360695,0.4289245401321734,-4.2969075663954355,0.79912683354932,0.0,1.0,0.0,0.0,0.0,0.0,0.0,0.0,0.0,0.0,1.0
0.5299612211834236,-1.8288402812680333,1.1727574825554814,-0.39138113233962235,-0.3741657386773941,1.879917793173656,0.6305142037423428,-0.34980404399936865,-0.7879060755986333,-0.9860849673298904,-0.7150969419341943,-0.38066618340099356,1.689695967849872,1.6414763002993509,-0.6421755060191673,1.1816921749746827,-0.32914029430219166,-1.0701220913160239,0.5237318410874306,-0.5027397465361703,-0.3871122676704779,1.4142135623730951,-0.5313303019512482,-1.2568476801243331,0.4289245401321734,0.23272550888006965,0.79912683354932,0.0,1.0,0.0,0.0,0.0,0.0,0.0,0.0,0.0,0.0,1.0
0.025450509308159456,-1.0069764753192283,-0.37753986042602417,-0.39138113233962235,-0.3741657386773941,-0.5319381536954396,0.6305142037423428,-0.34980404399936865,-0.29891163763961254,0.4792703472497234,1.3984117975602022,-0.38066618340099356,-0.5918224455920872,-0.6092076990801714,1.557206699145191,1.1816921749746827,-0.32914029430219166,-1.0701220913160239,0.5237318410874306,-0.5027397465361703,-0.3871122676704779,1.4142135623730951,-0.9327557175358654,-1.0496109460560523,-2.3314124197506847,0.23272550888006965,0.79912683354932,0.0,1.0,0.0,0.0,0.0,0.0,0.0,0.0,0.0,0.0,1.0
-0.45057814887259395,0.21621664268860208,-0.8336186458039349,-0.39138113233962235,2.6726124191242437,1.879917793173656,0.6305142037423428,-0.34980404399936865,0.8746750134620385,0.4792703472497234,-0.7150969419341943,-0.38066618340099356,-0.5918224455920872,-0.6092076990801714,-0.6421755060191673,-0.8462440736915471,-0.32914029430219166,0.9344728121351193,-0.48822459762387616,-0.5027397465361703,-0.3871122676704779,-0.7071067811865475,-1.2900243374061748,0.25043254908744494,0.4289245401321734,0.23272550888006965,0.79912683354932,0.0,1.0,0.0,0.0,0.0,0.0,0.0,0.0,0.0,0.0,1.0
-1.1601435014440031,0.17179403580189956,-1.5134409062303635,-0.39138113233962235,-0.3741657386773941,-0.5319381536954396,0.6305142037423428,-0.34980404399936865,0.7768761258702346,0.4792703472497234,-0.7150969419341943,-0.38066618340099356,-0.5918224455920872,-0.6092076990801714,-0.6421755060191673,1.1816921749746827,-0.32914029430219166,0.9344728121351193,1.1983694668949685,-0.5027397465361703,2.5832299400318433,-0.7071067811865475,-1.2137535084450974,1.0098526622648414,0.4289245401321734,0.23272550888006965,0.79912683354932,0.0,1.0,0.0,0.0,0.0,0.0,0.0,0.0,1.0,0.0,0.0
-1.0829056147210934,-0.06255527756321555,-1.4394410570505891,2.5550541847077235,-0.3741657386773941,-0.5319381536954396,-1.5860070939950561,-0.34980404399936865,0.19008280031940863,0.4792703472497234,-0.7150969419341943,-0.38066618340099356,-0.5918224455920872,-0.6092076990801714,-0.6421755060191673,1.1816921749746827,-0.32914029430219166,-1.0701220913160239,0.5237318410874306,-0.5027397465361703,-0.3871122676704779,-0.7071067811865475,-0.5754870976655562,0.37060654849465274,0.4289245401321734,0.23272550888006965,0.79912683354932,0.0,1.0,0.0,0.0,0.0,0.0,0.0,0.0,1.0,0.0,0.0
-0.44993631276959034,-1.747139885310497,0.23390834148893752,2.5550541847077235,-0.3741657386773941,-0.5319381536954396,0.6305142037423428,-0.34980404399936865,0.6790772382784298,-0.9860849673298904,-0.7150969419341943,-0.38066618340099356,-0.5918224455920872,1.6414763002993509,-0.6421755060191673,-0.8462440736915471,-0.32914029430219166,0.9344728121351193,-0.48822459762387616,1.9891007362952828,-0.3871122676704779,-0.7071067811865475,0.13905014207506253,-1.1730040691509356,0.4289245401321734,0.23272550888006965,-1.2513658133071346,0.0,1.0,0.0,0.0,0.0,0.0,0.0,0.0,0.0,1.0,0.0
-1.3055031435078346,-0.32757971904091626,-1.6527063087376501,-0.39138113233962235,-0.3741657386773941,-0.5319381536954396,-1.5860070939950561,-0.34980404399936865,-0.10331386245600391,0.4792703472497234,-0.7150969419341943,-0.38066618340099356,1.689695967849872,-0.6092076990801714,1.557206699145191,-0.8462440736915471,-0.32914029430219166,-1.0701220913160239,-1.162862223431414,-0.5027397465361703,2.5832299400318433,-0.7071067811865475,-1.5790506366270993,0.10863015541684487,0.4289245401321734,0.23272550888006965,0.79912683354932,0.0,1.0,0.0,0.0,0.0,0.0,0.0,0.0,0.0,0.0,1.0
-2.2877990299761835,-2.325733858926968,-1.5269653964894365,-0.39138113233962235,-0.3741657386773941,-0.5319381536954396,0.6305142037423428,-0.34980404399936865,1.6570661141964722,-0.9860849673298904,-0.7150969419341943,-0.38066618340099356,-0.5918224455920872,-0.6092076990801714,-0.6421755060191673,-0.8462440736915471,-0.32914029430219166,0.9344728121351193,-0.48822459762387616,-0.5027397465361703,-0.3871122676704779,-0.7071067811865475,0.32772008739983277,-1.0714693724896998,0.4289245401321734,0.23272550888006965,-1.2513658133071346,0.0,1.0,0.0,0.0,0.0,0.0,0.0,0.0,0.0,1.0,0.0
1.5541554710692422,1.9672071554222057,2.1540477281912063,-0.39138113233962235,-0.3741657386773941,1.879917793173656,0.6305142037423428,-0.34980404399936865,-0.005514974864199148,-0.9860849673298904,-0.7150969419341943,-0.38066618340099356,1.689695967849872,-0.6092076990801714,-0.6421755060191673,-0.8462440736915471,-0.32914029430219166,-1.0701220913160239,-1.162862223431414,-0.5027397465361703,-0.3871122676704779,-0.7071067811865475,-0.9126844467566346,2.0812864587660282,0.4289245401321734,0.23272550888006965,0.79912683354932,0.0,1.0,0.0,0.0,0.0,0.0,0.0,0.0,1.0,0.0,0.0
-1.2545316074121966,-0.1644266946399522,-1.603871819379534,2.5550541847077235,-0.3741657386773941,-0.5319381536954396,-1.5860070939950561,-0.34980404399936865,0.38568057550301726,0.4792703472497234,1.3984117975602022,-0.38066618340099356,-0.5918224455920872,-0.6092076990801714,-0.6421755060191673,-0.8462440736915471,-0.32914029430219166,0.9344728121351193,-0.48822459762387616,-0.5027397465361703,-0.3871122676704779,-0.7071067811865475,-0.8123280928604802,0.3529734926032937,-2.3314124197506847,0.23272550888006965,0.79912683354932,0.0,1.0,0.0,0.0,0.0,0.0,0.0,0.0,0.0,1.0,0.0
0.8730339218059863,1.0783054535809198,1.5014586978789979,-0.39138113233962235,-0.3741657386773941,-0.5319381536954396,0.6305142037423428,-0.34980404399936865,1.754865001788277,-0.9860849673298904,-0.7150969419341943,-0.38066618340099356,-0.5918224455920872,1.6414763002993509,1.557206699145191,-0.8462440736915471,-0.32914029430219166,-1.0701220913160239,-1.162862223431414,-0.5027397465361703,-0.3871122676704779,1.4142135623730951,-0.8123280928604802,0.5408589174712858,0.4289245401321734,0.23272550888006965,0.79912683354932,0.0,1.0,0.0,0.0,0.0,0.0,0.0,0.0,0.0,1.0,0.0
-0.07305836853124535,1.2102974760518403,0.5949986820347494,-0.39138113233962235,-0.3741657386773941,1.879917793173656,0.6305142037423428,-0.34980404399936865,0.2878816879112134,-0.9860849673298904,-0.7150969419341943,-0.38066618340099356,-0.5918224455920872,-0.6092076990801714,-0.6421755060191673,-0.8462440736915471,-0.32914029430219166,0.9344728121351193,-0.48822459762387616,-0.5027397465361703,-0.3871122676704779,-0.7071067811865475,0.3036345624647557,2.6038200173536032,0.4289245401321734,0.23272550888006965,-1.2513658133071346,0.0,1.0,0.0,0.0,0.0,0.0,0.0,0.0,1.0,0.0,0.0
-1.4493244703016992,0.40072397668765175,-1.7904974195429926,-0.39138113233962235,-0.3741657386773941,-0.5319381536954396,-1.5860070939950561,-0.34980404399936865,-1.3746994011494589,0.4792703472497234,-0.7150969419341943,-0.38066618340099356,1.689695967849872,-0.6092076990801714,-0.6421755060191673,-0.8462440736915471,-0.32914029430219166,0.9344728121351193,-0.48822459762387616,-0.5027397465361703,-0.3871122676704779,1.4142135623730951,-0.39885991480832456,2.3203156278506993,0.4289245401321734,0.23272550888006965,0.79912683354932,0.0,0.0,1.0,0.0,0.0,0.0,0.0,0.0,0.0,0.0,1.0
1.3220688339481943,-0.16655283855568598,1.931683315215179,-0.39138113233962235,-0.3741657386773941,-0.5319381536954396,0.6305142037423428,2.858743394063806,-0.2011127500478078,-0.9860849673298904,-0.7150969419341943,2.626973562678144,-0.5918224455920872,-0.6092076990801714,-0.6421755060191673,-0.8462440736915471,-0.32914029430219166,-1.0701220913160239,-1.162862223431414,-0.5027397465361703,-0.3871122676704779,-0.7071067811865475,0.09087909220490861,-0.999445417618644,0.4289245401321734,0.23272550888006965,-1.2513658133071346,0.0,0.0,1.0,0.0,0.0,0.0,0.0,0.0,0.0,0.0,1.0
-0.13832808565836302,-0.30625924898839035,-0.5344549515660318,-0.39138113233962235,-0.3741657386773941,1.879917793173656,0.6305142037423428,2.858743394063806,-0.49450941282322075,0.4792703472497234,-0.7150969419341943,-0.38066618340099356,-0.5918224455920872,-0.6092076990801714,-0.6421755060191673,1.1816921749746827,-0.32914029430219166,-1.0701220913160239,0.5237318410874306,-0.5027397465361703,-0.3871122676704779,1.4142135623730951,-0.4390024563667863,-0.6215040310489761,0.4289245401321734,0.23272550888006965,0.79912683354932,0.0,0.0,1.0,0.0,0.0,0.0,0.0,0.0,0.0,1.0,0.0
0.9258469796786413,1.010501380478116,0.48512761236016366,2.5550541847077235,-0.3741657386773941,-0.5319381536954396,-1.5860070939950561,-0.34980404399936865,-0.690107188006829,0.4792703472497234,1.3984117975602022,-0.38066618340099356,1.689695967849872,-0.6092076990801714,1.557206699145191,-0.8462440736915471,-0.32914029430219166,0.9344728121351193,-0.48822459762387616,-0.5027397465361703,-0.3871122676704779,1.4142135623730951,0.05073655064644689,0.3435874522327403,0.4289245401321734,0.23272550888006965,-1.2513658133071346,0.0,0.0,1.0,0.0,0.0,0.0,0.0,0.0,0.0,1.0,0.0
1.6581155326451409,0.3801498455626557,2.2536528513126175,-0.39138113233962235,-0.3741657386773941,-0.5319381536954396,0.6305142037423428,2.858743394063806,0.6790772382784298,-0.9860849673298904,1.3984117975602022,-0.38066618340099356,1.689695967849872,-0.6092076990801714,-0.6421755060191673,-0.8462440736915471,-0.32914029430219166,0.9344728121351193,-0.48822459762387616,1.9891007362952828,2.5832299400318433,-0.7071067811865475,0.05073655064644689,-0.822383798261568,0.4289245401321734,0.23272550888006965,-1.2513658133071346,0.0,0.0,1.0,0.0,0.0,0.0,0.0,0.0,0.0,1.0,0.0
-0.25034494744194996,0.8486259387213391,0.4251387256967818,-0.39138113233962235,-0.3741657386773941,-0.5319381536954396,0.6305142037423428,-0.34980404399936865,-0.005514974864199148,-0.9860849673298904,-0.7150969419341943,-0.38066618340099356,1.689695967849872,-0.6092076990801714,1.557206699145191,-0.8462440736915471,3.038218101251,0.9344728121351193,0.5237318410874306,-0.5027397465361703,-0.3871122676704779,-0.7071067811865475,-0.2182184777952468,1.5653687633189683,0.4289245401321734,0.23272550888006965,0.79912683354932,0.0,0.0,1.0,0.0,0.0,0.0,0.0,0.0,0.0,1.0,0.0
0.9813871212502131,0.8663018387576272,0.538340655040639,2.5550541847077235,-0.3741657386773941,-0.5319381536954396,0.6305142037423428,-0.34980404399936865,-1.5702971763330675,0.4792703472497234,-0.7150969419341943,2.626973562678144,-0.5918224455920872,1.6414763002993509,-0.6421755060191673,-0.8462440736915471,-0.32914029430219166,0.9344728121351193,-0.48822459762387616,-0.5027397465361703,-0.3871122676704779,1.4142135623730951,-0.42695969389924776,0.03798674217909872,0.4289245401321734,0.23272550888006965,0.79912683354932,0.0,0.0,1.0,0.0,0.0,0.0,0.0,0.0,0.0,1.0,0.0
0.48871646876026864,0.9456091206291192,1.1332404932333733,-0.39138113233962235,-0.3741657386773941,-0.5319381536954396,-1.5860070939950561,-0.34980404399936865,-0.983503850782242,-0.9860849673298904,1.3984117975602022,-0.38066618340099356,-0.5918224455920872,1.6414763002993509,-0.6421755060191673,1.1816921749746827,3.038218101251,0.9344728121351193,2.2103259056062754,-0.5027397465361703,-0.3871122676704779,-0.7071067811865475,-0.3627316274057089,0.7108466266952744,-2.3314124197506847,-4.2969075663954355,0.79912683354932,0.0,0.0,1.0,0.0,0.0,0.0,0.0,0.0,1.0,0.0,0.0
0.43621250990157445,0.4731432297484322,0.016009362051474223,-0.39138113233962235,-0.3741657386773941,-0.5319381536954396,0.6305142037423428,-0.34980404399936865,-0.3967105252314164,0.4792703472497234,-0.7150969419341943,2.626973562678144,1.689695967849872,-0.6092076990801714,1.557206699145191,1.1816921749746827,-0.32914029430219166,0.9344728121351193,1.1983694668949685,-0.5027397465361703,-0.3871122676704779,1.4142135623730951,-0.19814720701601593,-0.10904578174883615,0.4289245401321734,0.23272550888006965,0.79912683354932,0.0,0.0,1.0,0.0,0.0,0.0,0.0,0.0,0.0,0.0,1.0
-0.8247696015773223,-0.8637186133618348,-1.1921260365586117,-0.39138113233962235,-0.3741657386773941,-0.5319381536954396,0.6305142037423428,-0.34980404399936865,-0.690107188006829,0.4792703472497234,-0.7150969419341943,-0.38066618340099356,1.689695967849872,1.6414763002993509,-0.6421755060191673,1.1816921749746827,-0.32914029430219166,0.9344728121351193,1.1983694668949685,1.9891007362952828,-0.3871122676704779,-0.7071067811865475,-0.3627316274057089,-0.7597864679077386,0.4289245401321734,0.23272550888006965,0.79912683354932,0.0,0.0,1.0,0.0,0.0,0.0,0.0,0.0,0.0,1.0,0.0
-0.5223011783861059,0.045517312556408056,0.1645748759240378,2.5550541847077235,-0.3741657386773941,-0.5319381536954396,-1.5860070939950561,-0.34980404399936865,-0.983503850782242,-0.9860849673298904,1.3984117975602022,-0.38066618340099356,1.689695967849872,-0.6092076990801714,-0.6421755060191673,1.1816921749746827,-0.32914029430219166,0.9344728121351193,1.1983694668949685,-0.5027397465361703,-0.3871122676704779,-0.7071067811865475,-0.1058193614315538,0.026685572001165968,0.4289245401321734,0.23272550888006965,0.79912683354932,0.0,0.0,1.0,0.0,0.0,0.0,0.0,0.0,1.0,0.0,0.0
-0.9576633218351273,0.5130036540615355,-1.31944903907785,-0.39138113233962235,-0.3741657386773941,-0.5319381536954396,0.6305142037423428,-0.34980404399936865,-1.0813027383740463,0.4792703472497234,-0.7150969419341943,-0.38066618340099356,1.689695967849872,1.6414763002993509,-0.6421755060191673,-0.8462440736915471,-0.32914029430219166,-1.0701220913160239,-1.162862223431414,1.9891007362952828,-0.3871122676704779,-0.7071067811865475,-0.1941329528601697,1.7270937916824514,0.4289245401321734,0.23272550888006965,0.79912683354932,0.0,0.0,1.0,0.0,0.0,0.0,0.0,0.0,0.0,0.0,1.0
0.6174376524579355,-0.2145054275423193,1.2565694828105816,2.5550541847077235,-0.3741657386773941,-0.5319381536954396,0.6305142037423428,-0.34980404399936865,-0.29891163763961254,-0.9860849673298904,1.3984117975602022,2.626973562678144,1.689695967849872,-0.6092076990801714,-0.6421755060191673,1.1816921749746827,-0.32914029430219166,-1.0701220913160239,0.5237318410874306,1.9891007362952828,-0.3871122676704779,-0.7071067811865475,-0.6035868767564793,-0.8408178203897085,-2.3314124197506847,0.23272550888006965,0.79912683354932,0.0,0.0,1.0,0.0,0.0,0.0,0.0,0.0,0.0,0.0,1.0
1.1757695259884131,0.2626588487944953,0.10046754645658194,-0.39138113233962235,-0.3741657386773941,-0.5319381536954396,0.6305142037423428,-0.34980404399936865,-0.005514974864199148,1.9446256618293372,1.3984117975602022,-0.38066618340099356,1.689695967849872,-0.6092076990801714,-0.6421755060191673,1.1816921749746827,-0.32914029430219166,-1.0701220913160239,0.5237318410874306,-0.5027397465361703,-0.3871122676704779,-0.7071067811865475,-1.013040800652789,-0.7296800054323652,0.4289245401321734,0.23272550888006965,0.79912683354932,0.0,0.0,1.0,0.0,0.0,0.0,0.0,0.0,0.0,0.0,1.0
0.1421280371206334,0.5738210825217691,-0.8898516790252133,-0.39138113233962235,-0.3741657386773941,1.879917793173656,0.6305142037423428,2.858743394063806,-0.983503850782242,1.9446256618293372,-0.7150969419341943,2.626973562678144,-0.5918224455920872,1.6414763002993509,-0.6421755060191673,-0.8462440736915471,-0.32914029430219166,0.9344728121351193,-0.48822459762387616,-0.5027397465361703,-0.3871122676704779,-0.7071067811865475,0.5645610825947569,0.3193528013064347,0.4289245401321734,0.23272550888006965,-1.2513658133071346,0.0,0.0,1.0,0.0,0.0,0.0,0.0,0.0,0.0,1.0,0.0
-0.23829810242222635,-0.14240782904414515,0.436680922413721,2.5550541847077235,-0.3741657386773941,-0.5319381536954396,0.6305142037423428,2.858743394063806,-0.3967105252314164,-0.9860849673298904,-0.7150969419341943,-0.38066618340099356,1.689695967849872,-0.6092076990801714,1.557206699145191,-0.8462440736915471,-0.32914029430219166,-1.0701220913160239,-1.162862223431414,-0.5027397465361703,-0.3871122676704779,1.4142135623730951,-0.2423040027303239,-0.4170685191978802,0.4289245401321734,0.23272550888006965,0.79912683354932,0.0,0.0,1.0,0.0,0.0,0.0,0.0,0.0,0.0,0.0,1.0
-0.8097783329831277,-0.07750045011343004,-0.1108597183246804,-0.39138113233962235,-0.3741657386773941,-0.5319381536954396,-1.5860070939950561,-0.34980404399936865,-0.7879060755986333,-0.9860849673298904,1.3984117975602022,-0.38066618340099356,-0.5918224455920872,-0.6092076990801714,-0.6421755060191673,-0.8462440736915471,-0.32914029430219166,0.9344728121351193,-0.48822459762387616,-0.5027397465361703,-0.3871122676704779,-0.7071067811865475,0.2474350042829093,0.07875003896366733,0.4289245401321734,0.23272550888006965,-1.2513658133071346,0.0,0.0,1.0,0.0,0.0,0.0,0.0,0.0,0.0,1.0,0.0
0.5324540395660146,-0.070624794263094,0.10821813786606795,-0.39138113233962235,-0.3741657386773941,1.879917793173656,0.6305142037423428,-0.34980404399936865,-0.3967105252314164,0.4792703472497234,-0.7150969419341943,2.626973562678144,-0.5918224455920872,-0.6092076990801714,1.557206699145191,-0.8462440736915471,3.038218101251,0.9344728121351193,0.5237318410874306,-0.5027397465361703,-0.3871122676704779,-0.7071067811865475,-1.249881795847713,-0.7192269622161989,0.4289245401321734,0.23272550888006965,0.79912683354932,0.0,0.0,1.0,0.0,0.0,0.0,0.0,0.0,0.0,0.0,1.0
-0.0736914153658047,0.6289463775198143,0.5943921538455382,-0.39138113233962235,-0.3741657386773941,-0.5319381536954396,-1.5860070939950561,-0.34980404399936865,-1.7658949515166757,-0.9860849673298904,-0.7150969419341943,2.626973562678144,1.689695967849872,1.6414763002993509,-0.6421755060191673,1.1816921749746827,3.038218101251,0.9344728121351193,2.2103259056062754,-0.5027397465361703,-0.3871122676704779,-0.7071067811865475,-0.009477261691245705,0.68194411157708,0.4289245401321734,-4.2969075663954355,0.79912683354932,0.0,0.0,1.0,0.0,0.0,0.0,0.0,0.0,0.0,1.0,0.0
0.8760881603243886,1.1341645520194787,-0.18665490604772772,-0.39138113233962235,-0.3741657386773941,-0.5319381536954396,0.6305142037423428,-0.34980404399936865,-1.3746994011494589,1.9446256618293372,1.3984117975602022,-0.38066618340099356,1.689695967849872,-0.6092076990801714,1.557206699145191,1.1816921749746827,3.038218101251,0.9344728121351193,2.2103259056062754,-0.5027397465361703,-0.3871122676704779,-0.7071067811865475,0.09087909220490861,0.6618028653410467,0.4289245401321734,-4.2969075663954355,-1.2513658133071346,0.0,0.0,1.0,0.0,0.0,0.0,0.0,0.0,0.0,1.0,0.0
-0.32829785004820466,0.27374761781254825,0.3504513087785191,-0.39138113233962235,-0.3741657386773941,-0.5319381536954396,-1.5860070939950561,-0.34980404399936865,-1.2769005135576545,-0.9860849673298904,-0.7150969419341943,-0.38066618340099356,1.689695967849872,-0.6092076990801714,-0.6421755060191673,1.1816921749746827,-0.32914029430219166,-1.0701220913160239,0.5237318410874306,-0.5027397465361703,-0.3871122676704779,-0.7071067811865475,-0.11384786974324626,0.23472823359359835,0.4289245401321734,0.23272550888006965,0.79912683354932,0.0,0.0,1.0,0.0,0.0,0.0,0.0,0.0,0.0,0.0,1.0
0.15215225032617566,-0.27387097216719347,0.8107751165568235,-0.39138113233962235,-0.3741657386773941,1.879917793173656,-1.5860070939950561,-0.34980404399936865,-1.7658949515166757,-0.9860849673298904,-0.7150969419341943,-0.38066618340099356,1.689695967849872,-0.6092076990801714,-0.6421755060191673,-0.8462440736915471,-0.32914029430219166,-1.0701220913160239,-1.162862223431414,-0.5027397465361703,-0.3871122676704779,-0.7071067811865475,-0.7280287555877107,-0.7174339504403678,0.4289245401321734,0.23272550888006965,0.79912683354932,0.0,0.0,1.0,0.0,0.0,0.0,0.0,0.0,0.0,1.0,0.0
-0.17411703931746472,-0.9232178566947852,-0.5687440519931142,-0.39138113233962235,-0.3741657386773941,-0.5319381536954396,0.6305142037423428,-0.34980404399936865,-1.86369383910848,0.4792703472497234,-0.7150969419341943,-0.38066618340099356,-0.5918224455920872,1.6414763002993509,-0.6421755060191673,-0.8462440736915471,-0.32914029430219166,0.9344728121351193,-0.48822459762387616,1.9891007362952828,-0.3871122676704779,1.4142135623730951,-0.9287414633800194,-0.9782053237453396,0.4289245401321734,0.23272550888006965,0.79912683354932,0.0,0.0,1.0,0.0,0.0,0.0,0.0,0.0,0.0,0.0,1.0
-0.6054721685830279,-0.13681127995862208,-0.9820206063946392,-0.39138113233962235,-0.3741657386773941,-0.5319381536954396,-1.5860070939950561,-0.34980404399936865,-0.983503850782242,0.4792703472497234,1.3984117975602022,-0.38066618340099356,1.689695967849872,-0.6092076990801714,1.557206699145191,1.1816921749746827,-0.32914029430219166,0.9344728121351193,1.1983694668949685,-0.5027397465361703,-0.3871122676704779,-0.7071067811865475,0.3437771040232174,-0.17288210976453935,0.4289245401321734,0.23272550888006965,-1.2513658133071346,0.0,0.0,1.0,0.0,0.0,0.0,0.0,0.0,1.0,0.0,0.0
0.5343785265114732,1.4692835008504552,0.11006198482856777,2.5550541847077235,-0.3741657386773941,-0.5319381536954396,0.6305142037423428,-0.34980404399936865,-0.8857049631904377,0.4792703472497234,-0.7150969419341943,-0.38066618340099356,1.689695967849872,-0.6092076990801714,-0.6421755060191673,1.1816921749746827,-0.32914029430219166,-1.0701220913160239,0.5237318410874306,1.9891007362952828,-0.3871122676704779,-0.7071067811865475,-0.28646079844463157,2.3000225815735402,0.4289245401321734,0.23272550888006965,0.79912683354932,0.0,0.0,1.0,0.0,0.0,0.0,0.0,0.0,0.0,0.0,1.0
-0.2753087989144881,0.10617409611423417,-1.2897878036214283,-0.39138113233962235,-0.3741657386773941,-0.5319381536954396,0.6305142037423428,-0.34980404399936865,-1.6680960639248714,1.9446256618293372,-0.7150969419341943,-0.38066618340099356,-0.5918224455920872,-0.6092076990801714,-0.6421755060191673,-0.8462440736915471,-0.32914029430219166,0.9344728121351193,-0.48822459762387616,-0.5027397465361703,-0.3871122676704779,1.4142135623730951,-0.3828028981849398,-0.08328797342023814,0.4289245401321734,0.23272550888006965,0.79912683354932,0.0,0.0,1.0,0.0,0.0,0.0,0.0,0.0,0.0,0.0,1.0
-1.0169691974193167,-0.03422018441786742,-0.3093712548605791,-0.39138113233962235,-0.3741657386773941,-0.5319381536954396,0.6305142037423428,2.858743394063806,-0.2011127500478078,-0.9860849673298904,-0.7150969419341943,2.626973562678144,1.689695967849872,-0.6092076990801714,-0.6421755060191673,1.1816921749746827,-0.32914029430219166,-1.0701220913160239,0.5237318410874306,-0.5027397465361703,-0.3871122676704779,-0.7071067811865475,-0.33061759415893954,0.3562308963996373,0.4289245401321734,0.23272550888006965,0.79912683354932,0.0,0.0,1.0,0.0,0.0,0.0,0.0,0.0,0.0,0.0,1.0
1.3924602019288344,1.4595223908398292,0.9321905047630193,2.5550541847077235,2.6726124191242437,-0.5319381536954396,0.6305142037423428,-0.34980404399936865,-0.005514974864199148,0.4792703472497234,-0.7150969419341943,-0.38066618340099356,1.689695967849872,-0.6092076990801714,-0.6421755060191673,1.1816921749746827,-0.32914029430219166,0.9344728121351193,1.1983694668949685,-0.5027397465361703,2.5832299400318433,-0.7071067811865475,-0.1299048863666309,0.7703864917420651,0.4289245401321734,0.23272550888006965,0.79912683354932,0.0,0.0,1.0,0.0,0.0,0.0,0.0,0.0,1.0,0.0,0.0
2.0631844979489764,-0.17462723429600643,1.5748141103087694,-0.39138113233962235,-0.3741657386773941,-0.5319381536954396,-1.5860070939950561,-0.34980404399936865,-0.983503850782242,0.4792703472497234,-0.7150969419341943,-0.38066618340099356,-0.5918224455920872,1.6414763002993509,1.557206699145191,-0.8462440736915471,-0.32914029430219166,0.9344728121351193,-0.48822459762387616,-0.5027397465361703,-0.3871122676704779,-0.7071067811865475,0.35983412064660203,-1.126865032336012,0.4289245401321734,0.23272550888006965,-1.2513658133071346,0.0,0.0,1.0,0.0,0.0,0.0,0.0,0.0,1.0,0.0,0.0
1.3687213963584104,1.1553909042517319,0.2853337460749665,2.5550541847077235,-0.3741657386773941,-0.5319381536954396,-1.5860070939950561,-0.34980404399936865,-2.1570905018838924,1.9446256618293372,1.3984117975602022,2.626973562678144,1.689695967849872,-0.6092076990801714,1.557206699145191,-0.8462440736915471,-0.32914029430219166,-1.0701220913160239,-1.162862223431414,-0.5027397465361703,-0.3871122676704779,-0.7071067811865475,0.2233494793478322,0.1698454817729114,-2.3314124197506847,0.23272550888006965,-1.2513658133071346,0.0,0.0,1.0,0.0,0.0,0.0,0.0,0.0,1.0,0.0,0.0
-0.2491051108232424,-2.909696236646483,-0.6405894560862313,2.5550541847077235,-0.3741657386773941,-0.5319381536954396,0.6305142037423428,2.858743394063806,-0.10331386245600391,0.4792703472497234,-0.7150969419341943,-0.38066618340099356,-0.5918224455920872,1.6414763002993509,1.557206699145191,1.1816921749746827,-0.32914029430219166,-1.0701220913160239,0.5237318410874306,-0.5027397465361703,-0.3871122676704779,-0.7071067811865475,-0.49520201454863266,-1.3005681872316386,0.4289245401321734,0.23272550888006965,0.79912683354932,0.0,0.0,1.0,0.0,0.0,0.0,0.0,0.0,0.0,1.0,0.0
0.6863285982167691,0.9575772935409198,0.2556451158909275,2.5550541847077235,-0.3741657386773941,-0.5319381536954396,0.6305142037423428,-0.34980404399936865,-1.3746994011494589,0.4792703472497234,1.3984117975602022,-0.38066618340099356,1.689695967849872,1.6414763002993509,1.557206699145191,1.1816921749746827,-0.32914029430219166,-1.0701220913160239,0.5237318410874306,-0.5027397465361703,-0.3871122676704779,1.4142135623730951,-0.009477261691245705,0.49873685781986765,0.4289245401321734,0.23272550888006965,0.79912683354932,0.0,0.0,1.0,0.0,0.0,0.0,0.0,0.0,0.0,1.0,0.0
0.7207331711074957,-0.7681874599912021,0.28860810602420117,-0.39138113233962235,-0.3741657386773941,-0.5319381536954396,-1.5860070939950561,-0.34980404399936865,-1.2769005135576545,0.4792703472497234,-0.7150969419341943,-0.38066618340099356,-0.5918224455920872,1.6414763002993509,-0.6421755060191673,-0.8462440736915471,-0.32914029430219166,-1.0701220913160239,-1.162862223431414,-0.5027397465361703,-0.3871122676704779,-0.7071067811865475,-0.13793339467832336,-1.0918901884953058,0.4289245401321734,0.23272550888006965,0.79912683354932,0.0,0.0,1.0,0.0,0.0,0.0,0.0,0.0,1.0,0.0,0.0
-0.5319533184945391,-0.75764523699992,-0.9115831870184967,-0.39138113233962235,-0.3741657386773941,-0.5319381536954396,0.6305142037423428,-0.34980404399936865,-2.254889389475697,0.4792703472497234,-0.7150969419341943,-0.38066618340099356,-0.5918224455920872,1.6414763002993509,1.557206699145191,-0.8462440736915471,-0.32914029430219166,0.9344728121351193,-0.48822459762387616,-0.5027397465361703,-0.3871122676704779,-0.7071067811865475,-0.8725419051981729,-0.7936253044554533,0.4289245401321734,0.23272550888006965,0.79912683354932,0.0,0.0,1.0,0.0,0.0,0.0,0.0,0.0,0.0,0.0,1.0
-0.06575957084654122,0.027876414392164216,0.6019917294704944,-0.39138113233962235,-0.3741657386773941,-0.5319381536954396,0.6305142037423428,2.858743394063806,0.19008280031940863,-0.9860849673298904,1.3984117975602022,-0.38066618340099356,-0.5918224455920872,1.6414763002993509,1.557206699145191,-0.8462440736915471,-0.32914029430219166,0.9344728121351193,-0.48822459762387616,-0.5027397465361703,-0.3871122676704779,-0.7071067811865475,-1.173610966886636,-0.3317612894198111,0.4289245401321734,0.23272550888006965,0.79912683354932,0.0,0.0,1.0,0.0,0.0,0.0,0.0,0.0,0.0,1.0,0.0
0.40922737176196566,0.8959380005103884,-0.00984502071325424,-0.39138113233962235,-0.3741657386773941,-0.5319381536954396,0.6305142037423428,2.858743394063806,-0.690107188006829,0.4792703472497234,-0.7150969419341943,-0.38066618340099356,-0.5918224455920872,-0.6092076990801714,-0.6421755060191673,-0.8462440736915471,3.038218101251,0.9344728121351193,0.5237318410874306,-0.5027397465361703,-0.3871122676704779,1.4142135623730951,-0.8885989218215576,0.6952042948356323,0.4289245401321734,0.23272550888006965,0.79912683354932,0.0,0.0,1.0,0.0,0.0,0.0,0.0,0.0,0.0,0.0,1.0
0.967578047000253,0.28150783419206993,0.5251101711934586,-0.39138113233962235,2.6726124191242437,-0.5319381536954396,0.6305142037423428,-0.34980404399936865,0.8746750134620385,0.4792703472497234,-0.7150969419341943,-0.38066618340099356,-0.5918224455920872,-0.6092076990801714,-0.6421755060191673,-0.8462440736915471,-0.32914029430219166,-1.0701220913160239,-1.162862223431414,-0.5027397465361703,-0.3871122676704779,-0.7071067811865475,-0.2985035609121703,-0.6301869307346002,0.4289245401321734,0.23272550888006965,0.79912683354932,0.0,0.0,1.0,0.0,0.0,0.0,0.0,0.0,0.0,0.0,1.0
0.8655309671249928,1.1830983265176922,1.494270045684625,-0.39138113233962235,-0.3741657386773941,-0.5319381536954396,-1.5860070939950561,-0.34980404399936865,-1.1791016259658502,-0.9860849673298904,-0.7150969419341943,-0.38066618340099356,1.689695967849872,-0.6092076990801714,-0.6421755060191673,-0.8462440736915471,-0.32914029430219166,-1.0701220913160239,-1.162862223431414,-0.5027397465361703,-0.3871122676704779,-0.7071067811865475,-1.3502381497438674,0.7916058915140688,0.4289245401321734,0.23272550888006965,0.79912683354932,0.0,0.0,1.0,0.0,0.0,0.0,0.0,0.0,0.0,1.0,0.0
-0.3506395669407464,-0.28076194214072325,-0.7378686094067508,-0.39138113233962235,-0.3741657386773941,-0.5319381536954396,0.6305142037423428,-0.34980404399936865,-0.983503850782242,0.4792703472497234,-0.7150969419341943,-0.38066618340099356,-0.5918224455920872,-0.6092076990801714,-0.6421755060191673,-0.8462440736915471,-0.32914029430219166,0.9344728121351193,-0.48822459762387616,-0.5027397465361703,-0.3871122676704779,-0.7071067811865475,0.5284327951921414,-0.49577426404941627,0.4289245401321734,0.23272550888006965,-1.2513658133071346,0.0,0.0,1.0,0.0,0.0,0.0,0.0,0.0,0.0,0.0,1.0
1.8075165431416107,1.1306476036338917,0.7057422627661235,-0.39138113233962235,-0.3741657386773941,-0.5319381536954396,0.6305142037423428,-0.34980404399936865,0.9724739010538432,1.9446256618293372,-0.7150969419341943,-0.38066618340099356,1.689695967849872,1.6414763002993509,-0.6421755060191673,1.1816921749746827,-0.32914029430219166,0.9344728121351193,1.1983694668949685,-0.5027397465361703,-0.3871122676704779,-0.7071067811865475,-0.3426603566264781,-0.22296740437988943,0.4289245401321734,0.23272550888006965,0.79912683354932,0.0,0.0,1.0,0.0,0.0,0.0,0.0,0.0,1.0,0.0,0.0
0.28218027592738076,1.23378859505292,-0.7556702582292534,-0.39138113233962235,-0.3741657386773941,-0.5319381536954396,0.6305142037423428,-0.34980404399936865,-0.005514974864199148,1.9446256618293372,1.3984117975602022,-0.38066618340099356,-0.5918224455920872,-0.6092076990801714,-0.6421755060191673,-0.8462440736915471,3.038218101251,0.9344728121351193,0.5237318410874306,-0.5027397465361703,-0.3871122676704779,-0.7071067811865475,-0.02553427831463034,1.9082405305475476,0.4289245401321734,0.23272550888006965,0.79912683354932,0.0,0.0,1.0,0.0,0.0,0.0,0.0,0.0,0.0,0.0,1.0
-0.2027411991077233,-0.4933931473280733,-0.5961686123871155,-0.39138113233962235,-0.3741657386773941,-0.5319381536954396,0.6305142037423428,-0.34980404399936865,-0.690107188006829,0.4792703472497234,-0.7150969419341943,-0.38066618340099356,-0.5918224455920872,-0.6092076990801714,-0.6421755060191673,-0.8462440736915471,-0.32914029430219166,-1.0701220913160239,-1.162862223431414,-0.5027397465361703,-0.3871122676704779,-0.7071067811865475,0.08686483804906238,-0.7368024676830408,0.4289245401321734,0.23272550888006965,-1.2513658133071346,0.0,0.0,1.0,0.0,0.0,0.0,0.0,0.0,0.0,1.0,0.0
0.6133327610545286,-1.3202340863535682,0.18570789628528192,2.5550541847077235,-0.3741657386773941,-0.5319381536954396,-1.5860070939950561,2.858743394063806,-1.2769005135576545,0.4792703472497234,1.3984117975602022,2.626973562678144,-0.5918224455920872,1.6414763002993509,-0.6421755060191673,-0.8462440736915471,-0.32914029430219166,0.9344728121351193,-0.48822459762387616,-0.5027397465361703,-0.3871122676704779,1.4142135623730951,-0.8083138387046341,-1.198991986679378,-2.3314124197506847,0.23272550888006965,0.79912683354932,0.0,0.0,1.0,0.0,0.0,0.0,0.0,0.0,0.0,1.0,0.0
-1.1075199948519248,0.5030997774656912,-0.3961288345531627,-0.39138113233962235,-0.3741657386773941,-0.5319381536954396,-1.5860070939950561,2.858743394063806,-1.1791016259658502,-0.9860849673298904,1.3984117975602022,2.626973562678144,-0.5918224455920872,1.6414763002993509,1.557206699145191,1.1816921749746827,-0.32914029430219166,0.9344728121351193,1.1983694668949685,-0.5027397465361703,-0.3871122676704779,-0.7071067811865475,-0.0014487533795535309,1.988723795323943,-2.3314124197506847,0.23272550888006965,0.79912683354932,0.0,0.0,1.0,0.0,0.0,0.0,0.0,0.0,0.0,0.0,1.0
-0.09070578984806116,0.5574196083963977,-0.48882840223730034,-0.39138113233962235,-0.3741657386773941,-0.5319381536954396,0.6305142037423428,-0.34980404399936865,0.19008280031940863,0.4792703472497234,-0.7150969419341943,2.626973562678144,-0.5918224455920872,-0.6092076990801714,-0.6421755060191673,1.1816921749746827,-0.32914029430219166,-1.0701220913160239,0.5237318410874306,-0.5027397465361703,-0.3871122676704779,1.4142135623730951,-0.784228313769557,0.542139168617864,0.4289245401321734,0.23272550888006965,0.79912683354932,0.0,0.0,1.0,0.0,0.0,0.0,0.0,0.0,0.0,0.0,1.0
0.9192248737377523,1.5751903147960102,0.47878296986834096,-0.39138113233962235,-0.3741657386773941,-0.5319381536954396,-1.5860070939950561,2.858743394063806,-0.10331386245600391,0.4792703472497234,-0.7150969419341943,2.626973562678144,-0.5918224455920872,-0.6092076990801714,-0.6421755060191673,-0.8462440736915471,3.038218101251,0.9344728121351193,0.5237318410874306,1.9891007362952828,-0.3871122676704779,1.4142135623730951,0.002565500776292699,1.8958987611591835,0.4289245401321734,0.23272550888006965,0.79912683354932,0.0,0.0,1.0,0.0,0.0,0.0,0.0,0.0,0.0,0.0,1.0
0.14242460592593031,-0.6659367060685144,0.8014549679970773,-0.39138113233962235,-0.3741657386773941,-0.5319381536954396,-1.5860070939950561,-0.34980404399936865,0.19008280031940863,-0.9860849673298904,-0.7150969419341943,-0.38066618340099356,-0.5918224455920872,1.6414763002993509,-0.6421755060191673,1.1816921749746827,-0.32914029430219166,0.9344728121351193,1.1983694668949685,-0.5027397465361703,-0.3871122676704779,1.4142135623730951,-0.9126844467566346,-0.9406635417448722,0.4289245401321734,0.23272550888006965,0.79912683354932,0.0,0.0,1.0,0.0,0.0,0.0,0.0,0.0,0.0,0.0,1.0
-1.2885120544724715,-1.5938543121333792,-1.6364275992469197,-0.39138113233962235,2.6726124191242437,-0.5319381536954396,-1.5860070939950561,-0.34980404399936865,-0.49450941282322075,0.4792703472497234,1.3984117975602022,-0.38066618340099356,-0.5918224455920872,1.6414763002993509,1.557206699145191,1.1816921749746827,-0.32914029430219166,0.9344728121351193,1.1983694668949685,-0.5027397465361703,-0.3871122676704779,-0.7071067811865475,-0.5192875394837098,-1.0053413998215261,0.4289245401321734,0.23272550888006965,0.79912683354932,0.0,0.0,1.0,0.0,0.0,0.0,0.0,0.0,0.0,0.0,1.0
-0.20902006685981034,-0.5338899200176839,-1.2262784258743102,-0.39138113233962235,-0.3741657386773941,1.879917793173656,0.6305142037423428,-0.34980404399936865,-1.86369383910848,1.9446256618293372,-0.7150969419341943,-0.38066618340099356,1.689695967849872,-0.6092076990801714,1.557206699145191,-0.8462440736915471,-0.32914029430219166,0.9344728121351193,-0.48822459762387616,-0.5027397465361703,-0.3871122676704779,-0.7071067811865475,-0.9046559384449423,-0.7619626021230109,0.4289245401321734,0.23272550888006965,0.79912683354932,0.0,0.0,1.0,0.0,0.0,0.0,0.0,0.0,0.0,0.0,1.0
0.4508495984871113,0.8013134583516202,1.0969598849054656,-0.39138113233962235,-0.3741657386773941,-0.5319381536954396,0.6305142037423428,-0.34980404399936865,0.5812783506866259,-0.9860849673298904,1.3984117975602022,-0.38066618340099356,1.689695967849872,-0.6092076990801714,1.557206699145191,1.1816921749746827,-0.32914029430219166,-1.0701220913160239,0.5237318410874306,1.9891007362952828,-0.3871122676704779,1.4142135623730951,-0.033562786626322796,0.43875929340193187,-2.3314124197506847,0.23272550888006965,0.79912683354932,0.0,0.0,1.0,0.0,0.0,0.0,0.0,0.0,0.0,1.0,0.0
-0.350499275219573,-1.2951520676453125,0.3291799123004545,-0.39138113233962235,-0.3741657386773941,-0.5319381536954396,0.6305142037423428,-0.34980404399936865,-2.1570905018838924,-0.9860849673298904,-0.7150969419341943,-0.38066618340099356,-0.5918224455920872,1.6414763002993509,-0.6421755060191673,-0.8462440736915471,-0.32914029430219166,-1.0701220913160239,-1.162862223431414,-0.5027397465361703,-0.3871122676704779,1.4142135623730951,0.054750804802293114,-1.0765223406594997,0.4289245401321734,0.23272550888006965,-1.2513658133071346,0.0,0.0,1.0,0.0,0.0,0.0,0.0,0.0,0.0,0.0,1.0
0.14531835163128348,1.2383801321504926,-0.262695175192749,2.5550541847077235,-0.3741657386773941,-0.5319381536954396,0.6305142037423428,-0.34980404399936865,-0.690107188006829,0.4792703472497234,-0.7150969419341943,-0.38066618340099356,-0.5918224455920872,1.6414763002993509,1.557206699145191,1.1816921749746827,-0.32914029430219166,0.9344728121351193,1.1983694668949685,-0.5027397465361703,-0.3871122676704779,-0.7071067811865475,0.2233494793478322,2.2157128384880695,0.4289245401321734,0.23272550888006965,-1.2513658133071346,0.0,0.0,1.0,0.0,0.0,0.0,0.0,0.0,0.0,0.0,1.0
-0.13133689018357483,-0.13728433268835308,-1.1518522222369234,-0.39138113233962235,-0.3741657386773941,-0.5319381536954396,0.6305142037423428,-0.34980404399936865,-0.5923083004150251,1.9446256618293372,-0.7150969419341943,-0.38066618340099356,1.689695967849872,-0.6092076990801714,-0.6421755060191673,-0.8462440736915471,-0.32914029430219166,0.9344728121351193,-0.48822459762387616,-0.5027397465361703,-0.3871122676704779,-0.7071067811865475,-0.08574809065232293,-0.47134517859416336,0.4289245401321734,0.23272550888006965,0.79912683354932,0.0,0.0,1.0,0.0,0.0,0.0,0.0,0.0,0.0,1.0,0.0
-0.14246793615943762,-1.9062639287507628,-0.5384213088059203,-0.39138113233962235,-0.3741657386773941,-0.5319381536954396,0.6305142037423428,-0.34980404399936865,-0.983503850782242,0.4792703472497234,1.3984117975602022,-0.38066618340099356,-0.5918224455920872,-0.6092076990801714,1.557206699145191,1.1816921749746827,-0.32914029430219166,-1.0701220913160239,0.5237318410874306,-0.5027397465361703,-0.3871122676704779,1.4142135623730951,0.5244185410362951,-1.224838152845015,-2.3314124197506847,0.23272550888006965,-1.2513658133071346,0.0,0.0,1.0,0.0,0.0,0.0,0.0,0.0,1.0,0.0,0.0
0.28918867172844515,-0.8300047446457756,-0.7489556368555124,-0.39138113233962235,-0.3741657386773941,-0.5319381536954396,-1.5860070939950561,-0.34980404399936865,-0.690107188006829,1.9446256618293372,-0.7150969419341943,-0.38066618340099356,-0.5918224455920872,-0.6092076990801714,-0.6421755060191673,-0.8462440736915471,-0.32914029430219166,-1.0701220913160239,-1.162862223431414,-0.5027397465361703,-0.3871122676704779,-0.7071067811865475,0.3839196455816791,-1.037960511974241,0.4289245401321734,0.23272550888006965,-1.2513658133071346,0.0,0.0,1.0,0.0,0.0,0.0,0.0,0.0,0.0,0.0,1.0
0.022289437141652144,-0.30176377124154935,-0.3805684634780659,-0.39138113233962235,-0.3741657386773941,-0.5319381536954396,-1.5860070939950561,-0.34980404399936865,-0.49450941282322075,0.4792703472497234,1.3984117975602022,-0.38066618340099356,-0.5918224455920872,1.6414763002993509,-0.6421755060191673,1.1816921749746827,-0.32914029430219166,-1.0701220913160239,0.5237318410874306,-0.5027397465361703,-0.3871122676704779,1.4142135623730951,0.19524970025690916,-0.6863918279923266,0.4289245401321734,0.23272550888006965,-1.2513658133071346,0.0,0.0,1.0,0.0,0.0,0.0,0.0,0.0,0.0,1.0,0.0
-0.6247755802861312,-1.599427998204544,-1.0005149320085522,-0.39138113233962235,-0.3741657386773941,-0.5319381536954396,-1.5860070939950561,-0.34980404399936865,-0.5923083004150251,0.4792703472497234,1.3984117975602022,-0.38066618340099356,-0.5918224455920872,1.6414763002993509,1.557206699145191,1.1816921749746827,-0.32914029430219166,-1.0701220913160239,0.5237318410874306,-0.5027397465361703,-0.3871122676704779,-0.7071067811865475,0.038693788178908194,-1.119640545434122,0.4289245401321734,0.23272550888006965,-1.2513658133071346,0.0,0.0,1.0,0.0,0.0,0.0,0.0,0.0,0.0,0.0,1.0
-0.5023499041153718,0.598736606224493,0.18369038143684158,-0.39138113233962235,-0.3741657386773941,1.879917793173656,0.6305142037423428,-0.34980404399936865,0.48347946309482204,-0.9860849673298904,1.3984117975602022,-0.38066618340099356,1.689695967849872,1.6414763002993509,-0.6421755060191673,1.1816921749746827,-0.32914029430219166,0.9344728121351193,1.1983694668949685,-0.5027397465361703,2.5832299400318433,1.4142135623730951,-0.9648697507826348,1.2097986504460154,0.4289245401321734,0.23272550888006965,0.79912683354932,0.0,0.0,1.0,0.0,0.0,0.0,0.0,0.0,0.0,1.0,0.0
-0.3372164396901122,-1.6706332836224826,-0.7250080518036168,-0.39138113233962235,-0.3741657386773941,-0.5319381536954396,-1.5860070939950561,-0.34980404399936865,-1.1791016259658502,0.4792703472497234,1.3984117975602022,-0.38066618340099356,-0.5918224455920872,-0.6092076990801714,1.557206699145191,-0.8462440736915471,-0.32914029430219166,0.9344728121351193,-0.48822459762387616,-0.5027397465361703,-0.3871122676704779,1.4142135623730951,-0.09377659896401538,-1.1700033560432213,0.4289245401321734,0.23272550888006965,0.79912683354932,0.0,0.0,1.0,0.0,0.0,0.0,0.0,0.0,0.0,1.0,0.0
0.004874267752396816,-1.870652836224361,-1.0213515890086213,-0.39138113233962235,-0.3741657386773941,-0.5319381536954396,0.6305142037423428,-0.34980404399936865,-0.29891163763961254,1.9446256618293372,-0.7150969419341943,-0.38066618340099356,1.689695967849872,-0.6092076990801714,-0.6421755060191673,1.1816921749746827,-0.32914029430219166,0.9344728121351193,1.1983694668949685,-0.5027397465361703,-0.3871122676704779,1.4142135623730951,0.3477913581790636,-1.2304770281714745,0.4289245401321734,0.23272550888006965,-1.2513658133071346,0.0,0.0,1.0,0.0,0.0,0.0,0.0,0.0,0.0,0.0,1.0
-1.1255056643760726,0.6866548606924864,-0.41336107547546974,-0.39138113233962235,-0.3741657386773941,-0.5319381536954396,0.6305142037423428,2.858743394063806,-0.983503850782242,-0.9860849673298904,-0.7150969419341943,-0.38066618340099356,-0.5918224455920872,-0.6092076990801714,-0.6421755060191673,-0.8462440736915471,-0.32914029430219166,0.9344728121351193,-0.48822459762387616,-0.5027397465361703,-0.3871122676704779,-0.7071067811865475,-0.4349882022109401,2.8173300047372534,0.4289245401321734,0.23272550888006965,0.79912683354932,0.0,0.0,1.0,0.0,0.0,0.0,0.0,0.0,0.0,0.0,1.0
0.15781413372963427,0.07480442065514224,-0.8748231417000968,-0.39138113233962235,-0.3741657386773941,-0.5319381536954396,-1.5860070939950561,-0.34980404399936865,-0.8857049631904377,1.9446256618293372,-0.7150969419341943,2.626973562678144,-0.5918224455920872,-0.6092076990801714,1.557206699145191,-0.8462440736915471,-0.32914029430219166,-1.0701220913160239,-1.162862223431414,-0.5027397465361703,-0.3871122676704779,-0.7071067811865475,-0.9407842258475579,-0.4139936267996143,0.4289245401321734,0.23272550888006965,0.79912683354932,0.0,0.0,1.0,0.0,0.0,0.0,0.0,0.0,0.0,0.0,1.0
1.9267692035116852,-0.285989169796107,1.444113955938429,2.5550541847077235,-0.3741657386773941,-0.5319381536954396,0.6305142037423428,-0.34980404399936865,-0.983503850782242,0.4792703472497234,-0.7150969419341943,-0.38066618340099356,1.689695967849872,-0.6092076990801714,-0.6421755060191673,1.1816921749746827,3.038218101251,0.9344728121351193,2.2103259056062754,-0.5027397465361703,-0.3871122676704779,-0.7071067811865475,-0.5754870976655562,-1.1358317436738317,0.4289245401321734,-4.2969075663954355,0.79912683354932,0.0,0.0,1.0,0.0,0.0,0.0,0.0,0.0,0.0,0.0,1.0
-0.9312552547804729,-0.5868900209333165,-0.2272479117195154,-0.39138113233962235,-0.3741657386773941,-0.5319381536954396,-1.5860070939950561,-0.34980404399936865,-0.3967105252314164,-0.9860849673298904,1.3984117975602022,-0.38066618340099356,-0.5918224455920872,-0.6092076990801714,-0.6421755060191673,-0.8462440736915471,-0.32914029430219166,-1.0701220913160239,-1.162862223431414,-0.5027397465361703,-0.3871122676704779,1.4142135623730951,-0.1058193614315538,-0.487985839328519,-2.3314124197506847,0.23272550888006965,0.79912683354932,0.0,0.0,1.0,0.0,0.0,0.0,0.0,0.0,1.0,0.0,0.0
0.10516786203917813,-1.0419357242127174,0.7657589275591484,2.5550541847077235,-0.3741657386773941,-0.5319381536954396,-1.5860070939950561,2.858743394063806,-2.9394816026183266,-0.9860849673298904,1.3984117975602022,-0.38066618340099356,1.689695967849872,-0.6092076990801714,-0.6421755060191673,1.1816921749746827,-0.32914029430219166,0.9344728121351193,1.1983694668949685,-0.5027397465361703,-0.3871122676704779,-0.7071067811865475,0.014608263243831389,-1.0744700965073795,0.4289245401321734,0.23272550888006965,0.79912683354932,0.0,0.0,1.0,0.0,0.0,0.0,0.0,0.0,0.0,1.0,0.0
2.570823664040564,1.4927121054933898,2.0611860765307974,-0.39138113233962235,-0.3741657386773941,-0.5319381536954396,-1.5860070939950561,-0.34980404399936865,-1.0813027383740463,0.4792703472497234,1.3984117975602022,-0.38066618340099356,-0.5918224455920872,-0.6092076990801714,-0.6421755060191673,-0.8462440736915471,-0.32914029430219166,-1.0701220913160239,-1.162862223431414,1.9891007362952828,-0.3871122676704779,-0.7071067811865475,0.3036345624647557,-0.2865096483446558,0.4289245401321734,0.23272550888006965,-1.2513658133071346,0.0,0.0,1.0,0.0,0.0,0.0,0.0,0.0,1.0,0.0,0.0
0.2449070681901114,1.0257484602797047,-0.16727970217389285,-0.39138113233962235,-0.3741657386773941,-0.5319381536954396,0.6305142037423428,-0.34980404399936865,-0.7879060755986333,0.4792703472497234,1.3984117975602022,-0.38066618340099356,-0.5918224455920872,-0.6092076990801714,-0.6421755060191673,1.1816921749746827,-0.32914029430219166,0.9344728121351193,1.1983694668949685,-0.5027397465361703,-0.3871122676704779,-0.7071067811865475,-0.6116153850681716,1.2771402492163328,-2.3314124197506847,0.23272550888006965,0.79912683354932,0.0,0.0,1.0,0.0,0.0,0.0,0.0,0.0,0.0,1.0,0.0
1.5962224260518956,0.5206388351121133,0.503301725767812,-0.39138113233962235,-0.3741657386773941,-0.5319381536954396,-1.5860070939950561,-0.34980404399936865,-1.5702971763330675,1.9446256618293372,-0.7150969419341943,-0.38066618340099356,1.689695967849872,1.6414763002993509,-0.6421755060191673,-0.8462440736915471,-0.32914029430219166,0.9344728121351193,-0.48822459762387616,-0.5027397465361703,-0.3871122676704779,1.4142135623730951,-0.28646079844463157,-0.7079377481697855,0.4289245401321734,0.23272550888006965,0.79912683354932,0.0,0.0,1.0,0.0,0.0,0.0,0.0,0.0,1.0,0.0,0.0
1.60058237519747,1.1100346473141356,2.1985297863175566,-0.39138113233962235,-0.3741657386773941,-0.5319381536954396,-1.5860070939950561,-0.34980404399936865,-0.10331386245600391,-0.9860849673298904,-0.7150969419341943,2.626973562678144,-0.5918224455920872,-0.6092076990801714,1.557206699145191,-0.8462440736915471,-0.32914029430219166,-1.0701220913160239,-1.162862223431414,-0.5027397465361703,-0.3871122676704779,-0.7071067811865475,-0.3225890858472472,-0.09930628277606701,0.4289245401321734,0.23272550888006965,0.79912683354932,0.0,0.0,1.0,0.0,0.0,0.0,0.0,0.0,1.0,0.0,0.0
0.06987356724611522,-1.5280920710976287,-0.3349784020029851,-0.39138113233962235,2.6726124191242437,-0.5319381536954396,0.6305142037423428,-0.34980404399936865,-0.690107188006829,0.4792703472497234,-0.7150969419341943,-0.38066618340099356,-0.5918224455920872,-0.6092076990801714,-0.6421755060191673,-0.8462440736915471,-0.32914029430219166,-1.0701220913160239,-1.162862223431414,-0.5027397465361703,-0.3871122676704779,1.4142135623730951,-0.8002853303929418,-1.1844304692493386,0.4289245401321734,0.23272550888006965,0.79912683354932,0.0,0.0,1.0,0.0,0.0,0.0,0.0,0.0,0.0,0.0,1.0
1.1653115950327497,1.1464457365641174,0.7145589197227444,-0.39138113233962235,-0.3741657386773941,-0.5319381536954396,0.6305142037423428,-0.34980404399936865,-1.6680960639248714,0.4792703472497234,-0.7150969419341943,-0.38066618340099356,1.689695967849872,1.6414763002993509,1.557206699145191,1.1816921749746827,-0.32914029430219166,0.9344728121351193,1.1983694668949685,-0.5027397465361703,-0.3871122676704779,-0.7071067811865475,-1.109382900393097,0.3559598036317274,0.4289245401321734,0.23272550888006965,0.79912683354932,0.0,0.0,1.0,0.0,0.0,0.0,0.0,0.0,1.0,0.0,0.0
0.6601120064805072,0.3369666709426496,0.2305270282832604,-0.39138113233962235,-0.3741657386773941,-0.5319381536954396,-1.5860070939950561,-0.34980404399936865,-1.6680960639248714,0.4792703472497234,-0.7150969419341943,-0.38066618340099356,1.689695967849872,1.6414763002993509,-0.6421755060191673,-0.8462440736915471,-0.32914029430219166,0.9344728121351193,-0.48822459762387616,-0.5027397465361703,-0.3871122676704779,-0.7071067811865475,0.02665102571136979,-0.4241682895050307,0.4289245401321734,0.23272550888006965,-1.2513658133071346,0.0,0.0,1.0,0.0,0.0,0.0,0.0,0.0,0.0,0.0,1.0
1.9065824745715594,2.1024793336295597,1.4247729578305244,-0.39138113233962235,-0.3741657386773941,-0.5319381536954396,0.6305142037423428,-0.34980404399936865,-1.3746994011494589,0.4792703472497234,1.3984117975602022,-0.38066618340099356,1.689695967849872,1.6414763002993509,-0.6421755060191673,-0.8462440736915471,-0.32914029430219166,0.9344728121351193,-0.48822459762387616,-0.5027397465361703,-0.3871122676704779,-0.7071067811865475,0.41603367882844866,1.8700127636412252,0.4289245401321734,0.23272550888006965,-1.2513658133071346,0.0,0.0,1.0,0.0,0.0,0.0,0.0,0.0,0.0,1.0,0.0
1.1295328630876444,0.933121575740829,0.05616848817068554,-0.39138113233962235,-0.3741657386773941,-0.5319381536954396,0.6305142037423428,-0.34980404399936865,-1.7658949515166757,1.9446256618293372,-0.7150969419341943,-0.38066618340099356,-0.5918224455920872,-0.6092076990801714,-0.6421755060191673,1.1816921749746827,-0.32914029430219166,-1.0701220913160239,0.5237318410874306,-0.5027397465361703,-0.3871122676704779,1.4142135623730951,-0.30251781506801634,0.017016373835771384,0.4289245401321734,0.23272550888006965,0.79912683354932,0.0,0.0,1.0,0.0,0.0,0.0,0.0,0.0,0.0,1.0,0.0
-2.1363707669110843,-0.8796859616172223,-3.0727545705460186,-0.39138113233962235,-0.3741657386773941,-0.5319381536954396,0.6305142037423428,2.858743394063806,-0.5923083004150251,1.9446256618293372,-0.7150969419341943,-0.38066618340099356,1.689695967849872,-0.6092076990801714,1.557206699145191,-0.8462440736915471,-0.32914029430219166,0.9344728121351193,-0.48822459762387616,-0.5027397465361703,-0.3871122676704779,-0.7071067811865475,-0.6678149432500181,-0.05256504527325773,0.4289245401321734,0.23272550888006965,0.79912683354932,0.0,0.0,1.0,0.0,0.0,0.0,0.0,0.0,0.0,1.0,0.0
1.3193165972680767,0.4229730309014656,1.9290463710923418,2.5550541847077235,-0.3741657386773941,-0.5319381536954396,0.6305142037423428,2.858743394063806,0.7768761258702346,-0.9860849673298904,1.3984117975602022,-0.38066618340099356,1.689695967849872,-0.6092076990801714,-0.6421755060191673,-0.8462440736915471,3.038218101251,-1.0701220913160239,-0.15090578472010727,-0.5027397465361703,-0.3871122676704779,-0.7071067811865475,0.1992639544127551,-0.6689169816127942,0.4289245401321734,0.23272550888006965,-1.2513658133071346,0.0,0.0,1.0,0.0,0.0,0.0,0.0,0.0,0.0,1.0,0.0
1.5511565830553853,1.5444310335253004,1.0842379913880436,2.5550541847077235,-0.3741657386773941,-0.5319381536954396,0.6305142037423428,-0.34980404399936865,-0.7879060755986333,0.4792703472497234,1.3984117975602022,2.626973562678144,1.689695967849872,-0.6092076990801714,1.557206699145191,-0.8462440736915471,-0.32914029430219166,0.9344728121351193,-0.48822459762387616,-0.5027397465361703,-0.3871122676704779,-0.7071067811865475,0.5284327951921414,0.7680496921278158,-2.3314124197506847,0.23272550888006965,-1.2513658133071346,0.0,0.0,1.0,0.0,0.0,0.0,0.0,0.0,1.0,0.0,0.0
-0.22318085879384023,-0.053134984371743806,0.45116489722132014,-0.39138113233962235,-0.3741657386773941,1.879917793173656,-1.5860070939950561,-0.34980404399936865,-0.8857049631904377,-0.9860849673298904,-0.7150969419341943,-0.38066618340099356,-0.5918224455920872,-0.6092076990801714,1.557206699145191,1.1816921749746827,-0.32914029430219166,-1.0701220913160239,0.5237318410874306,-0.5027397465361703,-0.3871122676704779,-0.7071067811865475,0.6649174364909112,-0.32692713772712356,0.4289245401321734,0.23272550888006965,-1.2513658133071346,0.0,0.0,1.0,0.0,0.0,0.0,0.0,0.0,0.0,0.0,1.0
-1.344248723734587,-1.260940918116992,-0.6229408797684118,-0.39138113233962235,-0.3741657386773941,-0.5319381536954396,-1.5860070939950561,-0.34980404399936865,-1.6680960639248714,-0.9860849673298904,1.3984117975602022,-0.38066618340099356,1.689695967849872,-0.6092076990801714,-0.6421755060191673,-0.8462440736915471,-0.32914029430219166,-1.0701220913160239,-1.162862223431414,-0.5027397465361703,-0.3871122676704779,-0.7071067811865475,-0.4831592520810941,-0.8322984358795656,-2.3314124197506847,0.23272550888006965,0.79912683354932,0.0,0.0,1.0,0.0,0.0,0.0,0.0,0.0,0.0,0.0,1.0
-0.3346707341396156,1.2989976907748726,-1.3466607225500378,-0.39138113233962235,-0.3741657386773941,-0.5319381536954396,0.6305142037423428,-0.34980404399936865,-1.9614927267002844,1.9446256618293372,-0.7150969419341943,-0.38066618340099356,1.689695967849872,-0.6092076990801714,-0.6421755060191673,1.1816921749746827,-0.32914029430219166,-1.0701220913160239,0.5237318410874306,-0.5027397465361703,-0.3871122676704779,-0.7071067811865475,-0.6156296392240178,3.799519883790995,0.4289245401321734,0.23272550888006965,0.79912683354932,0.0,0.0,1.0,0.0,0.0,0.0,0.0,0.0,0.0,1.0,0.0
-0.7046544474498021,-0.2817240798846293,-1.0770456849491263,-0.39138113233962235,-0.3741657386773941,-0.5319381536954396,-1.5860070939950561,2.858743394063806,-0.10331386245600391,0.4792703472497234,1.3984117975602022,-0.38066618340099356,-0.5918224455920872,-0.6092076990801714,-0.6421755060191673,-0.8462440736915471,-0.32914029430219166,-1.0701220913160239,-1.162862223431414,-0.5027397465361703,-0.3871122676704779,-0.7071067811865475,-0.8243708553280188,-0.2890872171468518,-2.3314124197506847,0.23272550888006965,0.79912683354932,0.0,0.0,1.0,0.0,0.0,0.0,0.0,0.0,0.0,0.0,1.0
0.1149291452612172,0.06571541290250638,0.7751113057937875,-0.39138113233962235,-0.3741657386773941,-0.5319381536954396,0.6305142037423428,2.858743394063806,-0.7879060755986333,-0.9860849673298904,-0.7150969419341943,2.626973562678144,1.689695967849872,-0.6092076990801714,1.557206699145191,1.1816921749746827,-0.32914029430219166,-1.0701220913160239,0.5237318410874306,-0.5027397465361703,-0.3871122676704779,1.4142135623730951,-1.2659388124710977,-0.3988528615815656,0.4289245401321734,0.23272550888006965,0.79912683354932,0.0,0.0,1.0,0.0,0.0,0.0,0.0,0.0,0.0,0.0,1.0
-0.06228873126193697,-0.7351320054265295,-0.46160222903271036,-0.39138113233962235,-0.3741657386773941,-0.5319381536954396,0.6305142037423428,-0.34980404399936865,-2.4504871646593056,0.4792703472497234,1.3984117975602022,-0.38066618340099356,-0.5918224455920872,-0.6092076990801714,1.557206699145191,-0.8462440736915471,-0.32914029430219166,-1.0701220913160239,-1.162862223431414,-0.5027397465361703,-0.3871122676704779,1.4142135623730951,-0.6758434515617104,-0.921163265079751,-2.3314124197506847,0.23272550888006965,0.79912683354932,0.0,0.0,1.0,0.0,0.0,0.0,0.0,0.0,0.0,0.0,1.0
1.0990533365394597,0.7247580235773304,0.6510767807539024,-0.39138113233962235,-0.3741657386773941,-0.5319381536954396,0.6305142037423428,2.858743394063806,-1.1791016259658502,0.4792703472497234,1.3984117975602022,-0.38066618340099356,-0.5918224455920872,-0.6092076990801714,-0.6421755060191673,-0.8462440736915471,-0.32914029430219166,-1.0701220913160239,-1.162862223431414,-0.5027397465361703,-0.3871122676704779,-0.7071067811865475,-0.2704037818212469,-0.2515318338405305,-2.3314124197506847,0.23272550888006965,0.79912683354932,0.0,0.0,1.0,0.0,0.0,0.0,0.0,0.0,0.0,1.0,0.0
1.1774731205897337,0.07479577347722413,1.7931447878848263,2.5550541847077235,-0.3741657386773941,-0.5319381536954396,0.6305142037423428,2.858743394063806,-1.2769005135576545,-0.9860849673298904,1.3984117975602022,-0.38066618340099356,1.689695967849872,-0.6092076990801714,1.557206699145191,-0.8462440736915471,-0.32914029430219166,0.9344728121351193,-0.48822459762387616,-0.5027397465361703,-0.3871122676704779,-0.7071067811865475,-0.5233017936395559,-0.8486085060298024,0.4289245401321734,0.23272550888006965,0.79912683354932,0.0,0.0,1.0,0.0,0.0,0.0,0.0,0.0,0.0,0.0,1.0
0.3950271167728216,0.21026012974912742,-0.02345024165740372,-0.39138113233962235,-0.3741657386773941,-0.5319381536954396,-1.5860070939950561,-0.34980404399936865,-0.983503850782242,0.4792703472497234,-0.7150969419341943,-0.38066618340099356,1.689695967849872,-0.6092076990801714,-0.6421755060191673,-0.8462440736915471,-0.32914029430219166,-1.0701220913160239,-1.162862223431414,-0.5027397465361703,-0.3871122676704779,-0.7071067811865475,-0.8805704135098653,-0.4063995327355894,0.4289245401321734,0.23272550888006965,0.79912683354932,0.0,0.0,1.0,0.0,0.0,0.0,0.0,0.0,0.0,0.0,1.0
-2.428123190017594,-0.4197079003035002,-2.7282401858397622,-0.39138113233962235,-0.3741657386773941,1.879917793173656,0.6305142037423428,-0.34980404399936865,-0.690107188006829,0.4792703472497234,-0.7150969419341943,-0.38066618340099356,-0.5918224455920872,-0.6092076990801714,1.557206699145191,-0.8462440736915471,-0.32914029430219166,0.9344728121351193,-0.48822459762387616,1.9891007362952828,-0.3871122676704779,1.4142135623730951,0.33976284986737115,1.279767079368659,0.4289245401321734,0.23272550888006965,-1.2513658133071346,0.0,0.0,1.0,0.0,0.0,0.0,0.0,0.0,0.0,1.0,0.0
0.49521630903083524,-0.9815131239366262,0.07254075054422095,2.5550541847077235,-0.3741657386773941,1.879917793173656,0.6305142037423428,-0.34980404399936865,-2.8416827150265225,0.4792703472497234,1.3984117975602022,2.626973562678144,1.689695967849872,1.6414763002993509,1.557206699145191,-0.8462440736915471,-0.32914029430219166,0.9344728121351193,-0.48822459762387616,-0.5027397465361703,-0.3871122676704779,-0.7071067811865475,0.002565500776292699,-1.11653381590959,-2.3314124197506847,0.23272550888006965,0.79912683354932,0.0,0.0,1.0,0.0,0.0,0.0,0.0,0.0,0.0,0.0,1.0
0.7657645528953628,1.0310254428003487,1.398682895945693,-0.39138113233962235,-0.3741657386773941,1.879917793173656,0.6305142037423428,-0.34980404399936865,-0.005514974864199148,-0.9860849673298904,-0.7150969419341943,-0.38066618340099356,-0.5918224455920872,-0.6092076990801714,-0.6421755060191673,-0.8462440736915471,-0.32914029430219166,-1.0701220913160239,-1.162862223431414,-0.5027397465361703,2.5832299400318433,-0.7071067811865475,0.1872211919452167,0.5642786447276185,0.4289245401321734,0.23272550888006965,-1.2513658133071346,0.0,0.0,0.0,1.0,0.0,0.0,0.0,0.0,1.0,0.0,0.0
-0.23959524355606335,0.7720432639059358,-0.6314781404597323,-0.39138113233962235,-0.3741657386773941,-0.5319381536954396,-1.5860070939950561,2.858743394063806,0.6790772382784298,0.4792703472497234,-0.7150969419341943,-0.38066618340099356,1.689695967849872,-0.6092076990801714,-0.6421755060191673,-0.8462440736915471,-0.32914029430219166,-1.0701220913160239,-1.162862223431414,1.9891007362952828,2.5832299400318433,1.4142135623730951,-0.2985035609121703,1.3027246112583133,0.4289245401321734,0.23272550888006965,0.79912683354932,0.0,0.0,0.0,1.0,0.0,0.0,0.0,0.0,0.0,0.0,1.0
-0.37955738294272084,0.03395179820200556,0.3013390630977413,2.5550541847077235,-0.3741657386773941,-0.5319381536954396,-1.5860070939950561,2.858743394063806,1.4614683390128644,-0.9860849673298904,-0.7150969419341943,-0.38066618340099356,1.689695967849872,-0.6092076990801714,-0.6421755060191673,-0.8462440736915471,-0.32914029430219166,-1.0701220913160239,-1.162862223431414,-0.5027397465361703,-0.3871122676704779,-0.7071067811865475,-1.5790506366270993,-0.10592910033360431,0.4289245401321734,0.23272550888006965,0.79912683354932,0.0,0.0,0.0,1.0,0.0,0.0,0.0,0.0,1.0,0.0,0.0
0.5951209386762346,0.04939122456089323,0.16825917784110256,-0.39138113233962235,-0.3741657386773941,-0.5319381536954396,-1.5860070939950561,-0.34980404399936865,1.8526638893800809,0.4792703472497234,-0.7150969419341943,-0.38066618340099356,-0.5918224455920872,-0.6092076990801714,-0.6421755060191673,-0.8462440736915471,-0.32914029430219166,-1.0701220913160239,-1.162862223431414,-0.5027397465361703,2.5832299400318433,-0.7071067811865475,-0.43097394805509387,-0.6546960448388994,0.4289245401321734,0.23272550888006965,0.79912683354932,0.0,0.0,0.0,1.0,0.0,0.0,0.0,0.0,0.0,0.0,1.0
0.9657473099648372,1.1748957474578117,-0.10075325326521148,-0.39138113233962235,-0.3741657386773941,1.879917793173656,0.6305142037423428,-0.34980404399936865,1.2658705638292558,1.9446256618293372,-0.7150969419341943,-0.38066618340099356,-0.5918224455920872,-0.6092076990801714,-0.6421755060191673,1.1816921749746827,-0.32914029430219166,0.9344728121351193,1.1983694668949685,-0.5027397465361703,-0.3871122676704779,-0.7071067811865475,0.006579754932138929,0.6439686085702174,0.4289245401321734,0.23272550888006965,0.79912683354932,0.0,0.0,0.0,1.0,0.0,0.0,0.0,0.0,0.0,0.0,1.0
-0.19947864519472494,0.46544704698358985,0.47387421335678875,-0.39138113233962235,-0.3741657386773941,1.879917793173656,0.6305142037423428,-0.34980404399936865,0.8746750134620385,-0.9860849673298904,-0.7150969419341943,-0.38066618340099356,1.689695967849872,-0.6092076990801714,-0.6421755060191673,-0.8462440736915471,-0.32914029430219166,-1.0701220913160239,-1.162862223431414,-0.5027397465361703,2.5832299400318433,-0.7071067811865475,-1.5389080950686376,0.4718260996406855,0.4289245401321734,0.23272550888006965,0.79912683354932,0.0,0.0,0.0,1.0,0.0,0.0,0.0,0.0,0.0,0.0,1.0
0.057699198092002336,-0.02884911315245164,0.7202787494484856,-0.39138113233962235,-0.3741657386773941,-0.5319381536954396,-1.5860070939950561,-0.34980404399936865,2.928451652889928,-0.9860849673298904,-0.7150969419341943,-0.38066618340099356,-0.5918224455920872,-0.6092076990801714,-0.6421755060191673,-0.8462440736915471,-0.32914029430219166,-1.0701220913160239,-1.162862223431414,-0.5027397465361703,-0.3871122676704779,-0.7071067811865475,-1.0973401379255585,-0.46517765128806066,0.4289245401321734,0.23272550888006965,0.79912683354932,0.0,0.0,0.0,1.0,0.0,0.0,0.0,0.0,1.0,0.0,0.0
-0.4675848409001622,0.2679946118378849,0.21699911894029641,-0.39138113233962235,-0.3741657386773941,-0.5319381536954396,0.6305142037423428,-0.34980404399936865,-0.10331386245600391,-0.9860849673298904,-0.7150969419341943,-0.38066618340099356,-0.5918224455920872,1.6414763002993509,-0.6421755060191673,-0.8462440736915471,-0.32914029430219166,-1.0701220913160239,-1.162862223431414,-0.5027397465361703,-0.3871122676704779,-0.7071067811865475,-0.39885991480832456,0.3659299324747679,0.4289245401321734,0.23272550888006965,0.79912683354932,0.0,0.0,0.0,1.0,0.0,0.0,0.0,0.0,1.0,0.0,0.0
1.4724873632938582,-1.1932933058511133,1.0088647594261113,-0.39138113233962235,-0.3741657386773941,-0.5319381536954396,-1.5860070939950561,-0.34980404399936865,2.0482616645636895,0.4792703472497234,-0.7150969419341943,-0.38066618340099356,1.689695967849872,-0.6092076990801714,-0.6421755060191673,-0.8462440736915471,-0.32914029430219166,0.9344728121351193,-0.48822459762387616,-0.5027397465361703,-0.3871122676704779,-0.7071067811865475,-0.2543467651978623,-1.2440481112525497,0.4289245401321734,0.23272550888006965,0.79912683354932,0.0,0.0,0.0,1.0,0.0,0.0,0.0,0.0,1.0,0.0,0.0
-0.6721900058395671,-0.4187214717543044,-1.045941998662326,-0.39138113233962235,-0.3741657386773941,-0.5319381536954396,-1.5860070939950561,-0.34980404399936865,0.19008280031940863,0.4792703472497234,-0.7150969419341943,-0.38066618340099356,-0.5918224455920872,1.6414763002993509,-0.6421755060191673,-0.8462440736915471,-0.32914029430219166,0.9344728121351193,-0.48822459762387616,-0.5027397465361703,-0.3871122676704779,-0.7071067811865475,-0.410902677275863,-0.46011339034732224,0.4289245401321734,0.23272550888006965,0.79912683354932,0.0,0.0,0.0,1.0,0.0,0.0,0.0,0.0,0.0,1.0,0.0
-0.7943681190814837,-0.9919180607730931,-0.09609504591363227,-0.39138113233962235,-0.3741657386773941,-0.5319381536954396,-1.5860070939950561,-0.34980404399936865,0.6790772382784298,-0.9860849673298904,-0.7150969419341943,-0.38066618340099356,-0.5918224455920872,-0.6092076990801714,-0.6421755060191673,-0.8462440736915471,-0.32914029430219166,-1.0701220913160239,-1.162862223431414,-0.5027397465361703,-0.3871122676704779,1.4142135623730951,-0.547387318574633,-0.8485831618153504,0.4289245401321734,0.23272550888006965,0.79912683354932,0.0,0.0,0.0,1.0,0.0,0.0,0.0,0.0,0.0,0.0,1.0
-0.22233885226013098,0.7382217630545344,-0.6149449493215818,-0.39138113233962235,-0.3741657386773941,-0.5319381536954396,-1.5860070939950561,-0.34980404399936865,0.9724739010538432,0.4792703472497234,-0.7150969419341943,-0.38066618340099356,-0.5918224455920872,-0.6092076990801714,-0.6421755060191673,-0.8462440736915471,-0.32914029430219166,0.9344728121351193,-0.48822459762387616,1.9891007362952828,-0.3871122676704779,-0.7071067811865475,-0.47914499792524806,1.174776358616164,0.4289245401321734,0.23272550888006965,0.79912683354932,0.0,0.0,0.0,1.0,0.0,0.0,0.0,0.0,0.0,1.0,0.0
-2.0327530031857286,-1.2254892310155558,-1.2826033740454297,-0.39138113233962235,-0.3741657386773941,-0.5319381536954396,0.6305142037423428,-0.34980404399936865,1.9504627769718856,-0.9860849673298904,-0.7150969419341943,-0.38066618340099356,1.689695967849872,-0.6092076990801714,-0.6421755060191673,-0.8462440736915471,-0.32914029430219166,0.9344728121351193,-0.48822459762387616,-0.5027397465361703,-0.3871122676704779,1.4142135623730951,-0.5915441142889407,-0.5288469369458831,0.4289245401321734,0.23272550888006965,0.79912683354932,0.0,0.0,0.0,1.0,0.0,0.0,0.0,0.0,0.0,0.0,1.0
-0.9772142197461696,-0.5847961769156331,-0.27128163288654994,-0.39138113233962235,-0.3741657386773941,-0.5319381536954396,-1.5860070939950561,-0.34980404399936865,2.341658327339102,-0.9860849673298904,-0.7150969419341943,-0.38066618340099356,-0.5918224455920872,-0.6092076990801714,-0.6421755060191673,-0.8462440736915471,-0.32914029430219166,-1.0701220913160239,-1.162862223431414,1.9891007362952828,2.5832299400318433,-0.7071067811865475,-0.503230522860325,-0.4611797356742689,0.4289245401321734,0.23272550888006965,0.79912683354932,0.0,0.0,0.0,1.0,0.0,0.0,0.0,0.0,0.0,1.0,0.0
-0.36910614195676456,-0.8875046386120468,0.3113524964239394,-0.39138113233962235,-0.3741657386773941,-0.5319381536954396,0.6305142037423428,-0.34980404399936865,1.3636694514210597,-0.9860849673298904,-0.7150969419341943,-0.38066618340099356,-0.5918224455920872,-0.6092076990801714,1.557206699145191,-0.8462440736915471,-0.32914029430219166,0.9344728121351193,-0.48822459762387616,-0.5027397465361703,-0.3871122676704779,-0.7071067811865475,-0.9327557175358654,-0.9145754511275178,0.4289245401321734,0.23272550888006965,0.79912683354932,0.0,0.0,0.0,1.0,0.0,0.0,0.0,0.0,1.0,0.0,0.0
-1.3484750547642124,-0.00037665853618524723,-1.6938765221447898,-0.39138113233962235,-0.3741657386773941,-0.5319381536954396,-1.5860070939950561,-0.34980404399936865,0.48347946309482204,0.4792703472497234,-0.7150969419341943,-0.38066618340099356,-0.5918224455920872,-0.6092076990801714,-0.6421755060191673,-0.8462440736915471,-0.32914029430219166,-1.0701220913160239,-1.162862223431414,-0.5027397465361703,-0.3871122676704779,-0.7071067811865475,-0.3466746107823243,0.8274521564081743,0.4289245401321734,0.23272550888006965,0.79912683354932,0.0,0.0,0.0,1.0,0.0,0.0,0.0,0.0,0.0,0.0,1.0
0.2801131779527951,0.22144805561365524,-0.13354887606253277,-0.39138113233962235,2.6726124191242437,1.879917793173656,0.6305142037423428,-0.34980404399936865,0.38568057550301726,0.4792703472497234,-0.7150969419341943,-0.38066618340099356,1.689695967849872,1.6414763002993509,-0.6421755060191673,-0.8462440736915471,-0.32914029430219166,0.9344728121351193,-0.48822459762387616,1.9891007362952828,-0.3871122676704779,-0.7071067811865475,-1.109382900393097,-0.32428125277625824,0.4289245401321734,0.23272550888006965,0.79912683354932,0.0,0.0,0.0,1.0,0.0,0.0,0.0,0.0,1.0,0.0,0.0
-1.5898798209489189,-1.402772160688137,-1.9251589972348477,-0.39138113233962235,-0.3741657386773941,-0.5319381536954396,-1.5860070939950561,-0.34980404399936865,2.146060552155493,0.4792703472497234,-0.7150969419341943,-0.38066618340099356,1.689695967849872,-0.6092076990801714,-0.6421755060191673,1.1816921749746827,-0.32914029430219166,-1.0701220913160239,0.5237318410874306,-0.5027397465361703,-0.3871122676704779,-0.7071067811865475,-0.005463007535399475,-0.8375153288572851,0.4289245401321734,0.23272550888006965,0.79912683354932,0.0,0.0,0.0,1.0,0.0,0.0,0.0,0.0,0.0,0.0,1.0
0.024411362240344528,0.7157842282209297,-0.37853546060526805,-0.39138113233962235,-0.3741657386773941,-0.5319381536954396,-1.5860070939950561,-0.34980404399936865,0.8746750134620385,0.4792703472497234,-0.7150969419341943,-0.38066618340099356,-0.5918224455920872,-0.6092076990801714,-0.6421755060191673,-0.8462440736915471,-0.32914029430219166,-1.0701220913160239,-1.162862223431414,-0.5027397465361703,-0.3871122676704779,-0.7071067811865475,-0.5915441142889407,0.7619570162995507,0.4289245401321734,0.23272550888006965,0.79912683354932,0.0,0.0,0.0,1.0,0.0,0.0,0.0,0.0,0.0,1.0,0.0
0.8856721228559774,0.36663555954515253,-0.1774725991369051,-0.39138113233962235,-0.3741657386773941,1.879917793173656,-1.5860070939950561,-0.34980404399936865,1.168071676237451,1.9446256618293372,-0.7150969419341943,-0.38066618340099356,1.689695967849872,-0.6092076990801714,-0.6421755060191673,-0.8462440736915471,-0.32914029430219166,0.9344728121351193,-0.48822459762387616,-0.5027397465361703,-0.3871122676704779,-0.7071067811865475,-0.8002853303929418,-0.5163884820395015,0.4289245401321734,0.23272550888006965,0.79912683354932,0.0,0.0,0.0,1.0,0.0,0.0,0.0,0.0,0.0,1.0,0.0
0.10957621862251575,0.024313115861420265,-0.29693951998670887,2.5550541847077235,-0.3741657386773941,-0.5319381536954396,-1.5860070939950561,-0.34980404399936865,0.2878816879112134,0.4792703472497234,-0.7150969419341943,-0.38066618340099356,-0.5918224455920872,-0.6092076990801714,-0.6421755060191673,-0.8462440736915471,-0.32914029430219166,-1.0701220913160239,-1.162862223431414,-0.5027397465361703,-0.3871122676704779,-0.7071067811865475,-0.4149169314317092,-0.43958659829560404,0.4289245401321734,0.23272550888006965,0.79912683354932,0.0,0.0,0.0,1.0,0.0,0.0,0.0,0.0,1.0,0.0,0.0
-0.5112198606439671,-1.939001286839519,0.17519199177912406,-0.39138113233962235,-0.3741657386773941,-0.5319381536954396,-1.5860070939950561,-0.34980404399936865,0.6790772382784298,-0.9860849673298904,-0.7150969419341943,-0.38066618340099356,1.689695967849872,-0.6092076990801714,-0.6421755060191673,-0.8462440736915471,-0.32914029430219166,-1.0701220913160239,-1.162862223431414,-0.5027397465361703,2.5832299400318433,-0.7071067811865475,0.006579754932138929,-1.2007189616860532,0.4289245401321734,0.23272550888006965,0.79912683354932,0.0,0.0,0.0,1.0,0.0,0.0,0.0,0.0,0.0,1.0,0.0
-0.39877729042990917,0.8219380819544607,0.28292428705178946,-0.39138113233962235,-0.3741657386773941,-0.5319381536954396,-1.5860070939950561,2.858743394063806,2.0482616645636895,-0.9860849673298904,-0.7150969419341943,-0.38066618340099356,-0.5918224455920872,1.6414763002993509,-0.6421755060191673,-0.8462440736915471,-0.32914029430219166,0.9344728121351193,-0.48822459762387616,-0.5027397465361703,2.5832299400318433,-0.7071067811865475,-0.9367699716917117,1.7501811252472306,0.4289245401321734,0.23272550888006965,0.79912683354932,0.0,0.0,0.0,1.0,0.0,0.0,0.0,0.0,1.0,0.0,0.0
0.27786664526465904,-1.12394048577363,-0.13570126992388465,2.5550541847077235,-0.3741657386773941,-0.5319381536954396,0.6305142037423428,-0.34980404399936865,2.146060552155493,0.4792703472497234,-0.7150969419341943,-0.38066618340099356,1.689695967849872,1.6414763002993509,-0.6421755060191673,-0.8462440736915471,-0.32914029430219166,-1.0701220913160239,-1.162862223431414,-0.5027397465361703,-0.3871122676704779,-0.7071067811865475,-0.9568412424709425,-1.122807077201437,0.4289245401321734,0.23272550888006965,0.79912683354932,0.0,0.0,0.0,1.0,0.0,0.0,0.0,0.0,0.0,0.0,1.0
-1.0386807177769533,-1.8227114553210833,-0.330173268880132,-0.39138113233962235,-0.3741657386773941,-0.5319381536954396,0.6305142037423428,-0.34980404399936865,0.7768761258702346,-0.9860849673298904,-0.7150969419341943,-0.38066618340099356,1.689695967849872,-0.6092076990801714,-0.6421755060191673,-0.8462440736915471,-0.32914029430219166,-1.0701220913160239,-1.162862223431414,-0.5027397465361703,-0.3871122676704779,-0.7071067811865475,-0.4992162687044789,-1.1195200053336292,0.4289245401321734,0.23272550888006965,0.79912683354932,0.0,0.0,0.0,1.0,0.0,0.0,0.0,0.0,1.0,0.0,0.0
-0.19623064924841627,-5.211968779124087,-0.5899309115838952,-0.39138113233962235,-0.3741657386773941,-0.5319381536954396,0.6305142037423428,-0.34980404399936865,0.9724739010538432,0.4792703472497234,-0.7150969419341943,-0.38066618340099356,-0.5918224455920872,-0.6092076990801714,-0.6421755060191673,-0.8462440736915471,-0.32914029430219166,-1.0701220913160239,-1.162862223431414,-0.5027397465361703,2.5832299400318433,-0.7071067811865475,-1.0170550548086352,-1.336406185825821,0.4289245401321734,0.23272550888006965,0.79912683354932,0.0,0.0,0.0,1.0,0.0,0.0,0.0,0.0,0.0,1.0,0.0
0.7663615974589719,1.4580020140545384,-0.2917828453065404,-0.39138113233962235,-0.3741657386773941,-0.5319381536954396,-1.5860070939950561,-0.34980404399936865,0.8746750134620385,1.9446256618293372,-0.7150969419341943,-0.38066618340099356,-0.5918224455920872,-0.6092076990801714,-0.6421755060191673,-0.8462440736915471,-0.32914029430219166,-1.0701220913160239,-1.162862223431414,1.9891007362952828,-0.3871122676704779,-0.7071067811865475,-1.013040800652789,1.770137442537927,0.4289245401321734,0.23272550888006965,0.79912683354932,0.0,0.0,0.0,1.0,0.0,0.0,0.0,0.0,0.0,0.0,1.0
0.05935684327985937,-0.5274567400218946,-0.34505441224679534,-0.39138113233962235,2.6726124191242437,-0.5319381536954396,-1.5860070939950561,-0.34980404399936865,1.9504627769718856,0.4792703472497234,-0.7150969419341943,-0.38066618340099356,-0.5918224455920872,-0.6092076990801714,-0.6421755060191673,-0.8462440736915471,-0.32914029430219166,-1.0701220913160239,-1.162862223431414,-0.5027397465361703,-0.3871122676704779,-0.7071067811865475,-0.5433730644187867,-0.8470938960829812,0.4289245401321734,0.23272550888006965,0.79912683354932,0.0,0.0,0.0,1.0,0.0,0.0,0.0,0.0,0.0,0.0,1.0
-1.3675971818729082,0.14306540731352252,-1.7121968956368703,-0.39138113233962235,-0.3741657386773941,1.879917793173656,0.6305142037423428,-0.34980404399936865,0.5812783506866259,0.4792703472497234,-0.7150969419341943,-0.38066618340099356,1.689695967849872,-0.6092076990801714,-0.6421755060191673,-0.8462440736915471,-0.32914029430219166,-1.0701220913160239,-1.162862223431414,1.9891007362952828,-0.3871122676704779,-0.7071067811865475,0.16313566701013962,1.2467242058952452,0.4289245401321734,0.23272550888006965,-1.2513658133071346,0.0,0.0,0.0,1.0,0.0,0.0,0.0,0.0,0.0,0.0,1.0
0.6005859458508715,0.3482973160956804,-0.45061057641318847,-0.39138113233962235,-0.3741657386773941,-0.5319381536954396,-1.5860070939950561,-0.34980404399936865,1.8526638893800809,1.9446256618293372,-0.7150969419341943,-0.38066618340099356,-0.5918224455920872,-0.6092076990801714,-0.6421755060191673,-0.8462440736915471,-0.32914029430219166,-1.0701220913160239,-1.162862223431414,-0.5027397465361703,-0.3871122676704779,-0.7071067811865475,-0.07771958234063076,-0.3771859129327418,0.4289245401321734,0.23272550888006965,0.79912683354932,0.0,0.0,0.0,1.0,0.0,0.0,0.0,0.0,0.0,1.0,0.0
0.2742404714947533,1.1563942100494398,-0.13917549222283976,-0.39138113233962235,-0.3741657386773941,-0.5319381536954396,0.6305142037423428,-0.34980404399936865,1.8526638893800809,0.4792703472497234,-0.7150969419341943,-0.38066618340099356,-0.5918224455920872,-0.6092076990801714,-0.6421755060191673,-0.8462440736915471,-0.32914029430219166,-1.0701220913160239,-1.162862223431414,-0.5027397465361703,-0.3871122676704779,1.4142135623730951,-1.0090265464969428,1.6463649171536332,0.4289245401321734,0.23272550888006965,0.79912683354932,0.0,0.0,0.0,1.0,0.0,0.0,0.0,0.0,1.0,0.0,0.0
-1.441731676515015,-0.4085977820946294,-0.7163402233888886,-0.39138113233962235,-0.3741657386773941,-0.5319381536954396,0.6305142037423428,-0.34980404399936865,1.3636694514210597,-0.9860849673298904,-0.7150969419341943,-0.38066618340099356,-0.5918224455920872,1.6414763002993509,-0.6421755060191673,-0.8462440736915471,-0.32914029430219166,-1.0701220913160239,-1.162862223431414,1.9891007362952828,-0.3871122676704779,1.4142135623730951,-0.5393588102629406,0.09649972327396528,0.4289245401321734,0.23272550888006965,0.79912683354932,0.0,0.0,0.0,1.0,0.0,0.0,0.0,0.0,0.0,1.0,0.0
-1.119336929977412,-0.09277258007339746,-0.40745075241517326,-0.39138113233962235,-0.3741657386773941,-0.5319381536954396,0.6305142037423428,-0.34980404399936865,1.9504627769718856,-0.9860849673298904,-0.7150969419341943,2.626973562678144,-0.5918224455920872,-0.6092076990801714,-0.6421755060191673,-0.8462440736915471,-0.32914029430219166,-1.0701220913160239,-1.162862223431414,-0.5027397465361703,-0.3871122676704779,-0.7071067811865475,-0.6276724016915564,0.3500689965357942,0.4289245401321734,0.23272550888006965,0.79912683354932,0.0,0.0,0.0,1.0,0.0,0.0,0.0,0.0,0.0,0.0,1.0
0.3111544986706242,-1.6497890637215333,0.9631166819893097,-0.39138113233962235,-0.3741657386773941,-0.5319381536954396,0.6305142037423428,-0.34980404399936865,1.9504627769718856,-0.9860849673298904,-0.7150969419341943,-0.38066618340099356,-0.5918224455920872,-0.6092076990801714,-0.6421755060191673,1.1816921749746827,-0.32914029430219166,0.9344728121351193,1.1983694668949685,1.9891007362952828,2.5832299400318433,-0.7071067811865475,-0.21018996948355434,-1.2233489948166598,0.4289245401321734,0.23272550888006965,0.79912683354932,0.0,0.0,0.0,1.0,0.0,0.0,0.0,0.0,0.0,1.0,0.0
-1.1162774070020605,-2.323172621662986,-0.4045193943721599,-0.39138113233962235,-0.3741657386773941,-0.5319381536954396,-1.5860070939950561,-0.34980404399936865,1.0702727886456471,-0.9860849673298904,-0.7150969419341943,-0.38066618340099356,-0.5918224455920872,-0.6092076990801714,-0.6421755060191673,1.1816921749746827,-0.32914029430219166,-1.0701220913160239,0.5237318410874306,-0.5027397465361703,-0.3871122676704779,-0.7071067811865475,-0.5393588102629406,-1.209542283392466,0.4289245401321734,0.23272550888006965,0.79912683354932,0.0,0.0,0.0,1.0,0.0,0.0,0.0,0.0,0.0,0.0,1.0
-0.4203711456144505,0.22965099559056382,0.2622350091529699,-0.39138113233962235,-0.3741657386773941,1.879917793173656,-1.5860070939950561,-0.34980404399936865,0.9724739010538432,-0.9860849673298904,-0.7150969419341943,-0.38066618340099356,-0.5918224455920872,1.6414763002993509,-0.6421755060191673,-0.8462440736915471,-0.32914029430219166,-1.0701220913160239,-1.162862223431414,-0.5027397465361703,-0.3871122676704779,-0.7071067811865475,-0.3466746107823243,0.24512106087723082,0.4289245401321734,0.23272550888006965,0.79912683354932,0.0,0.0,0.0,1.0,0.0,0.0,0.0,0.0,0.0,0.0,1.0
-1.4986540598310116,0.23758994828764404,-0.7708780998830715,-0.39138113233962235,-0.3741657386773941,-0.5319381536954396,-1.5860070939950561,-0.34980404399936865,0.8746750134620385,-0.9860849673298904,-0.7150969419341943,-0.38066618340099356,-0.5918224455920872,1.6414763002993509,1.557206699145191,-0.8462440736915471,-0.32914029430219166,-1.0701220913160239,-1.162862223431414,-0.5027397465361703,-0.3871122676704779,-0.7071067811865475,-0.5353445561070944,1.7887661329244824,0.4289245401321734,0.23272550888006965,0.79912683354932,0.0,0.0,0.0,1.0,0.0,0.0,0.0,0.0,0.0,0.0,1.0
-0.6303026494935545,-1.4730334177676627,-1.6298955749340303,-0.39138113233962235,-0.3741657386773941,-0.5319381536954396,0.6305142037423428,-0.34980404399936865,0.8746750134620385,1.9446256618293372,-0.7150969419341943,-0.38066618340099356,1.689695967849872,-0.6092076990801714,-0.6421755060191673,-0.8462440736915471,-0.32914029430219166,0.9344728121351193,-0.48822459762387616,-0.5027397465361703,2.5832299400318433,-0.7071067811865475,0.2996203083089094,-1.0844257174598582,0.4289245401321734,0.23272550888006965,-1.2513658133071346,0.0,0.0,0.0,1.0,0.0,0.0,0.0,0.0,0.0,0.0,1.0
1.3024084954870276,1.1647359741516161,0.84591173687282,-0.39138113233962235,-0.3741657386773941,1.879917793173656,0.6305142037423428,-0.34980404399936865,0.38568057550301726,0.4792703472497234,-0.7150969419341943,-0.38066618340099356,-0.5918224455920872,-0.6092076990801714,-0.6421755060191673,1.1816921749746827,-0.32914029430219166,-1.0701220913160239,0.5237318410874306,-0.5027397465361703,-0.3871122676704779,-0.7071067811865475,-0.8725419051981729,0.25041711727021343,0.4289245401321734,0.23272550888006965,0.79912683354932,0.0,0.0,0.0,1.0,0.0,0.0,0.0,0.0,0.0,1.0,0.0
0.11639950638452878,-0.8986736139658492,0.776520072761605,-0.39138113233962235,2.6726124191242437,-0.5319381536954396,0.6305142037423428,-0.34980404399936865,0.9724739010538432,-0.9860849673298904,-0.7150969419341943,-0.38066618340099356,1.689695967849872,-0.6092076990801714,-0.6421755060191673,-0.8462440736915471,-0.32914029430219166,-1.0701220913160239,-1.162862223431414,-0.5027397465361703,2.5832299400318433,-0.7071067811865475,-1.269953066626944,-1.029249550778476,0.4289245401321734,0.23272550888006965,0.79912683354932,0.0,0.0,0.0,1.0,0.0,0.0,0.0,0.0,0.0,0.0,1.0
-0.6294896051617278,0.6062238161753183,-1.005031371703536,-0.39138113233962235,-0.3741657386773941,-0.5319381536954396,-1.5860070939950561,-0.34980404399936865,-0.2011127500478078,0.4792703472497234,-0.7150969419341943,-0.38066618340099356,1.689695967849872,-0.6092076990801714,-0.6421755060191673,-0.8462440736915471,-0.32914029430219166,0.9344728121351193,-0.48822459762387616,-0.5027397465361703,2.5832299400318433,-0.7071067811865475,-1.0050122923410967,1.443557821549206,0.4289245401321734,0.23272550888006965,0.79912683354932,0.0,0.0,0.0,1.0,0.0,0.0,0.0,0.0,1.0,0.0,0.0
0.2590899598101382,-0.42912267698395823,0.9132331524410693,-0.39138113233962235,-0.3741657386773941,-0.5319381536954396,-1.5860070939950561,-0.34980404399936865,0.5812783506866259,-0.9860849673298904,-0.7150969419341943,-0.38066618340099356,-0.5918224455920872,-0.6092076990801714,1.557206699145191,-0.8462440736915471,-0.32914029430219166,-1.0701220913160239,-1.162862223431414,-0.5027397465361703,-0.3871122676704779,-0.7071067811865475,0.2634920209062939,-0.8525642598756374,0.4289245401321734,0.23272550888006965,-1.2513658133071346,0.0,0.0,0.0,1.0,0.0,0.0,0.0,0.0,0.0,0.0,1.0
1.5506807783223404,1.1185310809685334,1.0837821212737964,2.5550541847077235,-0.3741657386773941,-0.5319381536954396,-1.5860070939950561,-0.34980404399936865,1.5592672266046683,0.4792703472497234,-0.7150969419341943,-0.38066618340099356,-0.5918224455920872,-0.6092076990801714,-0.6421755060191673,1.1816921749746827,-0.32914029430219166,-1.0701220913160239,0.5237318410874306,-0.5027397465361703,-0.3871122676704779,-0.7071067811865475,-0.6838719598734028,-0.047640289182271436,0.4289245401321734,0.23272550888006965,0.79912683354932,0.0,0.0,0.0,1.0,0.0,0.0,0.0,0.0,1.0,0.0,0.0
0.13571069099859148,0.40532999255309593,-0.2719002241704751,-0.39138113233962235,-0.3741657386773941,1.879917793173656,-1.5860070939950561,-0.34980404399936865,1.6570661141964722,0.4792703472497234,-0.7150969419341943,-0.38066618340099356,-0.5918224455920872,-0.6092076990801714,-0.6421755060191673,-0.8462440736915471,-0.32914029430219166,-1.0701220913160239,-1.162862223431414,-0.5027397465361703,-0.3871122676704779,-0.7071067811865475,0.07883632973736993,0.032636878916110584,0.4289245401321734,0.23272550888006965,-1.2513658133071346,0.0,0.0,0.0,1.0,0.0,0.0,0.0,0.0,0.0,0.0,1.0
0.062477626351035445,-0.6964864822105777,-0.34206440878908584,-0.39138113233962235,-0.3741657386773941,-0.5319381536954396,-1.5860070939950561,2.858743394063806,1.4614683390128644,0.4792703472497234,-0.7150969419341943,-0.38066618340099356,-0.5918224455920872,-0.6092076990801714,1.557206699145191,-0.8462440736915471,-0.32914029430219166,-1.0701220913160239,-1.162862223431414,-0.5027397465361703,-0.3871122676704779,-0.7071067811865475,-0.8323993636397111,-0.9348019245105452,0.4289245401321734,0.23272550888006965,0.79912683354932,0.0,0.0,0.0,1.0,0.0,0.0,0.0,0.0,0.0,1.0,0.0
-0.7839797759360528,0.20926524963617557,-1.1530460024217541,-0.39138113233962235,-0.3741657386773941,1.879917793173656,0.6305142037423428,-0.34980404399936865,0.6790772382784298,0.4792703472497234,-0.7150969419341943,-0.38066618340099356,-0.5918224455920872,-0.6092076990801714,-0.6421755060191673,-0.8462440736915471,3.038218101251,-1.0701220913160239,-0.15090578472010727,-0.5027397465361703,2.5832299400318433,-0.7071067811865475,-1.4184804703932523,0.6014044564861228,0.4289245401321734,0.23272550888006965,0.79912683354932,0.0,0.0,0.0,1.0,0.0,0.0,0.0,0.0,1.0,0.0,0.0
0.8593712150668606,-0.22419330708803448,1.4883683286901648,2.5550541847077235,-0.3741657386773941,-0.5319381536954396,-1.5860070939950561,-0.34980404399936865,1.9504627769718856,-0.9860849673298904,1.3984117975602022,-0.38066618340099356,1.689695967849872,-0.6092076990801714,-0.6421755060191673,-0.8462440736915471,-0.32914029430219166,0.9344728121351193,-0.48822459762387616,-0.5027397465361703,-0.3871122676704779,-0.7071067811865475,-1.0571975963670968,-0.9151985116129021,-2.3314124197506847,0.23272550888006965,0.79912683354932,0.0,0.0,0.0,1.0,0.0,0.0,0.0,0.0,0.0,1.0,0.0
1.035598690598423,0.2095531878303392,1.6572135480139496,-0.39138113233962235,-0.3741657386773941,-0.5319381536954396,-1.5860070939950561,-0.34980404399936865,0.09228391272760475,-0.9860849673298904,-0.7150969419341943,-0.38066618340099356,-0.5918224455920872,-0.6092076990801714,-0.6421755060191673,-0.8462440736915471,-0.32914029430219166,0.9344728121351193,-0.48822459762387616,-0.5027397465361703,-0.3871122676704779,-0.7071067811865475,-1.0331120714320197,-0.713535108682309,0.4289245401321734,0.23272550888006965,0.79912683354932,0.0,0.0,0.0,1.0,0.0,0.0,0.0,0.0,1.0,0.0,0.0
-1.3329686906975,-0.9357219886145571,-0.6121333729004752,-0.39138113233962235,-0.3741657386773941,-0.5319381536954396,0.6305142037423428,-0.34980404399936865,1.168071676237451,-0.9860849673298904,-0.7150969419341943,-0.38066618340099356,-0.5918224455920872,-0.6092076990801714,-0.6421755060191673,-0.8462440736915471,-0.32914029430219166,-1.0701220913160239,-1.162862223431414,-0.5027397465361703,-0.3871122676704779,-0.7071067811865475,-0.6678149432500181,-0.6074884934003552,0.4289245401321734,0.23272550888006965,0.79912683354932,0.0,0.0,0.0,1.0,0.0,0.0,0.0,0.0,1.0,0.0,0.0
0.35245207497942166,-1.0826138162691878,1.0026842823783353,-0.39138113233962235,-0.3741657386773941,1.879917793173656,0.6305142037423428,-0.34980404399936865,1.4614683390128644,-0.9860849673298904,-0.7150969419341943,-0.38066618340099356,-0.5918224455920872,-0.6092076990801714,-0.6421755060191673,-0.8462440736915471,-0.32914029430219166,0.9344728121351193,-0.48822459762387616,-0.5027397465361703,-0.3871122676704779,-0.7071067811865475,-0.2142042236394006,-1.1225617564704637,0.4289245401321734,0.23272550888006965,0.79912683354932,0.0,0.0,0.0,1.0,0.0,0.0,0.0,0.0,1.0,0.0,0.0
-0.6033862184275205,-0.259815447709692,-0.9800220867387069,2.5550541847077235,2.6726124191242437,-0.5319381536954396,0.6305142037423428,-0.34980404399936865,1.2658705638292558,0.4792703472497234,-0.7150969419341943,-0.38066618340099356,-0.5918224455920872,-0.6092076990801714,-0.6421755060191673,-0.8462440736915471,-0.32914029430219166,0.9344728121351193,-0.48822459762387616,-0.5027397465361703,-0.3871122676704779,-0.7071067811865475,0.3437771040232174,-0.3280590212995352,0.4289245401321734,0.23272550888006965,-1.2513658133071346,0.0,0.0,0.0,1.0,0.0,0.0,0.0,0.0,1.0,0.0,0.0
1.5723161138320894,1.2834909579951082,1.1045110098286959,-0.39138113233962235,-0.3741657386773941,-0.5319381536954396,-1.5860070939950561,-0.34980404399936865,1.168071676237451,0.4792703472497234,-0.7150969419341943,-0.38066618340099356,-0.5918224455920872,-0.6092076990801714,-0.6421755060191673,-0.8462440736915471,-0.32914029430219166,0.9344728121351193,-0.48822459762387616,-0.5027397465361703,-0.3871122676704779,-0.7071067811865475,-0.48717350623694033,0.2012936236692769,0.4289245401321734,0.23272550888006965,0.79912683354932,0.0,0.0,0.0,1.0,0.0,0.0,0.0,0.0,0.0,1.0,0.0
0.14697000659257903,1.0728032520998816,-0.8852126848118368,-0.39138113233962235,-0.3741657386773941,-0.5319381536954396,0.6305142037423428,-0.34980404399936865,1.5592672266046683,1.9446256618293372,-0.7150969419341943,-0.38066618340099356,1.689695967849872,1.6414763002993509,-0.6421755060191673,1.1816921749746827,-0.32914029430219166,0.9344728121351193,1.1983694668949685,-0.5027397465361703,2.5832299400318433,1.4142135623730951,-0.5955583684447869,1.5962282860379398,0.4289245401321734,0.23272550888006965,0.79912683354932,0.0,0.0,0.0,1.0,0.0,0.0,0.0,0.0,0.0,0.0,1.0
-0.4300255318422464,-0.9364342630111295,0.2529850499445559,-0.39138113233962235,2.6726124191242437,-0.5319381536954396,-1.5860070939950561,-0.34980404399936865,0.19008280031940863,-0.9860849673298904,-0.7150969419341943,-0.38066618340099356,-0.5918224455920872,-0.6092076990801714,-0.6421755060191673,-0.8462440736915471,-0.32914029430219166,-1.0701220913160239,-1.162862223431414,-0.5027397465361703,-0.3871122676704779,-0.7071067811865475,-0.4510452188343247,-0.9223054060323314,0.4289245401321734,0.23272550888006965,0.79912683354932,0.0,0.0,0.0,1.0,0.0,0.0,0.0,0.0,0.0,0.0,1.0
-0.947582635732376,-0.23806732877221418,-1.3097909321024142,-0.39138113233962235,-0.3741657386773941,-0.5319381536954396,-1.5860070939950561,2.858743394063806,-0.983503850782242,0.4792703472497234,-0.7150969419341943,-0.38066618340099356,-0.5918224455920872,1.6414763002993509,-0.6421755060191673,-0.8462440736915471,-0.32914029430219166,-1.0701220913160239,-1.162862223431414,-0.5027397465361703,2.5832299400318433,-0.7071067811865475,-0.503230522860325,-0.05480919013952603,0.4289245401321734,0.23272550888006965,0.79912683354932,0.0,0.0,0.0,1.0,0.0,0.0,0.0,0.0,0.0,1.0,0.0
-1.2274905868670005,-1.2712359815910785,-0.5110737990661557,-0.39138113233962235,-0.3741657386773941,-0.5319381536954396,-1.5860070939950561,-0.34980404399936865,-1.3746994011494589,-0.9860849673298904,-0.7150969419341943,-0.38066618340099356,-0.5918224455920872,-0.6092076990801714,-0.6421755060191673,-0.8462440736915471,-0.32914029430219166,-1.0701220913160239,-1.162862223431414,-0.5027397465361703,-0.3871122676704779,-0.7071067811865475,-0.24631825688616985,-0.8733598597045508,0.4289245401321734,0.23272550888006965,0.79912683354932,0.0,0.0,0.0,1.0,0.0,0.0,0.0,0.0,0.0,0.0,1.0
-0.5633675353222459,-0.33197113636777176,-0.9416807342072216,-0.39138113233962235,-0.3741657386773941,-0.5319381536954396,-1.5860070939950561,-0.34980404399936865,1.4614683390128644,0.4792703472497234,-0.7150969419341943,-0.38066618340099356,-0.5918224455920872,-0.6092076990801714,-0.6421755060191673,-0.8462440736915471,-0.32914029430219166,0.9344728121351193,-0.48822459762387616,-0.5027397465361703,-0.3871122676704779,1.4142135623730951,-0.619643893379864,-0.4314730699486371,0.4289245401321734,0.23272550888006965,0.79912683354932,0.0,0.0,0.0,1.0,0.0,0.0,0.0,0.0,0.0,1.0,0.0
0.6473468605501107,0.17602885831286683,0.2182967577077667,-0.39138113233962235,-0.3741657386773941,-0.5319381536954396,-1.5860070939950561,-0.34980404399936865,0.9724739010538432,0.4792703472497234,-0.7150969419341943,-0.38066618340099356,-0.5918224455920872,-0.6092076990801714,-0.6421755060191673,-0.8462440736915471,-0.32914029430219166,0.9344728121351193,-0.48822459762387616,-0.5027397465361703,-0.3871122676704779,-0.7071067811865475,0.17919268363352425,-0.5727068992701996,0.4289245401321734,0.23272550888006965,-1.2513658133071346,0.0,0.0,0.0,1.0,0.0,0.0,0.0,0.0,1.0,0.0,0.0
-0.9321513073879488,-0.20480354355717442,-0.22810642823959024,2.5550541847077235,-0.3741657386773941,1.879917793173656,-1.5860070939950561,-0.34980404399936865,0.8746750134620385,-0.9860849673298904,-0.7150969419341943,-0.38066618340099356,1.689695967849872,-0.6092076990801714,-0.6421755060191673,-0.8462440736915471,-0.32914029430219166,0.9344728121351193,-0.48822459762387616,-0.5027397465361703,-0.3871122676704779,1.4142135623730951,-0.5634443351980176,-0.017469389745451293,0.4289245401321734,0.23272550888006965,0.79912683354932,0.0,0.0,0.0,1.0,0.0,0.0,0.0,0.0,0.0,1.0,0.0
0.3068382973285923,0.6391738004540821,-0.10794364428037147,-0.39138113233962235,-0.3741657386773941,-0.5319381536954396,-1.5860070939950561,-0.34980404399936865,-0.005514974864199148,0.4792703472497234,-0.7150969419341943,-0.38066618340099356,-0.5918224455920872,-0.6092076990801714,1.557206699145191,1.1816921749746827,-0.32914029430219166,0.9344728121351193,1.1983694668949685,-0.5027397465361703,2.5832299400318433,-0.7071067811865475,-0.37878864402909374,0.27462275674021613,0.4289245401321734,0.23272550888006965,0.79912683354932,0.0,0.0,0.0,1.0,0.0,0.0,0.0,0.0,0.0,0.0,1.0
-0.23091967666500915,-0.08541158685041972,-0.6231661593661105,2.5550541847077235,-0.3741657386773941,-0.5319381536954396,0.6305142037423428,-0.34980404399936865,-0.983503850782242,0.4792703472497234,-0.7150969419341943,-0.38066618340099356,-0.5918224455920872,-0.6092076990801714,-0.6421755060191673,-0.8462440736915471,-0.32914029430219166,-1.0701220913160239,-1.162862223431414,-0.5027397465361703,-0.3871122676704779,-0.7071067811865475,-0.7721855513020185,-0.35910683968733237,0.4289245401321734,0.23272550888006965,0.79912683354932,0.0,0.0,0.0,1.0,0.0,0.0,0.0,0.0,1.0,0.0,0.0
1.0397502197330917,0.621439332161791,0.5942583925254734,-0.39138113233962235,-0.3741657386773941,-0.5319381536954396,-1.5860070939950561,-0.34980404399936865,0.38568057550301726,0.4792703472497234,-0.7150969419341943,-0.38066618340099356,-0.5918224455920872,-0.6092076990801714,-0.6421755060191673,-0.8462440736915471,3.038218101251,-1.0701220913160239,-0.15090578472010727,1.9891007362952828,2.5832299400318433,1.4142135623730951,-0.8765561593540191,-0.33707804949116865,0.4289245401321734,0.23272550888006965,0.79912683354932,0.0,0.0,0.0,1.0,0.0,0.0,0.0,0.0,1.0,0.0,0.0
-0.9011205061775465,0.1100189726829049,-0.19837552265656844,-0.39138113233962235,-0.3741657386773941,-0.5319381536954396,0.6305142037423428,-0.34980404399936865,0.8746750134620385,-0.9860849673298904,-0.7150969419341943,-0.38066618340099356,-0.5918224455920872,-0.6092076990801714,-0.6421755060191673,-0.8462440736915471,-0.32914029430219166,-1.0701220913160239,-1.162862223431414,-0.5027397465361703,-0.3871122676704779,1.4142135623730951,-0.6798577057175567,0.5229787106141458,0.4289245401321734,0.23272550888006965,0.79912683354932,0.0,0.0,0.0,1.0,0.0,0.0,0.0,0.0,0.0,0.0,1.0
-0.8157435036147598,-0.3594583006707483,-1.1834782888942994,2.5550541847077235,-0.3741657386773941,-0.5319381536954396,0.6305142037423428,-0.34980404399936865,-0.005514974864199148,0.4792703472497234,-0.7150969419341943,-0.38066618340099356,1.689695967849872,1.6414763002993509,-0.6421755060191673,-0.8462440736915471,-0.32914029430219166,-1.0701220913160239,-1.162862223431414,1.9891007362952828,-0.3871122676704779,-0.7071067811865475,-0.7962710762370956,-0.3101687313599414,0.4289245401321734,0.23272550888006965,0.79912683354932,0.0,0.0,0.0,1.0,0.0,0.0,0.0,0.0,0.0,0.0,1.0
0.11718824513964654,0.7633681886845709,-0.28964647944533317,-0.39138113233962235,-0.3741657386773941,1.879917793173656,-1.5860070939950561,-0.34980404399936865,1.0702727886456471,0.4792703472497234,-0.7150969419341943,-0.38066618340099356,-0.5918224455920872,-0.6092076990801714,-0.6421755060191673,-0.8462440736915471,-0.32914029430219166,-1.0701220913160239,-1.162862223431414,-0.5027397465361703,2.5832299400318433,-0.7071067811865475,-0.7039432306526336,0.7556411164818587,0.4289245401321734,0.23272550888006965,0.79912683354932,0.0,0.0,0.0,1.0,0.0,0.0,0.0,0.0,0.0,0.0,1.0
-1.568139791246059,-1.3777217039503808,-2.5283854321701025,-0.39138113233962235,2.6726124191242437,-0.5319381536954396,0.6305142037423428,-0.34980404399936865,-0.49450941282322075,1.9446256618293372,-0.7150969419341943,-0.38066618340099356,1.689695967849872,1.6414763002993509,-0.6421755060191673,-0.8462440736915471,-0.32914029430219166,-1.0701220913160239,-1.162862223431414,-0.5027397465361703,-0.3871122676704779,-0.7071067811865475,-0.6156296392240178,-0.8297841973462421,0.4289245401321734,0.23272550888006965,0.79912683354932,0.0,0.0,0.0,1.0,0.0,0.0,0.0,0.0,0.0,1.0,0.0
-0.7463570595075537,0.016023626475538913,-1.1170002972994049,-0.39138113233962235,-0.3741657386773941,-0.5319381536954396,0.6305142037423428,-0.34980404399936865,1.754865001788277,0.4792703472497234,-0.7150969419341943,-0.38066618340099356,-0.5918224455920872,-0.6092076990801714,-0.6421755060191673,-0.8462440736915471,-0.32914029430219166,0.9344728121351193,-0.48822459762387616,-0.5027397465361703,-0.3871122676704779,-0.7071067811865475,-1.1655824585749435,0.178681065607573,0.4289245401321734,0.23272550888006965,0.79912683354932,0.0,0.0,0.0,1.0,0.0,0.0,0.0,0.0,0.0,1.0,0.0
0.37370155038084396,0.3252408940544841,-0.043882198720684336,2.5550541847077235,-0.3741657386773941,-0.5319381536954396,-1.5860070939950561,-0.34980404399936865,0.9724739010538432,0.4792703472497234,-0.7150969419341943,-0.38066618340099356,-0.5918224455920872,1.6414763002993509,-0.6421755060191673,-0.8462440736915471,-0.32914029430219166,-1.0701220913160239,-1.162862223431414,-0.5027397465361703,-0.3871122676704779,-0.7071067811865475,-0.28244654428878563,-0.2603023809025611,0.4289245401321734,0.23272550888006965,0.79912683354932,0.0,0.0,0.0,1.0,0.0,0.0,0.0,0.0,0.0,1.0,0.0
0.18212016810096154,1.022864208618613,-0.22743554115152909,-0.39138113233962235,-0.3741657386773941,1.879917793173656,0.6305142037423428,-0.34980404399936865,1.5592672266046683,0.4792703472497234,-0.7150969419341943,-0.38066618340099356,1.689695967849872,-0.6092076990801714,-0.6421755060191673,1.1816921749746827,-0.32914029430219166,-1.0701220913160239,0.5237318410874306,-0.5027397465361703,-0.3871122676704779,-0.7071067811865475,-0.13793339467832336,1.3723930207295567,0.4289245401321734,0.23272550888006965,0.79912683354932,0.0,0.0,0.0,1.0,0.0,0.0,0.0,0.0,0.0,1.0,0.0
-0.20581238630303111,0.3181882301295128,-0.5991110897751497,-0.39138113233962235,-0.3741657386773941,-0.5319381536954396,0.6305142037423428,-0.34980404399936865,1.4614683390128644,0.4792703472497234,1.3984117975602022,-0.38066618340099356,-0.5918224455920872,-0.6092076990801714,-0.6421755060191673,-0.8462440736915471,-0.32914029430219166,-1.0701220913160239,-1.162862223431414,-0.5027397465361703,2.5832299400318433,-0.7071067811865475,-0.7280287555877107,0.1956952925977731,-2.3314124197506847,0.23272550888006965,0.79912683354932,0.0,0.0,0.0,1.0,0.0,0.0,0.0,0.0,0.0,1.0,0.0
0.6101247219996594,1.1180220542165378,0.18263427893491574,-0.39138113233962235,2.6726124191242437,-0.5319381536954396,-1.5860070939950561,2.858743394063806,1.5592672266046683,0.4792703472497234,-0.7150969419341943,-0.38066618340099356,-0.5918224455920872,1.6414763002993509,-0.6421755060191673,-0.8462440736915471,-0.32914029430219166,-1.0701220913160239,-1.162862223431414,-0.5027397465361703,-0.3871122676704779,-0.7071067811865475,-1.5790506366270993,0.9785733711634071,0.4289245401321734,0.23272550888006965,0.79912683354932,0.0,0.0,0.0,1.0,0.0,0.0,0.0,0.0,0.0,1.0,0.0
1.4774828207084507,1.63647354993367,1.013650922483032,-0.39138113233962235,-0.3741657386773941,-0.5319381536954396,-1.5860070939950561,2.858743394063806,0.9724739010538432,0.4792703472497234,-0.7150969419341943,-0.38066618340099356,1.689695967849872,-0.6092076990801714,-0.6421755060191673,-0.8462440736915471,-0.32914029430219166,0.9344728121351193,-0.48822459762387616,-0.5027397465361703,-0.3871122676704779,-0.7071067811865475,-0.7320430097435568,1.1132769419269706,0.4289245401321734,0.23272550888006965,0.79912683354932,0.0,0.0,0.0,1.0,0.0,0.0,0.0,0.0,1.0,0.0,0.0
-0.861942428288918,-0.5418879608321693,-0.16083863384943653,-0.39138113233962235,-0.3741657386773941,-0.5319381536954396,-1.5860070939950561,-0.34980404399936865,0.7768761258702346,-0.9860849673298904,-0.7150969419341943,-0.38066618340099356,-0.5918224455920872,-0.6092076990801714,-0.6421755060191673,-0.8462440736915471,-0.32914029430219166,-1.0701220913160239,-1.162862223431414,-0.5027397465361703,2.5832299400318433,-0.7071067811865475,-0.9728982590943271,-0.4806071557235348,0.4289245401321734,0.23272550888006965,0.79912683354932,0.0,0.0,0.0,1.0,0.0,0.0,0.0,0.0,1.0,0.0,0.0
0.27094156869276986,0.43717359095352215,-0.1423361574455875,-0.39138113233962235,-0.3741657386773941,-0.5319381536954396,0.6305142037423428,-0.34980404399936865,0.19008280031940863,0.4792703472497234,-0.7150969419341943,-0.38066618340099356,-0.5918224455920872,-0.6092076990801714,-0.6421755060191673,-0.8462440736915471,-0.32914029430219166,-1.0701220913160239,-1.162862223431414,-0.5027397465361703,-0.3871122676704779,-0.7071067811865475,-1.434537487016637,-0.031043249121128692,0.4289245401321734,0.23272550888006965,0.79912683354932,0.0,0.0,0.0,1.0,0.0,0.0,0.0,0.0,1.0,0.0,0.0
-2.1637651804679368,-0.3453922367495921,-1.408127386351554,-0.39138113233962235,-0.3741657386773941,-0.5319381536954396,0.6305142037423428,-0.34980404399936865,0.5812783506866259,-0.9860849673298904,-0.7150969419341943,-0.38066618340099356,1.689695967849872,-0.6092076990801714,-0.6421755060191673,-0.8462440736915471,-0.32914029430219166,-1.0701220913160239,-1.162862223431414,-0.5027397465361703,-0.3871122676704779,-0.7071067811865475,-0.9166987009124808,1.0807157180325886,0.4289245401321734,0.23272550888006965,0.79912683354932,0.0,0.0,0.0,1.0,0.0,0.0,0.0,0.0,0.0,1.0,0.0
-0.6143866289315421,0.021658314341055404,0.07634693049739485,-0.39138113233962235,-0.3741657386773941,1.879917793173656,-1.5860070939950561,-0.34980404399936865,0.48347946309482204,-0.9860849673298904,-0.7150969419341943,-0.38066618340099356,-0.5918224455920872,1.6414763002993509,-0.6421755060191673,-0.8462440736915471,-0.32914029430219166,-1.0701220913160239,-1.162862223431414,-0.5027397465361703,-0.3871122676704779,-0.7071067811865475,-0.18610444454847724,0.0680921887074892,0.4289245401321734,0.23272550888006965,0.79912683354932,0.0,0.0,0.0,1.0,0.0,0.0,0.0,0.0,1.0,0.0,0.0
-1.6643510368580157,-1.2370210974350084,-1.996507269568143,-0.39138113233962235,2.6726124191242437,-0.5319381536954396,0.6305142037423428,-0.34980404399936865,1.9504627769718856,0.4792703472497234,1.3984117975602022,-0.38066618340099356,-0.5918224455920872,-0.6092076990801714,-0.6421755060191673,-0.8462440736915471,-0.32914029430219166,-1.0701220913160239,-1.162862223431414,-0.5027397465361703,2.5832299400318433,-0.7071067811865475,0.002565500776292699,-0.7033393490258666,0.4289245401321734,0.23272550888006965,0.79912683354932,0.0,0.0,0.0,1.0,0.0,0.0,0.0,0.0,0.0,1.0,0.0
-0.1742698752742708,0.6481210136588892,-0.568890482828448,-0.39138113233962235,-0.3741657386773941,-0.5319381536954396,0.6305142037423428,-0.34980404399936865,-0.10331386245600391,0.4792703472497234,-0.7150969419341943,-0.38066618340099356,-0.5918224455920872,-0.6092076990801714,-0.6421755060191673,-0.8462440736915471,-0.32914029430219166,0.9344728121351193,-0.48822459762387616,-0.5027397465361703,-0.3871122676704779,-0.7071067811865475,-0.6959147223409413,0.8604858729466545,0.4289245401321734,0.23272550888006965,0.79912683354932,0.0,0.0,0.0,1.0,0.0,0.0,0.0,0.0,0.0,1.0,0.0
0.28072105000946557,-1.188241589462306,-0.13296647630195066,-0.39138113233962235,-0.3741657386773941,-0.5319381536954396,0.6305142037423428,-0.34980404399936865,1.168071676237451,0.4792703472497234,-0.7150969419341943,2.626973562678144,1.689695967849872,-0.6092076990801714,-0.6421755060191673,-0.8462440736915471,-0.32914029430219166,-1.0701220913160239,-1.162862223431414,-0.5027397465361703,2.5832299400318433,1.4142135623730951,0.2474350042829093,-1.1385771721387012,0.4289245401321734,0.23272550888006965,-1.2513658133071346,0.0,0.0,0.0,1.0,0.0,0.0,0.0,0.0,1.0,0.0,0.0
-0.5425564142333881,-0.9151673367568874,-0.9217418748819248,-0.39138113233962235,-0.3741657386773941,-0.5319381536954396,0.6305142037423428,-0.34980404399936865,1.0702727886456471,0.4792703472497234,-0.7150969419341943,-0.38066618340099356,-0.5918224455920872,-0.6092076990801714,-0.6421755060191673,-0.8462440736915471,-0.32914029430219166,-1.0701220913160239,-1.162862223431414,-0.5027397465361703,2.5832299400318433,-0.7071067811865475,-0.7641570429903262,-0.8810090325505909,0.4289245401321734,0.23272550888006965,0.79912683354932,0.0,0.0,0.0,1.0,0.0,0.0,0.0,0.0,1.0,0.0,0.0
-0.5076225198348737,0.24561515024965846,-0.8882721599412755,2.5550541847077235,-0.3741657386773941,1.879917793173656,-1.5860070939950561,-0.34980404399936865,0.9724739010538432,0.4792703472497234,-0.7150969419341943,-0.38066618340099356,-0.5918224455920872,-0.6092076990801714,-0.6421755060191673,-0.8462440736915471,-0.32914029430219166,0.9344728121351193,-0.48822459762387616,-0.5027397465361703,-0.3871122676704779,-0.7071067811865475,-1.1695967127307898,0.3645263305052212,0.4289245401321734,0.23272550888006965,0.79912683354932,0.0,0.0,0.0,1.0,0.0,0.0,0.0,0.0,0.0,1.0,0.0
0.5875934724054143,0.25159175942826084,1.2279754902375903,-0.39138113233962235,-0.3741657386773941,-0.5319381536954396,0.6305142037423428,-0.34980404399936865,-0.005514974864199148,-0.9860849673298904,-0.7150969419341943,-0.38066618340099356,-0.5918224455920872,-0.6092076990801714,-0.6421755060191673,-0.8462440736915471,-0.32914029430219166,-1.0701220913160239,-1.162862223431414,-0.5027397465361703,-0.3871122676704779,-0.7071067811865475,-0.7240145014318645,-0.47145233695051264,0.4289245401321734,0.23272550888006965,0.79912683354932,0.0,0.0,0.0,1.0,0.0,0.0,0.0,0.0,0.0,0.0,1.0
-0.5900134313906723,-0.5971779675039696,-0.9672098050927771,2.5550541847077235,-0.3741657386773941,-0.5319381536954396,-1.5860070939950561,-0.34980404399936865,1.3636694514210597,0.4792703472497234,-0.7150969419341943,-0.38066618340099356,-0.5918224455920872,-0.6092076990801714,1.557206699145191,1.1816921749746827,-0.32914029430219166,-1.0701220913160239,0.5237318410874306,-0.5027397465361703,2.5832299400318433,-0.7071067811865475,-0.33061759415893954,-0.6589181615003562,0.4289245401321734,0.23272550888006965,0.79912683354932,0.0,0.0,0.0,1.0,0.0,0.0,0.0,0.0,0.0,0.0,1.0
0.005407291002038468,-0.024960972349023534,-1.020840911506964,-0.39138113233962235,-0.3741657386773941,1.879917793173656,-1.5860070939950561,-0.34980404399936865,1.5592672266046683,1.9446256618293372,-0.7150969419341943,-0.38066618340099356,-0.5918224455920872,-0.6092076990801714,-0.6421755060191673,-0.8462440736915471,-0.32914029430219166,-1.0701220913160239,-1.162862223431414,-0.5027397465361703,-0.3871122676704779,-0.7071067811865475,-1.4425659953283294,-0.4322243339522398,0.4289245401321734,0.23272550888006965,0.79912683354932,0.0,0.0,0.0,1.0,0.0,0.0,0.0,0.0,0.0,0.0,1.0
1.43929097394324,0.5109123781696538,0.352946178980485,-0.39138113233962235,2.6726124191242437,1.879917793173656,0.6305142037423428,2.858743394063806,1.4614683390128644,1.9446256618293372,-0.7150969419341943,-0.38066618340099356,1.689695967849872,-0.6092076990801714,-0.6421755060191673,-0.8462440736915471,-0.32914029430219166,0.9344728121351193,-0.48822459762387616,-0.5027397465361703,-0.3871122676704779,-0.7071067811865475,0.018622517399677335,-0.6509350294529116,0.4289245401321734,0.23272550888006965,0.79912683354932,0.0,0.0,0.0,1.0,0.0,0.0,0.0,0.0,0.0,1.0,0.0
-0.715252804717198,-0.4434868876545377,-0.02029391124144231,-0.39138113233962235,-0.3741657386773941,1.879917793173656,-1.5860070939950561,-0.34980404399936865,0.8746750134620385,-0.9860849673298904,-0.7150969419341943,-0.38066618340099356,-0.5918224455920872,-0.6092076990801714,-0.6421755060191673,-0.8462440736915471,-0.32914029430219166,0.9344728121351193,-0.48822459762387616,-0.5027397465361703,-0.3871122676704779,-0.7071067811865475,-1.3703094205230981,-0.46159625521646114,0.4289245401321734,0.23272550888006965,0.79912683354932,0.0,0.0,0.0,1.0,0.0,0.0,0.0,0.0,0.0,0.0,1.0
-1.0254410324598682,-2.1423104924585408,-0.31748820053651394,2.5550541847077235,-0.3741657386773941,-0.5319381536954396,0.6305142037423428,-0.34980404399936865,0.7768761258702346,-0.9860849673298904,-0.7150969419341943,-0.38066618340099356,-0.5918224455920872,-0.6092076990801714,-0.6421755060191673,1.1816921749746827,-0.32914029430219166,-1.0701220913160239,0.5237318410874306,1.9891007362952828,-0.3871122676704779,-0.7071067811865475,-0.9407842258475579,-1.1883268937379252,0.4289245401321734,0.23272550888006965,0.79912683354932,0.0,0.0,0.0,1.0,0.0,0.0,0.0,0.0,0.0,1.0,0.0
0.16487104914736356,-0.3626329210275277,-0.8680620498650418,-0.39138113233962235,-0.3741657386773941,-0.5319381536954396,-1.5860070939950561,-0.34980404399936865,0.8746750134620385,1.9446256618293372,-0.7150969419341943,-0.38066618340099356,1.689695967849872,-0.6092076990801714,-0.6421755060191673,-0.8462440736915471,-0.32914029430219166,-1.0701220913160239,-1.162862223431414,-0.5027397465361703,2.5832299400318433,-0.7071067811865475,-0.2985035609121703,-0.7821904933853274,0.4289245401321734,0.23272550888006965,0.79912683354932,0.0,0.0,0.0,1.0,0.0,0.0,0.0,0.0,0.0,0.0,1.0
0.5513973469906167,1.3307479699457634,0.12636768269062032,-0.39138113233962235,-0.3741657386773941,1.879917793173656,-1.5860070939950561,-0.34980404399936865,1.5592672266046683,0.4792703472497234,-0.7150969419341943,-0.38066618340099356,1.689695967849872,-0.6092076990801714,-0.6421755060191673,-0.8462440736915471,-0.32914029430219166,0.9344728121351193,-0.48822459762387616,1.9891007362952828,-0.3871122676704779,-0.7071067811865475,-0.5233017936395559,1.731276615523606,0.4289245401321734,0.23272550888006965,0.79912683354932,0.0,0.0,0.0,1.0,0.0,0.0,0.0,0.0,1.0,0.0,0.0
0.750132647535386,0.3122351812361542,0.3167757237875345,-0.39138113233962235,-0.3741657386773941,-0.5319381536954396,0.6305142037423428,-0.34980404399936865,0.8746750134620385,0.4792703472497234,-0.7150969419341943,-0.38066618340099356,-0.5918224455920872,-0.6092076990801714,1.557206699145191,-0.8462440736915471,-0.32914029430219166,-1.0701220913160239,-1.162862223431414,-0.5027397465361703,-0.3871122676704779,-0.7071067811865475,-1.4827085368867912,-0.49827384860535034,0.4289245401321734,0.23272550888006965,0.79912683354932,0.0,0.0,0.0,1.0,0.0,0.0,0.0,0.0,1.0,0.0,0.0
-0.39381669843391265,0.011216655137208872,-1.403326639429725,-0.39138113233962235,-0.3741657386773941,1.879917793173656,-1.5860070939950561,-0.34980404399936865,1.2658705638292558,1.9446256618293372,-0.7150969419341943,-0.38066618340099356,1.689695967849872,-0.6092076990801714,-0.6421755060191673,1.1816921749746827,-0.32914029430219166,0.9344728121351193,1.1983694668949685,-0.5027397465361703,2.5832299400318433,-0.7071067811865475,-0.49520201454863266,-0.12705119737757206,0.4289245401321734,0.23272550888006965,0.79912683354932,0.0,0.0,0.0,1.0,0.0,0.0,0.0,0.0,1.0,0.0,0.0
0.04684452155849563,-1.880935713524132,-0.9811408222754764,-0.39138113233962235,-0.3741657386773941,-0.5319381536954396,0.6305142037423428,-0.34980404399936865,0.7768761258702346,1.9446256618293372,-0.7150969419341943,-0.38066618340099356,1.689695967849872,-0.6092076990801714,-0.6421755060191673,-0.8462440736915471,-0.32914029430219166,-1.0701220913160239,-1.162862223431414,-0.5027397465361703,-0.3871122676704779,-0.7071067811865475,-0.30653206922386256,-1.2345162290719536,0.4289245401321734,0.23272550888006965,0.79912683354932,0.0,0.0,0.0,1.0,0.0,0.0,0.0,0.0,0.0,1.0,0.0
0.3492920138785924,-0.7209759792086011,0.9996565978017011,-0.39138113233962235,-0.3741657386773941,1.879917793173656,-1.5860070939950561,-0.34980404399936865,1.6570661141964722,-0.9860849673298904,-0.7150969419341943,-0.38066618340099356,-0.5918224455920872,-0.6092076990801714,-0.6421755060191673,-0.8462440736915471,-0.32914029430219166,-1.0701220913160239,-1.162862223431414,-0.5027397465361703,2.5832299400318433,-0.7071067811865475,-0.5072447770161712,-1.01026335223864,0.4289245401321734,0.23272550888006965,0.79912683354932,0.0,0.0,0.0,1.0,0.0,0.0,0.0,0.0,0.0,0.0,1.0
-0.48070318940894374,0.6290755085194246,0.20443030454600314,-0.39138113233962235,-0.3741657386773941,1.879917793173656,-1.5860070939950561,-0.34980404399936865,-1.0813027383740463,-0.9860849673298904,-0.7150969419341943,-0.38066618340099356,1.689695967849872,-0.6092076990801714,-0.6421755060191673,-0.8462440736915471,-0.32914029430219166,0.9344728121351193,-0.48822459762387616,-0.5027397465361703,-0.3871122676704779,-0.7071067811865475,-0.5875298601330947,1.2649976465150168,0.4289245401321734,0.23272550888006965,0.79912683354932,0.0,0.0,0.0,1.0,0.0,0.0,0.0,0.0,0.0,0.0,1.0
0.27450428283519424,0.8223114524718476,-0.13892273565731586,-0.39138113233962235,-0.3741657386773941,-0.5319381536954396,-1.5860070939950561,-0.34980404399936865,0.5812783506866259,0.4792703472497234,-0.7150969419341943,-0.38066618340099356,-0.5918224455920872,1.6414763002993509,-0.6421755060191673,-0.8462440736915471,-0.32914029430219166,0.9344728121351193,-0.48822459762387616,-0.5027397465361703,-0.3871122676704779,-0.7071067811865475,-0.9528269883150963,0.6935018045208554,0.4289245401321734,0.23272550888006965,0.79912683354932,0.0,0.0,0.0,1.0,0.0,0.0,0.0,0.0,0.0,1.0,0.0
-0.8244961997385839,-0.9003843035242101,-0.12496104635430529,-0.39138113233962235,2.6726124191242437,-0.5319381536954396,0.6305142037423428,-0.34980404399936865,0.7768761258702346,-0.9860849673298904,-0.7150969419341943,-0.38066618340099356,-0.5918224455920872,-0.6092076990801714,1.557206699145191,-0.8462440736915471,-0.32914029430219166,-1.0701220913160239,-1.162862223431414,-0.5027397465361703,2.5832299400318433,-0.7071067811865475,-0.18610444454847724,-0.7838063474551512,0.4289245401321734,0.23272550888006965,0.79912683354932,0.0,0.0,0.0,1.0,0.0,0.0,0.0,0.0,0.0,1.0,0.0
-0.8485758214905278,-0.2732045482291355,-0.1480319608282096,-0.39138113233962235,-0.3741657386773941,-0.5319381536954396,-1.5860070939950561,-0.34980404399936865,0.09228391272760475,-0.9860849673298904,-0.7150969419341943,-0.38066618340099356,-0.5918224455920872,-0.6092076990801714,1.557206699145191,-0.8462440736915471,-0.32914029430219166,-1.0701220913160239,-1.162862223431414,-0.5027397465361703,-0.3871122676704779,1.4142135623730951,-0.9046559384449423,-0.17938904098696337,0.4289245401321734,0.23272550888006965,0.79912683354932,0.0,0.0,0.0,1.0,0.0,0.0,0.0,0.0,0.0,1.0,0.0
-0.6648642946960205,-0.6040159706802447,-1.0389233443286772,-0.39138113233962235,-0.3741657386773941,-0.5319381536954396,-1.5860070939950561,-0.34980404399936865,-0.005514974864199148,0.4792703472497234,-0.7150969419341943,-0.38066618340099356,-0.5918224455920872,1.6414763002993509,-0.6421755060191673,-0.8462440736915471,-0.32914029430219166,0.9344728121351193,-0.48822459762387616,-0.5027397465361703,-0.3871122676704779,-0.7071067811865475,-0.23427549441863144,-0.6320704156048254,0.4289245401321734,0.23272550888006965,0.79912683354932,0.0,0.0,0.0,1.0,0.0,0.0,0.0,0.0,0.0,0.0,1.0
0.4354891267114353,-0.5597035210031884,1.0822428708980991,-0.39138113233962235,-0.3741657386773941,-0.5319381536954396,0.6305142037423428,-0.34980404399936865,-0.10331386245600391,-0.9860849673298904,-0.7150969419341943,-0.38066618340099356,-0.5918224455920872,-0.6092076990801714,-0.6421755060191673,1.1816921749746827,-0.32914029430219166,0.9344728121351193,1.1983694668949685,-0.5027397465361703,-0.3871122676704779,-0.7071067811865475,-0.5192875394837098,-0.9639247134430293,0.4289245401321734,0.23272550888006965,0.79912683354932,0.0,0.0,0.0,1.0,0.0,0.0,0.0,0.0,0.0,1.0,0.0
0.9146874773258713,0.6894362910459593,1.5413673653336981,2.5550541847077235,-0.3741657386773941,-0.5319381536954396,0.6305142037423428,-0.34980404399936865,0.7768761258702346,-0.9860849673298904,-0.7150969419341943,-0.38066618340099356,-0.5918224455920872,-0.6092076990801714,-0.6421755060191673,-0.8462440736915471,-0.32914029430219166,-1.0701220913160239,-1.162862223431414,1.9891007362952828,-0.3871122676704779,1.4142135623730951,-1.0692403588346353,-0.16786783024101207,0.4289245401321734,0.23272550888006965,0.79912683354932,0.0,0.0,0.0,1.0,0.0,0.0,0.0,0.0,0.0,1.0,0.0
-0.2408598105468898,-1.7851463054599632,0.4342265255108109,-0.39138113233962235,-0.3741657386773941,1.879917793173656,0.6305142037423428,-0.34980404399936865,0.5812783506866259,-0.9860849673298904,-0.7150969419341943,-0.38066618340099356,1.689695967849872,-0.6092076990801714,-0.6421755060191673,-0.8462440736915471,-0.32914029430219166,0.9344728121351193,-0.48822459762387616,1.9891007362952828,2.5832299400318433,-0.7071067811865475,-0.8323993636397111,-1.1994844160069293,0.4289245401321734,0.23272550888006965,0.79912683354932,0.0,0.0,0.0,1.0,0.0,0.0,0.0,0.0,0.0,1.0,0.0
-0.13642541680488132,1.2068379076770648,0.5342861107890318,-0.39138113233962235,-0.3741657386773941,-0.5319381536954396,-1.5860070939950561,2.858743394063806,0.9724739010538432,-0.9860849673298904,-0.7150969419341943,-0.38066618340099356,-0.5918224455920872,-0.6092076990801714,-0.6421755060191673,-0.8462440736915471,-0.32914029430219166,0.9344728121351193,-0.48822459762387616,-0.5027397465361703,-0.3871122676704779,1.4142135623730951,-0.8404278719514036,2.746150758161903,0.4289245401321734,0.23272550888006965,0.79912683354932,0.0,0.0,0.0,1.0,0.0,0.0,0.0,0.0,1.0,0.0,0.0
1.1522846453837208,0.03233591838063297,1.7690114703770847,-0.39138113233962235,-0.3741657386773941,-0.5319381536954396,-1.5860070939950561,-0.34980404399936865,1.168071676237451,-0.9860849673298904,-0.7150969419341943,-0.38066618340099356,-0.5918224455920872,-0.6092076990801714,-0.6421755060191673,-0.8462440736915471,-0.32914029430219166,0.9344728121351193,-0.48822459762387616,-0.5027397465361703,-0.3871122676704779,-0.7071067811865475,-0.07771958234063076,-0.8646039753242354,0.4289245401321734,0.23272550888006965,0.79912683354932,0.0,0.0,0.0,1.0,0.0,0.0,0.0,0.0,1.0,0.0,0.0
0.2471595487114421,0.1647437640373226,0.9018025121705544,-0.39138113233962235,-0.3741657386773941,-0.5319381536954396,0.6305142037423428,-0.34980404399936865,0.38568057550301726,-0.9860849673298904,-0.7150969419341943,-0.38066618340099356,1.689695967849872,-0.6092076990801714,-0.6421755060191673,-0.8462440736915471,-0.32914029430219166,-1.0701220913160239,-1.162862223431414,1.9891007362952828,2.5832299400318433,1.4142135623730951,-0.41893118558755543,-0.3686563414544833,0.4289245401321734,0.23272550888006965,0.79912683354932,0.0,0.0,0.0,1.0,0.0,0.0,0.0,0.0,0.0,0.0,1.0
-1.0722787339421658,0.06231733863478665,-1.4292596767910284,-0.39138113233962235,-0.3741657386773941,-0.5319381536954396,-1.5860070939950561,-0.34980404399936865,0.7768761258702346,0.4792703472497234,-0.7150969419341943,-0.38066618340099356,-0.5918224455920872,1.6414763002993509,-0.6421755060191673,-0.8462440736915471,-0.32914029430219166,-1.0701220913160239,-1.162862223431414,-0.5027397465361703,2.5832299400318433,-0.7071067811865475,-0.4430167105226324,0.6216951235106074,0.4289245401321734,0.23272550888006965,0.79912683354932,0.0,0.0,0.0,1.0,0.0,0.0,0.0,0.0,0.0,0.0,1.0
-0.8986385104395139,-1.1395033121283176,-0.19599749894894425,-0.39138113233962235,-0.3741657386773941,-0.5319381536954396,-1.5860070939950561,-0.34980404399936865,1.5592672266046683,-0.9860849673298904,-0.7150969419341943,-0.38066618340099356,1.689695967849872,-0.6092076990801714,-0.6421755060191673,-0.8462440736915471,-0.32914029430219166,-1.0701220913160239,-1.162862223431414,-0.5027397465361703,-0.3871122676704779,-0.7071067811865475,-1.1495254419515588,-0.8974287009466548,0.4289245401321734,0.23272550888006965,0.79912683354932,0.0,0.0,0.0,1.0,0.0,0.0,0.0,0.0,0.0,1.0,0.0
0.050843668271776166,0.09471809513395953,0.7137104011668947,-0.39138113233962235,-0.3741657386773941,1.879917793173656,0.6305142037423428,-0.34980404399936865,-0.690107188006829,-0.9860849673298904,-0.7150969419341943,-0.38066618340099356,-0.5918224455920872,-0.6092076990801714,-0.6421755060191673,-0.8462440736915471,-0.32914029430219166,-1.0701220913160239,-1.162862223431414,-0.5027397465361703,2.5832299400318433,-0.7071067811865475,-0.6236581475357101,-0.32740438982340403,0.4289245401321734,0.23272550888006965,0.79912683354932,0.0,0.0,0.0,1.0,0.0,0.0,0.0,0.0,0.0,1.0,0.0
0.9087743704205556,0.4518032909810807,1.5357019614044782,-0.39138113233962235,-0.3741657386773941,-0.5319381536954396,-1.5860070939950561,-0.34980404399936865,-0.8857049631904377,-0.9860849673298904,-0.7150969419341943,-0.38066618340099356,-0.5918224455920872,1.6414763002993509,-0.6421755060191673,-0.8462440736915471,-0.32914029430219166,-1.0701220913160239,-1.162862223431414,-0.5027397465361703,2.5832299400318433,-0.7071067811865475,-0.47914499792524806,-0.44467482827787885,0.4289245401321734,0.23272550888006965,0.79912683354932,0.0,0.0,0.0,1.0,0.0,0.0,0.0,0.0,0.0,1.0,0.0
0.9754363758598011,-0.7921562242015076,0.5326392415274298,-0.39138113233962235,2.6726124191242437,-0.5319381536954396,-1.5860070939950561,-0.34980404399936865,0.7768761258702346,0.4792703472497234,-0.7150969419341943,-0.38066618340099356,1.689695967849872,-0.6092076990801714,-0.6421755060191673,-0.8462440736915471,3.038218101251,0.9344728121351193,0.5237318410874306,-0.5027397465361703,2.5832299400318433,-0.7071067811865475,-0.39484566065247834,-1.133838372435919,0.4289245401321734,0.23272550888006965,0.79912683354932,0.0,0.0,0.0,1.0,0.0,0.0,0.0,0.0,1.0,0.0,0.0
0.6830842835117623,-0.17133137076755756,0.2525367413072009,-0.39138113233962235,-0.3741657386773941,1.879917793173656,-1.5860070939950561,-0.34980404399936865,0.2878816879112134,0.4792703472497234,-0.7150969419341943,-0.38066618340099356,-0.5918224455920872,-0.6092076990801714,-0.6421755060191673,-0.8462440736915471,-0.32914029430219166,0.9344728121351193,-0.48822459762387616,1.9891007362952828,-0.3871122676704779,-0.7071067811865475,-0.05764831156139989,-0.8364107653280365,0.4289245401321734,0.23272550888006965,0.79912683354932,0.0,0.0,0.0,1.0,0.0,0.0,0.0,0.0,0.0,1.0,0.0
0.2832853906202413,0.5341937547595175,-0.754611467235806,-0.39138113233962235,-0.3741657386773941,-0.5319381536954396,0.6305142037423428,-0.34980404399936865,-0.5923083004150251,1.9446256618293372,-0.7150969419341943,-0.38066618340099356,-0.5918224455920872,-0.6092076990801714,-0.6421755060191673,-0.8462440736915471,-0.32914029430219166,0.9344728121351193,-0.48822459762387616,-0.5027397465361703,2.5832299400318433,-0.7071067811865475,-1.5710221283154069,0.11219061478632054,0.4289245401321734,0.23272550888006965,0.79912683354932,0.0,0.0,0.0,0.0,1.0,0.0,0.0,0.0,0.0,0.0,1.0
1.1220404079379704,1.094857953107218,1.7400341790131522,-0.39138113233962235,-0.3741657386773941,-0.5319381536954396,0.6305142037423428,-0.34980404399936865,0.5812783506866259,-0.9860849673298904,-0.7150969419341943,-0.38066618340099356,-0.5918224455920872,-0.6092076990801714,-0.6421755060191673,1.1816921749746827,-0.32914029430219166,0.9344728121351193,1.1983694668949685,-0.5027397465361703,-0.3871122676704779,1.4142135623730951,-1.0210693089644813,0.30191208940728026,0.4289245401321734,0.23272550888006965,0.79912683354932,0.0,0.0,0.0,0.0,1.0,0.0,0.0,0.0,0.0,0.0,1.0
0.41581985474572003,0.6287703627915645,1.0633975544741254,-0.39138113233962235,-0.3741657386773941,-0.5319381536954396,0.6305142037423428,-0.34980404399936865,-0.005514974864199148,-0.9860849673298904,-0.7150969419341943,-0.38066618340099356,-0.5918224455920872,-0.6092076990801714,1.557206699145191,1.1816921749746827,-0.32914029430219166,0.9344728121351193,1.1983694668949685,-0.5027397465361703,-0.3871122676704779,-0.7071067811865475,-0.968884004938481,0.150862622454381,0.4289245401321734,0.23272550888006965,0.79912683354932,0.0,0.0,0.0,0.0,1.0,0.0,0.0,0.0,0.0,1.0,0.0
0.42563312636363076,0.7021574047290138,-0.6182304327544113,-0.39138113233962235,2.6726124191242437,-0.5319381536954396,0.6305142037423428,-0.34980404399936865,0.8746750134620385,1.9446256618293372,-0.7150969419341943,-0.38066618340099356,-0.5918224455920872,-0.6092076990801714,1.557206699145191,1.1816921749746827,3.038218101251,0.9344728121351193,2.2103259056062754,1.9891007362952828,-0.3871122676704779,-0.7071067811865475,-0.5353445561070944,0.27221999339941494,0.4289245401321734,-4.2969075663954355,0.79912683354932,0.0,0.0,0.0,0.0,1.0,0.0,0.0,0.0,0.0,1.0,0.0
0.020192751287647918,0.0071193662039338605,0.6843434662718115,-0.39138113233962235,-0.3741657386773941,-0.5319381536954396,0.6305142037423428,-0.34980404399936865,-0.005514974864199148,-0.9860849673298904,-0.7150969419341943,-0.38066618340099356,-0.5918224455920872,-0.6092076990801714,1.557206699145191,1.1816921749746827,-0.32914029430219166,0.9344728121351193,1.1983694668949685,-0.5027397465361703,-0.3871122676704779,-0.7071067811865475,-0.7962710762370956,-0.40675534385827616,0.4289245401321734,0.23272550888006965,0.79912683354932,0.0,0.0,0.0,0.0,1.0,0.0,0.0,0.0,0.0,1.0,0.0
0.6140870328400623,1.0824069123511109,0.18643056294866456,-0.39138113233962235,-0.3741657386773941,-0.5319381536954396,0.6305142037423428,-0.34980404399936865,-0.7879060755986333,0.4792703472497234,-0.7150969419341943,-0.38066618340099356,-0.5918224455920872,1.6414763002993509,-0.6421755060191673,-0.8462440736915471,-0.32914029430219166,-1.0701220913160239,-1.162862223431414,-0.5027397465361703,-0.3871122676704779,-0.7071067811865475,-1.1174114087047895,0.8800679336741176,0.4289245401321734,0.23272550888006965,0.79912683354932,0.0,0.0,0.0,0.0,1.0,0.0,0.0,0.0,0.0,0.0,1.0
0.34513763758568083,1.0308843800139296,-0.07124918668171587,-0.39138113233962235,2.6726124191242437,-0.5319381536954396,0.6305142037423428,2.858743394063806,0.6790772382784298,0.4792703472497234,1.3984117975602022,-0.38066618340099356,1.689695967849872,-0.6092076990801714,-0.6421755060191673,1.1816921749746827,-0.32914029430219166,0.9344728121351193,1.1983694668949685,-0.5027397465361703,-0.3871122676704779,-0.7071067811865475,-0.5353445561070944,1.1334803809862508,-2.3314124197506847,0.23272550888006965,0.79912683354932,0.0,0.0,0.0,0.0,1.0,0.0,0.0,0.0,0.0,1.0,0.0
-0.09409666788759283,0.556000789742762,-0.4920771767839265,-0.39138113233962235,-0.3741657386773941,-0.5319381536954396,0.6305142037423428,2.858743394063806,-0.5923083004150251,0.4792703472497234,-0.7150969419341943,-0.38066618340099356,-0.5918224455920872,-0.6092076990801714,1.557206699145191,-0.8462440736915471,-0.32914029430219166,0.9344728121351193,-0.48822459762387616,-0.5027397465361703,-0.3871122676704779,-0.7071067811865475,-0.7320430097435568,0.5430394591252794,0.4289245401321734,0.23272550888006965,0.79912683354932,0.0,0.0,0.0,0.0,1.0,0.0,0.0,0.0,1.0,0.0,0.0
-0.23166152621750355,-0.31865890394529034,0.44303948915517516,-0.39138113233962235,-0.3741657386773941,-0.5319381536954396,0.6305142037423428,-0.34980404399936865,-1.3746994011494589,-0.9860849673298904,-0.7150969419341943,-0.38066618340099356,-0.5918224455920872,-0.6092076990801714,-0.6421755060191673,1.1816921749746827,-0.32914029430219166,0.9344728121351193,1.1983694668949685,-0.5027397465361703,-0.3871122676704779,-0.7071067811865475,-0.3908314064966321,-0.5893615782206811,0.4289245401321734,0.23272550888006965,0.79912683354932,0.0,0.0,0.0,0.0,1.0,0.0,0.0,0.0,1.0,0.0,0.0
0.29102773816011807,0.758200281657531,-0.12309167956947512,-0.39138113233962235,-0.3741657386773941,-0.5319381536954396,0.6305142037423428,-0.34980404399936865,0.2878816879112134,0.4792703472497234,-0.7150969419341943,-0.38066618340099356,1.689695967849872,-0.6092076990801714,-0.6421755060191673,-0.8462440736915471,-0.32914029430219166,-1.0701220913160239,-1.162862223431414,-0.5027397465361703,-0.3871122676704779,1.4142135623730951,-0.48717350623694033,0.5296884980081804,0.4289245401321734,0.23272550888006965,0.79912683354932,0.0,0.0,0.0,0.0,1.0,0.0,0.0,0.0,0.0,1.0,0.0
2.129938780811109,1.2127746248152755,2.705711189993044,-0.39138113233962235,-0.3741657386773941,1.879917793173656,0.6305142037423428,-0.34980404399936865,-1.0813027383740463,-0.9860849673298904,-0.7150969419341943,2.626973562678144,1.689695967849872,-0.6092076990801714,-0.6421755060191673,1.1816921749746827,-0.32914029430219166,0.9344728121351193,1.1983694668949685,-0.5027397465361703,2.5832299400318433,-0.7071067811865475,-0.4149169314317092,-0.33542041412324736,0.4289245401321734,0.23272550888006965,0.79912683354932,0.0,0.0,0.0,0.0,1.0,0.0,0.0,0.0,1.0,0.0,0.0
3.2161263940375564,2.9290210213997647,2.6794550252435374,-0.39138113233962235,-0.3741657386773941,-0.5319381536954396,0.6305142037423428,-0.34980404399936865,-1.4724982887412632,0.4792703472497234,1.3984117975602022,-0.38066618340099356,-0.5918224455920872,-0.6092076990801714,-0.6421755060191673,1.1816921749746827,-0.32914029430219166,0.9344728121351193,1.1983694668949685,-0.5027397465361703,-0.3871122676704779,1.4142135623730951,-0.42294543974340154,2.336197320723257,0.4289245401321734,0.23272550888006965,0.79912683354932,0.0,0.0,0.0,0.0,1.0,0.0,0.0,0.0,0.0,1.0,0.0
1.1361905077367231,1.1564437375619223,0.6866579586903171,-0.39138113233962235,2.6726124191242437,-0.5319381536954396,-1.5860070939950561,-0.34980404399936865,0.09228391272760475,0.4792703472497234,1.3984117975602022,-0.38066618340099356,-0.5918224455920872,-0.6092076990801714,-0.6421755060191673,1.1816921749746827,-0.32914029430219166,0.9344728121351193,1.1983694668949685,-0.5027397465361703,-0.3871122676704779,-0.7071067811865475,-0.643729418314941,0.4069250137110829,-2.3314124197506847,0.23272550888006965,0.79912683354932,0.0,0.0,0.0,0.0,1.0,0.0,0.0,0.0,0.0,1.0,0.0
0.7988121395123984,1.5110602168748302,-0.26069231572106916,-0.39138113233962235,-0.3741657386773941,1.879917793173656,0.6305142037423428,2.858743394063806,0.09228391272760475,1.9446256618293372,-0.7150969419341943,-0.38066618340099356,-0.5918224455920872,-0.6092076990801714,-0.6421755060191673,-0.8462440736915471,-0.32914029430219166,0.9344728121351193,-0.48822459762387616,-0.5027397465361703,-0.3871122676704779,-0.7071067811865475,-0.5634443351980176,1.899721653843947,0.4289245401321734,0.23272550888006965,0.79912683354932,0.0,0.0,0.0,0.0,1.0,0.0,0.0,0.0,0.0,0.0,1.0
2.001240413107897,0.3811375019961819,2.582404060636985,-0.39138113233962235,-0.3741657386773941,-0.5319381536954396,0.6305142037423428,-0.34980404399936865,0.2878816879112134,-0.9860849673298904,1.3984117975602022,-0.38066618340099356,-0.5918224455920872,-0.6092076990801714,-0.6421755060191673,1.1816921749746827,-0.32914029430219166,0.9344728121351193,1.1983694668949685,1.9891007362952828,2.5832299400318433,1.4142135623730951,-0.6557721807824796,-0.9212399844174591,0.4289245401321734,0.23272550888006965,0.79912683354932,0.0,0.0,0.0,0.0,1.0,0.0,0.0,0.0,0.0,0.0,1.0
0.3408609222649704,-1.057114873900233,-0.07534669255809155,-0.39138113233962235,-0.3741657386773941,1.879917793173656,0.6305142037423428,-0.34980404399936865,1.168071676237451,0.4792703472497234,1.3984117975602022,-0.38066618340099356,-0.5918224455920872,-0.6092076990801714,-0.6421755060191673,-0.8462440736915471,-0.32914029430219166,0.9344728121351193,-0.48822459762387616,-0.5027397465361703,-0.3871122676704779,-0.7071067811865475,-1.0050122923410967,-1.1145062591824029,0.4289245401321734,0.23272550888006965,0.79912683354932,0.0,0.0,0.0,0.0,1.0,0.0,0.0,0.0,0.0,0.0,1.0
0.8140569388626058,-0.3441802451880814,-0.24608642627119776,-0.39138113233962235,-0.3741657386773941,-0.5319381536954396,0.6305142037423428,-0.34980404399936865,-2.646084939842914,1.9446256618293372,-0.7150969419341943,-0.38066618340099356,-0.5918224455920872,-0.6092076990801714,1.557206699145191,-0.8462440736915471,-0.32914029430219166,-1.0701220913160239,-1.162862223431414,-0.5027397465361703,2.5832299400318433,-0.7071067811865475,-1.3943949454581752,-0.9592724495727502,0.4289245401321734,0.23272550888006965,0.79912683354932,0.0,0.0,0.0,0.0,1.0,0.0,0.0,0.0,1.0,0.0,0.0
-0.8263254882529003,-0.8980280078776292,-1.1936167044170725,-0.39138113233962235,-0.3741657386773941,-0.5319381536954396,-1.5860070939950561,-0.34980404399936865,0.38568057550301726,0.4792703472497234,1.3984117975602022,-0.38066618340099356,-0.5918224455920872,-0.6092076990801714,-0.6421755060191673,1.1816921749746827,-0.32914029430219166,0.9344728121351193,1.1983694668949685,-0.5027397465361703,-0.3871122676704779,-0.7071067811865475,0.4963187619453721,-0.7816650727533554,0.4289245401321734,0.23272550888006965,-1.2513658133071346,0.0,0.0,0.0,0.0,1.0,0.0,0.0,0.0,0.0,0.0,1.0
2.3341984961250857,0.4006080672028324,1.8344740841521918,-0.39138113233962235,-0.3741657386773941,-0.5319381536954396,0.6305142037423428,-0.34980404399936865,-0.5923083004150251,0.4792703472497234,1.3984117975602022,2.626973562678144,-0.5918224455920872,-0.6092076990801714,-0.6421755060191673,-0.8462440736915471,-0.32914029430219166,-1.0701220913160239,-1.162862223431414,1.9891007362952828,-0.3871122676704779,-0.7071067811865475,-0.9207129550683271,-0.9917281970938875,-2.3314124197506847,0.23272550888006965,0.79912683354932,0.0,0.0,0.0,0.0,1.0,0.0,0.0,0.0,0.0,0.0,1.0
1.9249851432465834,1.235841654543686,1.4424046395196368,-0.39138113233962235,-0.3741657386773941,-0.5319381536954396,0.6305142037423428,-0.34980404399936865,-0.005514974864199148,0.4792703472497234,1.3984117975602022,-0.38066618340099356,-0.5918224455920872,1.6414763002993509,1.557206699145191,-0.8462440736915471,-0.32914029430219166,-1.0701220913160239,-1.162862223431414,-0.5027397465361703,-0.3871122676704779,-0.7071067811865475,-1.4104519620815599,-0.16822578499278082,-2.3314124197506847,0.23272550888006965,0.79912683354932,0.0,0.0,0.0,0.0,1.0,0.0,0.0,0.0,0.0,1.0,0.0
0.7032142141277499,-0.775587191795724,0.271823208246847,-0.39138113233962235,-0.3741657386773941,-0.5319381536954396,0.6305142037423428,-0.34980404399936865,-1.1791016259658502,0.4792703472497234,-0.7150969419341943,-0.38066618340099356,-0.5918224455920872,-0.6092076990801714,-0.6421755060191673,-0.8462440736915471,3.038218101251,-1.0701220913160239,-0.15090578472010727,-0.5027397465361703,-0.3871122676704779,-0.7071067811865475,-1.0210693089644813,-1.0912991230176539,0.4289245401321734,0.23272550888006965,0.79912683354932,0.0,0.0,0.0,0.0,1.0,0.0,0.0,0.0,0.0,0.0,1.0
0.9495973308416418,1.743042832120911,0.5078828358431715,-0.39138113233962235,-0.3741657386773941,-0.5319381536954396,0.6305142037423428,-0.34980404399936865,-0.005514974864199148,0.4792703472497234,-0.7150969419341943,-0.38066618340099356,1.689695967849872,-0.6092076990801714,-0.6421755060191673,1.1816921749746827,-0.32914029430219166,-1.0701220913160239,0.5237318410874306,-0.5027397465361703,2.5832299400318433,-0.7071067811865475,-1.3703094205230981,2.511369301610446,0.4289245401321734,0.23272550888006965,0.79912683354932,0.0,0.0,0.0,0.0,1.0,0.0,0.0,0.0,0.0,0.0,1.0
0.3165635899326121,1.6012402077229868,-0.09862587820409732,-0.39138113233962235,-0.3741657386773941,1.879917793173656,0.6305142037423428,-0.34980404399936865,-1.4724982887412632,0.4792703472497234,-0.7150969419341943,-0.38066618340099356,-0.5918224455920872,-0.6092076990801714,-0.6421755060191673,1.1816921749746827,-0.32914029430219166,0.9344728121351193,1.1983694668949685,-0.5027397465361703,2.5832299400318433,-0.7071067811865475,-1.5589793658478686,3.5114805719113447,0.4289245401321734,0.23272550888006965,0.79912683354932,0.0,0.0,0.0,0.0,1.0,0.0,0.0,0.0,0.0,1.0,0.0
-0.725180983690109,-1.729073498596601,-0.029806193881312035,-0.39138113233962235,2.6726124191242437,-0.5319381536954396,0.6305142037423428,-0.34980404399936865,0.5812783506866259,-0.9860849673298904,-0.7150969419341943,-0.38066618340099356,-0.5918224455920872,-0.6092076990801714,-0.6421755060191673,1.1816921749746827,-0.32914029430219166,-1.0701220913160239,0.5237318410874306,-0.5027397465361703,-0.3871122676704779,-0.7071067811865475,-0.4751307437694018,-1.1378631205809473,0.4289245401321734,0.23272550888006965,0.79912683354932,0.0,0.0,0.0,0.0,1.0,0.0,0.0,0.0,0.0,1.0,0.0
2.0092044722588045,1.9581845096649728,2.5900345014067154,-0.39138113233962235,-0.3741657386773941,-0.5319381536954396,0.6305142037423428,-0.34980404399936865,-0.983503850782242,-0.9860849673298904,1.3984117975602022,-0.38066618340099356,-0.5918224455920872,-0.6092076990801714,-0.6421755060191673,-0.8462440736915471,-0.32914029430219166,0.9344728121351193,-0.48822459762387616,-0.5027397465361703,2.5832299400318433,-0.7071067811865475,-0.9247272092241732,1.2110504121003076,0.4289245401321734,0.23272550888006965,0.79912683354932,0.0,0.0,0.0,0.0,1.0,0.0,0.0,0.0,0.0,1.0,0.0
0.02660285144188117,-0.028023860183703075,-0.3764358087634777,-0.39138113233962235,-0.3741657386773941,-0.5319381536954396,0.6305142037423428,2.858743394063806,0.38568057550301726,0.4792703472497234,-0.7150969419341943,-0.38066618340099356,-0.5918224455920872,1.6414763002993509,-0.6421755060191673,1.1816921749746827,-0.32914029430219166,0.9344728121351193,1.1983694668949685,-0.5027397465361703,-0.3871122676704779,-0.7071067811865475,-0.8083138387046341,-0.44725510273713137,0.4289245401321734,0.23272550888006965,0.79912683354932,0.0,0.0,0.0,0.0,1.0,0.0,0.0,0.0,0.0,0.0,1.0
0.8404074020575122,0.11901003963779762,1.4701989191975728,2.5550541847077235,2.6726124191242437,-0.5319381536954396,0.6305142037423428,-0.34980404399936865,-0.3967105252314164,-0.9860849673298904,-0.7150969419341943,-0.38066618340099356,-0.5918224455920872,1.6414763002993509,1.557206699145191,1.1816921749746827,-0.32914029430219166,0.9344728121351193,1.1983694668949685,-0.5027397465361703,-0.3871122676704779,1.4142135623730951,-0.338646102470632,-0.7026004079462093,0.4289245401321734,0.23272550888006965,0.79912683354932,0.0,0.0,0.0,0.0,1.0,0.0,0.0,0.0,1.0,0.0,0.0
0.8835629985647805,1.1591041047877706,0.44461531653849545,-0.39138113233962235,2.6726124191242437,-0.5319381536954396,0.6305142037423428,-0.34980404399936865,0.2878816879112134,0.4792703472497234,-0.7150969419341943,-0.38066618340099356,-0.5918224455920872,-0.6092076990801714,-0.6421755060191673,-0.8462440736915471,-0.32914029430219166,0.9344728121351193,-0.48822459762387616,-0.5027397465361703,-0.3871122676704779,-0.7071067811865475,-0.9207129550683271,0.7104740595442441,0.4289245401321734,0.23272550888006965,0.79912683354932,0.0,0.0,0.0,0.0,1.0,0.0,0.0,0.0,0.0,0.0,1.0
1.295147489362381,-0.12376839050808112,0.8389549500751522,-0.39138113233962235,-0.3741657386773941,-0.5319381536954396,0.6305142037423428,-0.34980404399936865,-0.690107188006829,0.4792703472497234,-0.7150969419341943,-0.38066618340099356,1.689695967849872,-0.6092076990801714,-0.6421755060191673,1.1816921749746827,-0.32914029430219166,-1.0701220913160239,0.5237318410874306,-0.5027397465361703,-0.3871122676704779,-0.7071067811865475,-0.10180510727570785,-0.9762932486836201,0.4289245401321734,0.23272550888006965,0.79912683354932,0.0,0.0,0.0,0.0,1.0,0.0,0.0,0.0,0.0,0.0,1.0
1.5550251546838185,0.5871736639665138,0.46383072694459876,-0.39138113233962235,-0.3741657386773941,-0.5319381536954396,0.6305142037423428,-0.34980404399936865,0.48347946309482204,1.9446256618293372,-0.7150969419341943,-0.38066618340099356,-0.5918224455920872,-0.6092076990801714,-0.6421755060191673,-0.8462440736915471,-0.32914029430219166,-1.0701220913160239,-1.162862223431414,-0.5027397465361703,-0.3871122676704779,1.4142135623730951,-0.2503325110420161,-0.6400556265823333,0.4289245401321734,0.23272550888006965,0.79912683354932,0.0,0.0,0.0,0.0,1.0,0.0,0.0,0.0,0.0,1.0,0.0
-0.40630222165993524,-0.1926408543716781,-0.7911983915673652,-0.39138113233962235,-0.3741657386773941,1.879917793173656,0.6305142037423428,-0.34980404399936865,-1.5702971763330675,0.4792703472497234,1.3984117975602022,-0.38066618340099356,-0.5918224455920872,-0.6092076990801714,-0.6421755060191673,1.1816921749746827,-0.32914029430219166,-1.0701220913160239,0.5237318410874306,-0.5027397465361703,2.5832299400318433,1.4142135623730951,-0.49118776039278644,-0.3729177865641199,0.4289245401321734,0.23272550888006965,0.79912683354932,0.0,0.0,0.0,0.0,1.0,0.0,0.0,0.0,0.0,1.0,0.0
1.9912114856343555,1.4923957535252972,1.5058564118541173,-0.39138113233962235,-0.3741657386773941,-0.5319381536954396,0.6305142037423428,-0.34980404399936865,0.6790772382784298,0.4792703472497234,-0.7150969419341943,-0.38066618340099356,1.689695967849872,-0.6092076990801714,-0.6421755060191673,1.1816921749746827,-0.32914029430219166,-1.0701220913160239,0.5237318410874306,-0.5027397465361703,2.5832299400318433,-0.7071067811865475,-1.2057250001334052,0.17014245999818658,0.4289245401321734,0.23272550888006965,0.79912683354932,0.0,0.0,0.0,0.0,1.0,0.0,0.0,0.0,0.0,1.0,0.0
0.296153580835405,0.5403807537515297,-0.11818062985305841,-0.39138113233962235,-0.3741657386773941,-0.5319381536954396,0.6305142037423428,-0.34980404399936865,-0.690107188006829,0.4792703472497234,-0.7150969419341943,-0.38066618340099356,-0.5918224455920872,-0.6092076990801714,-0.6421755060191673,-0.8462440736915471,-0.32914029430219166,0.9344728121351193,-0.48822459762387616,-0.5027397465361703,-0.3871122676704779,-0.7071067811865475,-0.89662743013325,0.11089612243058364,0.4289245401321734,0.23272550888006965,0.79912683354932,0.0,0.0,0.0,0.0,1.0,0.0,0.0,0.0,0.0,1.0,0.0
0.7415158969899783,-2.276035500494439,1.3754500282427315,2.5550541847077235,-0.3741657386773941,-0.5319381536954396,-1.5860070939950561,-0.34980404399936865,-0.2011127500478078,-0.9860849673298904,-0.7150969419341943,-0.38066618340099356,1.689695967849872,-0.6092076990801714,-0.6421755060191673,1.1816921749746827,-0.32914029430219166,0.9344728121351193,1.1983694668949685,-0.5027397465361703,-0.3871122676704779,-0.7071067811865475,-0.23427549441863144,-1.2959279559167947,0.4289245401321734,0.23272550888006965,0.79912683354932,0.0,0.0,0.0,0.0,1.0,0.0,0.0,0.0,0.0,0.0,1.0
0.4742366390213455,0.9854918183512247,1.1193672307317966,-0.39138113233962235,-0.3741657386773941,-0.5319381536954396,0.6305142037423428,-0.34980404399936865,-0.7879060755986333,-0.9860849673298904,-0.7150969419341943,-0.38066618340099356,-0.5918224455920872,-0.6092076990801714,-0.6421755060191673,-0.8462440736915471,-0.32914029430219166,-1.0701220913160239,-1.162862223431414,1.9891007362952828,-0.3871122676704779,-0.7071067811865475,-0.17004742792509261,0.8265051983138039,0.4289245401321734,0.23272550888006965,0.79912683354932,0.0,0.0,0.0,0.0,1.0,0.0,0.0,0.0,0.0,1.0,0.0
0.9350344656558323,0.7652924603527486,0.4939301469551013,2.5550541847077235,2.6726124191242437,-0.5319381536954396,0.6305142037423428,-0.34980404399936865,-2.0592916142920887,0.4792703472497234,-0.7150969419341943,-0.38066618340099356,1.689695967849872,-0.6092076990801714,-0.6421755060191673,1.1816921749746827,-0.32914029430219166,0.9344728121351193,1.1983694668949685,-0.5027397465361703,-0.3871122676704779,-0.7071067811865475,-0.619643893379864,-0.07717268777241963,0.4289245401321734,0.23272550888006965,0.79912683354932,0.0,0.0,0.0,0.0,1.0,0.0,0.0,0.0,1.0,0.0,0.0
1.9870928891208817,0.6710325497858372,1.5019103646487981,2.5550541847077235,-0.3741657386773941,-0.5319381536954396,0.6305142037423428,-0.34980404399936865,0.38568057550301726,0.4792703472497234,-0.7150969419341943,-0.38066618340099356,-0.5918224455920872,-0.6092076990801714,-0.6421755060191673,-0.8462440736915471,-0.32914029430219166,-1.0701220913160239,-1.162862223431414,-0.5027397465361703,-0.3871122676704779,-0.7071067811865475,-0.32660334000309343,-0.7507639360775705,0.4289245401321734,0.23272550888006965,0.79912683354932,0.0,0.0,0.0,0.0,1.0,0.0,0.0,0.0,1.0,0.0,0.0
-0.7706970619488754,-0.04886400288761548,-0.07341558108486171,-0.39138113233962235,-0.3741657386773941,-0.5319381536954396,0.6305142037423428,-0.34980404399936865,-1.6680960639248714,-0.9860849673298904,-0.7150969419341943,-0.38066618340099356,-0.5918224455920872,1.6414763002993509,-0.6421755060191673,1.1816921749746827,-0.32914029430219166,-1.0701220913160239,0.5237318410874306,-0.5027397465361703,2.5832299400318433,-0.7071067811865475,-0.5233017936395559,0.09102064103771612,0.4289245401321734,0.23272550888006965,0.79912683354932,0.0,0.0,0.0,0.0,1.0,0.0,0.0,0.0,0.0,0.0,1.0
-1.5327259896314933,-1.0276046195962725,-0.8035227396737414,-0.39138113233962235,-0.3741657386773941,1.879917793173656,0.6305142037423428,-0.34980404399936865,0.8746750134620385,-0.9860849673298904,-0.7150969419341943,-0.38066618340099356,1.689695967849872,-0.6092076990801714,-0.6421755060191673,-0.8462440736915471,-0.32914029430219166,-1.0701220913160239,-1.162862223431414,-0.5027397465361703,2.5832299400318433,-0.7071067811865475,-0.8083138387046341,-0.5937518530659839,0.4289245401321734,0.23272550888006965,0.79912683354932,0.0,0.0,0.0,0.0,1.0,0.0,0.0,0.0,0.0,0.0,1.0
0.7680365363458126,1.25193956730496,0.33392942978213913,-0.39138113233962235,-0.3741657386773941,-0.5319381536954396,0.6305142037423428,-0.34980404399936865,0.38568057550301726,0.4792703472497234,1.3984117975602022,-0.38066618340099356,-0.5918224455920872,-0.6092076990801714,1.557206699145191,1.1816921749746827,-0.32914029430219166,0.9344728121351193,1.1983694668949685,-0.5027397465361703,2.5832299400318433,-0.7071067811865475,-1.0411405797437123,1.1114576128064806,0.4289245401321734,0.23272550888006965,0.79912683354932,0.0,0.0,0.0,0.0,1.0,0.0,0.0,0.0,0.0,0.0,1.0
-0.36554372185225187,0.22413666548154654,-0.752148121459969,-0.39138113233962235,2.6726124191242437,-0.5319381536954396,-1.5860070939950561,-0.34980404399936865,-1.5702971763330675,0.4792703472497234,-0.7150969419341943,-0.38066618340099356,-0.5918224455920872,-0.6092076990801714,-0.6421755060191673,-0.8462440736915471,-0.32914029430219166,0.9344728121351193,-0.48822459762387616,-0.5027397465361703,-0.3871122676704779,-0.7071067811865475,-1.013040800652789,0.18229374755345826,0.4289245401321734,0.23272550888006965,0.79912683354932,0.0,0.0,0.0,0.0,1.0,0.0,0.0,0.0,0.0,0.0,1.0
2.2479817485882996,1.49235723325033,0.3414621740010366,-0.39138113233962235,-0.3741657386773941,-0.5319381536954396,0.6305142037423428,-0.34980404399936865,-1.6680960639248714,4.875336290988566,-0.7150969419341943,-0.38066618340099356,-0.5918224455920872,-0.6092076990801714,1.557206699145191,1.1816921749746827,-0.32914029430219166,0.9344728121351193,1.1983694668949685,1.9891007362952828,-0.3871122676704779,1.4142135623730951,-0.32660334000309343,-0.052810460141251105,0.4289245401321734,0.23272550888006965,0.79912683354932,0.0,0.0,0.0,0.0,1.0,0.0,0.0,0.0,1.0,0.0,0.0
0.8408259048426201,1.3743693711047102,1.4705998906937938,-0.39138113233962235,-0.3741657386773941,1.879917793173656,0.6305142037423428,2.858743394063806,-0.005514974864199148,-0.9860849673298904,-0.7150969419341943,-0.38066618340099356,-0.5918224455920872,-0.6092076990801714,1.557206699145191,-0.8462440736915471,-0.32914029430219166,-1.0701220913160239,-1.162862223431414,-0.5027397465361703,-0.3871122676704779,-0.7071067811865475,-1.1334684253281742,1.3570737450813333,0.4289245401321734,0.23272550888006965,0.79912683354932,0.0,0.0,0.0,0.0,1.0,0.0,0.0,0.0,0.0,0.0,1.0
0.9695923503678038,1.0074787652940813,0.5270400766155309,-0.39138113233962235,-0.3741657386773941,-0.5319381536954396,-1.5860070939950561,-0.34980404399936865,-0.8857049631904377,0.4792703472497234,-0.7150969419341943,-0.38066618340099356,-0.5918224455920872,-0.6092076990801714,-0.6421755060191673,-0.8462440736915471,-0.32914029430219166,-1.0701220913160239,-1.162862223431414,-0.5027397465361703,-0.3871122676704779,-0.7071067811865475,0.06679356726983152,0.292709903722366,0.4289245401321734,0.23272550888006965,-1.2513658133071346,0.0,0.0,0.0,0.0,1.0,0.0,0.0,0.0,0.0,0.0,1.0
0.72922406513944,-0.5576695927800217,1.363673107314624,-0.39138113233962235,-0.3741657386773941,-0.5319381536954396,0.6305142037423428,-0.34980404399936865,0.7768761258702346,-0.9860849673298904,-0.7150969419341943,-0.38066618340099356,-0.5918224455920872,-0.6092076990801714,-0.6421755060191673,-0.8462440736915471,-0.32914029430219166,-1.0701220913160239,-1.162862223431414,-0.5027397465361703,-0.3871122676704779,1.4142135623730951,-1.1495254419515588,-1.025848821458481,0.4289245401321734,0.23272550888006965,0.79912683354932,0.0,0.0,0.0,0.0,1.0,0.0,0.0,0.0,1.0,0.0,0.0
0.07516843168245184,-0.6380398782789145,0.7370161881940664,2.5550541847077235,-0.3741657386773941,-0.5319381536954396,0.6305142037423428,-0.34980404399936865,0.5812783506866259,-0.9860849673298904,1.3984117975602022,-0.38066618340099356,-0.5918224455920872,-0.6092076990801714,-0.6421755060191673,1.1816921749746827,-0.32914029430219166,0.9344728121351193,1.1983694668949685,-0.5027397465361703,-0.3871122676704779,-0.7071067811865475,-1.061211850522943,-0.9100926918965312,-2.3314124197506847,0.23272550888006965,0.79912683354932,0.0,0.0,0.0,0.0,1.0,0.0,0.0,0.0,0.0,1.0,0.0
0.7384755292870784,-0.14653210345021817,1.3725370230483223,-0.39138113233962235,-0.3741657386773941,-0.5319381536954396,0.6305142037423428,-0.34980404399936865,0.2878816879112134,-0.9860849673298904,-0.7150969419341943,-0.38066618340099356,-0.5918224455920872,-0.6092076990801714,1.557206699145191,1.1816921749746827,-0.32914029430219166,0.9344728121351193,1.1983694668949685,-0.5027397465361703,-0.3871122676704779,-0.7071067811865475,-1.225796270912636,-0.8393903557785746,0.4289245401321734,0.23272550888006965,0.79912683354932,0.0,0.0,0.0,0.0,1.0,0.0,0.0,0.0,0.0,0.0,1.0
0.6210073424408938,-0.29609990899310074,0.19306090135155948,2.5550541847077235,-0.3741657386773941,-0.5319381536954396,0.6305142037423428,-0.34980404399936865,-0.7879060755986333,0.4792703472497234,-0.7150969419341943,-0.38066618340099356,1.689695967849872,-0.6092076990801714,1.557206699145191,-0.8462440736915471,-0.32914029430219166,-1.0701220913160239,-1.162862223431414,-0.5027397465361703,-0.3871122676704779,-0.7071067811865475,-0.30653206922386256,-0.8864533815003587,0.4289245401321734,0.23272550888006965,0.79912683354932,0.0,0.0,0.0,0.0,1.0,0.0,0.0,0.0,0.0,0.0,1.0
-0.18142631269106121,-1.0465209866188707,0.4911703247133921,-0.39138113233962235,-0.3741657386773941,1.879917793173656,0.6305142037423428,-0.34980404399936865,-1.5702971763330675,-0.9860849673298904,-0.7150969419341943,-0.38066618340099356,-0.5918224455920872,-0.6092076990801714,-0.6421755060191673,1.1816921749746827,-0.32914029430219166,-1.0701220913160239,0.5237318410874306,-0.5027397465361703,-0.3871122676704779,-0.7071067811865475,-1.2659388124710977,-1.0244927303862221,0.4289245401321734,0.23272550888006965,0.79912683354932,0.0,0.0,0.0,0.0,1.0,0.0,0.0,0.0,0.0,0.0,1.0
0.5010220046654036,0.4632532453867457,0.0781031740326954,-0.39138113233962235,-0.3741657386773941,-0.5319381536954396,0.6305142037423428,-0.34980404399936865,-0.49450941282322075,0.4792703472497234,1.3984117975602022,-0.38066618340099356,-0.5918224455920872,-0.6092076990801714,-0.6421755060191673,1.1816921749746827,-0.32914029430219166,0.9344728121351193,1.1983694668949685,-0.5027397465361703,2.5832299400318433,-0.7071067811865475,-1.2860100832503287,-0.17103420486520288,-2.3314124197506847,0.23272550888006965,0.79912683354932,0.0,0.0,0.0,0.0,1.0,0.0,0.0,0.0,1.0,0.0,0.0
0.9272388748828786,0.37620400946238236,1.5533929786323086,2.5550541847077235,-0.3741657386773941,1.879917793173656,0.6305142037423428,-0.34980404399936865,-1.3746994011494589,-0.9860849673298904,1.3984117975602022,-0.38066618340099356,-0.5918224455920872,-0.6092076990801714,1.557206699145191,-0.8462440736915471,-0.32914029430219166,-1.0701220913160239,-1.162862223431414,-0.5027397465361703,-0.3871122676704779,-0.7071067811865475,-0.5674585893538638,-0.528525221614516,0.4289245401321734,0.23272550888006965,0.79912683354932,0.0,0.0,0.0,0.0,1.0,0.0,0.0,0.0,0.0,0.0,1.0
1.11760599887276,-0.07285214221858427,0.6688521127550782,-0.39138113233962235,-0.3741657386773941,-0.5319381536954396,-1.5860070939950561,2.858743394063806,-2.0592916142920887,0.4792703472497234,-0.7150969419341943,-0.38066618340099356,-0.5918224455920872,-0.6092076990801714,1.557206699145191,1.1816921749746827,-0.32914029430219166,0.9344728121351193,1.1983694668949685,-0.5027397465361703,-0.3871122676704779,-0.7071067811865475,-1.1615682044190974,-0.9094931180672854,0.4289245401321734,0.23272550888006965,0.79912683354932,0.0,0.0,0.0,0.0,1.0,0.0,0.0,0.0,1.0,0.0,0.0
0.2897427582399814,0.8500786920435163,-0.12432281374495353,-0.39138113233962235,-0.3741657386773941,1.879917793173656,0.6305142037423428,-0.34980404399936865,-0.8857049631904377,0.4792703472497234,1.3984117975602022,-0.38066618340099356,-0.5918224455920872,-0.6092076990801714,-0.6421755060191673,1.1816921749746827,-0.32914029430219166,0.9344728121351193,1.1983694668949685,-0.5027397465361703,-0.3871122676704779,-0.7071067811865475,0.09890760051660079,0.7396590088293816,0.4289245401321734,0.23272550888006965,-1.2513658133071346,0.0,0.0,0.0,0.0,1.0,0.0,0.0,0.0,0.0,1.0,0.0
0.7429248310756367,0.7075931820629724,-0.31423736126110424,-0.39138113233962235,-0.3741657386773941,-0.5319381536954396,0.6305142037423428,-0.34980404399936865,1.168071676237451,1.9446256618293372,-0.7150969419341943,-0.38066618340099356,-0.5918224455920872,-0.6092076990801714,-0.6421755060191673,1.1816921749746827,-0.32914029430219166,0.9344728121351193,1.1983694668949685,-0.5027397465361703,-0.3871122676704779,-0.7071067811865475,0.3036345624647557,-0.00822635911426035,0.4289245401321734,0.23272550888006965,-1.2513658133071346,0.0,0.0,0.0,0.0,1.0,0.0,0.0,0.0,0.0,0.0,1.0
-0.23028586193589035,-0.6706579054973159,0.4443575261788814,-0.39138113233962235,-0.3741657386773941,-0.5319381536954396,0.6305142037423428,-0.34980404399936865,-0.2011127500478078,-0.9860849673298904,1.3984117975602022,-0.38066618340099356,-0.5918224455920872,-0.6092076990801714,-0.6421755060191673,-0.8462440736915471,-0.32914029430219166,0.9344728121351193,-0.48822459762387616,-0.5027397465361703,-0.3871122676704779,1.4142135623730951,-0.5634443351980176,-0.8394004088219227,-2.3314124197506847,0.23272550888006965,0.79912683354932,0.0,0.0,0.0,0.0,1.0,0.0,0.0,0.0,0.0,1.0,0.0
0.8188733815460711,0.9433808321725996,0.3826361939326514,-0.39138113233962235,-0.3741657386773941,1.879917793173656,0.6305142037423428,-0.34980404399936865,-0.5923083004150251,0.4792703472497234,-0.7150969419341943,-0.38066618340099356,-0.5918224455920872,1.6414763002993509,-0.6421755060191673,-0.8462440736915471,-0.32914029430219166,0.9344728121351193,-0.48822459762387616,-0.5027397465361703,2.5832299400318433,-0.7071067811865475,0.29159179999721724,0.3258046478853921,0.4289245401321734,0.23272550888006965,-1.2513658133071346,0.0,0.0,0.0,0.0,1.0,0.0,0.0,0.0,1.0,0.0,0.0
-0.1497827557214052,0.43392300756025265,-0.5454295777317139,-0.39138113233962235,-0.3741657386773941,1.879917793173656,0.6305142037423428,-0.34980404399936865,-1.4724982887412632,0.4792703472497234,1.3984117975602022,-0.38066618340099356,-0.5918224455920872,-0.6092076990801714,-0.6421755060191673,1.1816921749746827,-0.32914029430219166,0.9344728121351193,1.1983694668949685,-0.5027397465361703,-0.3871122676704779,-0.7071067811865475,-1.3984091996140215,0.35414755975184053,0.4289245401321734,0.23272550888006965,0.79912683354932,0.0,0.0,0.0,0.0,1.0,0.0,0.0,0.0,1.0,0.0,0.0
-0.7933834727472215,0.5642889942006654,-0.09515164690185283,-0.39138113233962235,-0.3741657386773941,-0.5319381536954396,0.6305142037423428,-0.34980404399936865,-0.10331386245600391,-0.9860849673298904,1.3984117975602022,-0.38066618340099356,-0.5918224455920872,1.6414763002993509,-0.6421755060191673,-0.8462440736915471,-0.32914029430219166,-1.0701220913160239,-1.162862223431414,-0.5027397465361703,2.5832299400318433,-0.7071067811865475,-0.6758434515617104,1.5972854605470335,-2.3314124197506847,0.23272550888006965,0.79912683354932,0.0,0.0,0.0,0.0,1.0,0.0,0.0,0.0,0.0,0.0,1.0
2.4170258783963052,-0.9340231860089303,1.9138314818029443,-0.39138113233962235,-0.3741657386773941,1.879917793173656,0.6305142037423428,-0.34980404399936865,-1.1791016259658502,0.4792703472497234,1.3984117975602022,-0.38066618340099356,1.689695967849872,1.6414763002993509,-0.6421755060191673,1.1816921749746827,-0.32914029430219166,-1.0701220913160239,0.5237318410874306,-0.5027397465361703,-0.3871122676704779,-0.7071067811865475,0.21933522519198598,-1.2678933402107189,0.4289245401321734,0.23272550888006965,-1.2513658133071346,0.0,0.0,0.0,0.0,1.0,0.0,0.0,0.0,0.0,0.0,1.0
0.6652230526000299,0.5715007992234742,1.3023531288801282,-0.39138113233962235,-0.3741657386773941,-0.5319381536954396,0.6305142037423428,-0.34980404399936865,-0.2011127500478078,-0.9860849673298904,-0.7150969419341943,-0.38066618340099356,-0.5918224455920872,-0.6092076990801714,-0.6421755060191673,-0.8462440736915471,-0.32914029430219166,-1.0701220913160239,-1.162862223431414,-0.5027397465361703,-0.3871122676704779,1.4142135623730951,-1.5790506366270993,-0.1446768389128976,0.4289245401321734,0.23272550888006965,0.79912683354932,0.0,0.0,0.0,0.0,1.0,0.0,0.0,0.0,0.0,0.0,1.0
-0.8445823963565242,-1.0964494175416577,-0.14420582225038509,-0.39138113233962235,2.6726124191242437,-0.5319381536954396,0.6305142037423428,-0.34980404399936865,1.2658705638292558,-0.9860849673298904,-0.7150969419341943,-0.38066618340099356,-0.5918224455920872,-0.6092076990801714,-0.6421755060191673,1.1816921749746827,3.038218101251,0.9344728121351193,2.2103259056062754,-0.5027397465361703,-0.3871122676704779,-0.7071067811865475,-0.7922568220812494,-0.8903529096145371,0.4289245401321734,-4.2969075663954355,0.79912683354932,0.0,0.0,0.0,0.0,1.0,0.0,0.0,0.0,1.0,0.0,0.0
-0.22321722104471134,0.6616161736570039,-0.615786506527416,-0.39138113233962235,2.6726124191242437,-0.5319381536954396,0.6305142037423428,-0.34980404399936865,-0.3967105252314164,0.4792703472497234,-0.7150969419341943,-0.38066618340099356,-0.5918224455920872,-0.6092076990801714,-0.6421755060191673,1.1816921749746827,-0.32914029430219166,-1.0701220913160239,0.5237318410874306,-0.5027397465361703,-0.3871122676704779,-0.7071067811865475,-0.7320430097435568,0.9640013199492227,0.4289245401321734,0.23272550888006965,0.79912683354932,0.0,0.0,0.0,0.0,1.0,0.0,0.0,0.0,0.0,0.0,1.0
1.379088629009018,1.3688860114186368,0.9193791646904271,-0.39138113233962235,-0.3741657386773941,1.879917793173656,0.6305142037423428,-0.34980404399936865,-0.005514974864199148,0.4792703472497234,-0.7150969419341943,-0.38066618340099356,-0.5918224455920872,-0.6092076990801714,-0.6421755060191673,1.1816921749746827,-0.32914029430219166,-1.0701220913160239,0.5237318410874306,-0.5027397465361703,-0.3871122676704779,-0.7071067811865475,-0.5875298601330947,0.5774314980444395,0.4289245401321734,0.23272550888006965,0.79912683354932,0.0,0.0,0.0,0.0,1.0,0.0,0.0,0.0,0.0,0.0,1.0
0.924818959412402,-1.3595357436573534,0.4841426656937329,-0.39138113233962235,-0.3741657386773941,1.879917793173656,-1.5860070939950561,-0.34980404399936865,-0.3967105252314164,0.4792703472497234,1.3984117975602022,-0.38066618340099356,1.689695967849872,-0.6092076990801714,-0.6421755060191673,1.1816921749746827,-0.32914029430219166,0.9344728121351193,1.1983694668949685,-0.5027397465361703,-0.3871122676704779,-0.7071067811865475,-0.14596190299001552,-1.228747158594795,-2.3314124197506847,0.23272550888006965,0.79912683354932,0.0,0.0,0.0,0.0,1.0,0.0,0.0,0.0,0.0,1.0,0.0
1.2240398508085184,1.73398174624538,0.7708265694226099,-0.39138113233962235,-0.3741657386773941,1.879917793173656,0.6305142037423428,-0.34980404399936865,-0.5923083004150251,0.4792703472497234,1.3984117975602022,-0.38066618340099356,1.689695967849872,1.6414763002993509,1.557206699145191,1.1816921749746827,-0.32914029430219166,-1.0701220913160239,0.5237318410874306,-0.5027397465361703,2.5832299400318433,-0.7071067811865475,-0.35068886493817036,1.8731023442140726,-2.3314124197506847,0.23272550888006965,0.79912683354932,0.0,0.0,0.0,0.0,1.0,0.0,0.0,0.0,0.0,0.0,1.0
0.0722284203385619,0.5084630086148522,-0.33272223121320127,-0.39138113233962235,-0.3741657386773941,1.879917793173656,-1.5860070939950561,-0.34980404399936865,-0.49450941282322075,0.4792703472497234,-0.7150969419341943,-0.38066618340099356,-0.5918224455920872,-0.6092076990801714,-0.6421755060191673,1.1816921749746827,-0.32914029430219166,-1.0701220913160239,0.5237318410874306,-0.5027397465361703,-0.3871122676704779,-0.7071067811865475,-1.2619245583152516,0.26764818682522434,0.4289245401321734,0.23272550888006965,0.79912683354932,0.0,0.0,0.0,0.0,1.0,0.0,0.0,0.0,0.0,0.0,1.0
1.3215499182060026,-0.33484243414843096,1.9311861371103651,-0.39138113233962235,2.6726124191242437,-0.5319381536954396,0.6305142037423428,-0.34980404399936865,0.38568057550301726,-0.9860849673298904,-0.7150969419341943,-0.38066618340099356,1.689695967849872,-0.6092076990801714,-0.6421755060191673,-0.8462440736915471,-0.32914029430219166,0.9344728121351193,-0.48822459762387616,-0.5027397465361703,-0.3871122676704779,1.4142135623730951,-0.7601427888344802,-1.0591073379755316,0.4289245401321734,0.23272550888006965,0.79912683354932,0.0,0.0,0.0,0.0,1.0,0.0,0.0,0.0,0.0,1.0,0.0
-1.8188454895383077,-0.9320557611816489,-2.1445225026744583,2.5550541847077235,-0.3741657386773941,1.879917793173656,0.6305142037423428,-0.34980404399936865,0.19008280031940863,0.4792703472497234,-0.7150969419341943,-0.38066618340099356,-0.5918224455920872,1.6414763002993509,-0.6421755060191673,-0.8462440736915471,-0.32914029430219166,-1.0701220913160239,-1.162862223431414,-0.5027397465361703,-0.3871122676704779,-0.7071067811865475,-0.4149169314317092,-0.34499909912940535,0.4289245401321734,0.23272550888006965,0.79912683354932,0.0,0.0,0.0,0.0,1.0,0.0,0.0,0.0,0.0,1.0,0.0
0.6201627318762795,1.01316392906469,0.1922516812000943,-0.39138113233962235,-0.3741657386773941,1.879917793173656,-1.5860070939950561,-0.34980404399936865,-0.983503850782242,0.4792703472497234,-0.7150969419341943,-0.38066618340099356,-0.5918224455920872,1.6414763002993509,-0.6421755060191673,-0.8462440736915471,-0.32914029430219166,0.9344728121351193,-0.48822459762387616,-0.5027397465361703,2.5832299400318433,-0.7071067811865475,-0.784228313769557,0.7024436391481175,0.4289245401321734,0.23272550888006965,0.79912683354932,0.0,0.0,0.0,0.0,1.0,0.0,0.0,0.0,1.0,0.0,0.0
0.5563028628378336,0.6357351108583392,-0.4930376224921207,-0.39138113233962235,-0.3741657386773941,1.879917793173656,0.6305142037423428,-0.34980404399936865,-0.5923083004150251,1.9446256618293372,-0.7150969419341943,-0.38066618340099356,1.689695967849872,-0.6092076990801714,1.557206699145191,-0.8462440736915471,-0.32914029430219166,-1.0701220913160239,-1.162862223431414,-0.5027397465361703,-0.3871122676704779,-0.7071067811865475,-1.2819958290944826,0.03710644603128486,0.4289245401321734,0.23272550888006965,0.79912683354932,0.0,0.0,0.0,0.0,1.0,0.0,0.0,0.0,0.0,0.0,1.0
0.6279268806820444,0.39701166327952114,1.266619312070717,-0.39138113233962235,-0.3741657386773941,-0.5319381536954396,0.6305142037423428,-0.34980404399936865,-0.983503850782242,-0.9860849673298904,-0.7150969419341943,-0.38066618340099356,1.689695967849872,-0.6092076990801714,1.557206699145191,-0.8462440736915471,-0.32914029430219166,0.9344728121351193,-0.48822459762387616,-0.5027397465361703,2.5832299400318433,-0.7071067811865475,-0.9969837840294042,-0.338916259305208,0.4289245401321734,0.23272550888006965,0.79912683354932,0.0,0.0,0.0,0.0,1.0,0.0,0.0,0.0,1.0,0.0,0.0
0.22337845758937627,0.24651430954420306,-0.18790616845104113,-0.39138113233962235,-0.3741657386773941,1.879917793173656,0.6305142037423428,2.858743394063806,0.5812783506866259,0.4792703472497234,-0.7150969419341943,-0.38066618340099356,-0.5918224455920872,-0.6092076990801714,-0.6421755060191673,1.1816921749746827,-0.32914029430219166,0.9344728121351193,1.1983694668949685,-0.5027397465361703,-0.3871122676704779,-0.7071067811865475,0.05073655064644689,-0.2570597071012419,0.4289245401321734,0.23272550888006965,-1.2513658133071346,0.0,0.0,0.0,0.0,1.0,0.0,0.0,0.0,0.0,0.0,1.0
1.6670792633888618,0.6707526756750837,1.1953039263000622,-0.39138113233962235,2.6726124191242437,-0.5319381536954396,-1.5860070939950561,-0.34980404399936865,-0.2011127500478078,0.4792703472497234,-0.7150969419341943,-0.38066618340099356,-0.5918224455920872,1.6414763002993509,-0.6421755060191673,1.1816921749746827,-0.32914029430219166,0.9344728121351193,1.1983694668949685,-0.5027397465361703,2.5832299400318433,-0.7071067811865475,-0.7681712971461725,-0.621361701824196,0.4289245401321734,0.23272550888006965,0.79912683354932,0.0,0.0,0.0,0.0,1.0,0.0,0.0,0.0,0.0,0.0,1.0
-0.39322443152529934,-0.02417452540755784,0.2882445339474273,-0.39138113233962235,-0.3741657386773941,-0.5319381536954396,0.6305142037423428,-0.34980404399936865,-0.10331386245600391,-0.9860849673298904,-0.7150969419341943,-0.38066618340099356,-0.5918224455920872,1.6414763002993509,-0.6421755060191673,-0.8462440736915471,-0.32914029430219166,0.9344728121351193,-0.48822459762387616,-0.5027397465361703,-0.3871122676704779,-0.7071067811865475,-0.8484563802630959,-0.17582992367560105,0.4289245401321734,0.23272550888006965,0.79912683354932,0.0,0.0,0.0,0.0,1.0,0.0,0.0,0.0,1.0,0.0,0.0
-1.4191727967478827,-0.36271694977603663,-0.6947263462650676,-0.39138113233962235,-0.3741657386773941,-0.5319381536954396,-1.5860070939950561,-0.34980404399936865,-0.49450941282322075,-0.9860849673298904,1.3984117975602022,-0.38066618340099356,1.689695967849872,1.6414763002993509,1.557206699145191,1.1816921749746827,-0.32914029430219166,0.9344728121351193,1.1983694668949685,-0.5027397465361703,2.5832299400318433,-0.7071067811865475,-1.2378390333801745,0.15320553757508115,0.4289245401321734,0.23272550888006965,0.79912683354932,0.0,0.0,0.0,0.0,1.0,0.0,0.0,0.0,0.0,1.0,0.0
2.4041060668212264,0.4016781564380838,1.2773351368933943,-0.39138113233962235,-0.3741657386773941,-0.5319381536954396,0.6305142037423428,-0.34980404399936865,-1.5702971763330675,1.9446256618293372,1.3984117975602022,-0.38066618340099356,-0.5918224455920872,-0.6092076990801714,-0.6421755060191673,-0.8462440736915471,-0.32914029430219166,-1.0701220913160239,-1.162862223431414,-0.5027397465361703,-0.3871122676704779,-0.7071067811865475,-0.045605549093861206,-1.0061013839612252,0.4289245401321734,0.23272550888006965,0.79912683354932,0.0,0.0,0.0,0.0,1.0,0.0,0.0,0.0,1.0,0.0,0.0
0.9632815449189199,0.2532500913297568,0.5209936897110282,-0.39138113233962235,-0.3741657386773941,-0.5319381536954396,0.6305142037423428,-0.34980404399936865,0.48347946309482204,0.4792703472497234,-0.7150969419341943,-0.38066618340099356,-0.5918224455920872,-0.6092076990801714,-0.6421755060191673,-0.8462440736915471,-0.32914029430219166,-1.0701220913160239,-1.162862223431414,-0.5027397465361703,-0.3871122676704779,-0.7071067811865475,-0.3908314064966321,-0.6510178347595302,0.4289245401321734,0.23272550888006965,0.79912683354932,0.0,0.0,0.0,0.0,1.0,0.0,0.0,0.0,1.0,0.0,0.0
0.7347575715065219,1.2256517991965605,1.368974812360113,-0.39138113233962235,-0.3741657386773941,-0.5319381536954396,0.6305142037423428,-0.34980404399936865,-0.3967105252314164,-0.9860849673298904,-0.7150969419341943,-0.38066618340099356,-0.5918224455920872,1.6414763002993509,-0.6421755060191673,1.1816921749746827,-0.32914029430219166,0.9344728121351193,1.1983694668949685,-0.5027397465361703,2.5832299400318433,-0.7071067811865475,-1.061211850522943,1.088228914671906,0.4289245401321734,0.23272550888006965,0.79912683354932,0.0,0.0,0.0,0.0,1.0,0.0,0.0,0.0,0.0,0.0,1.0
1.1471350040085437,0.9564175435506443,0.6971438978544825,-0.39138113233962235,2.6726124191242437,1.879917793173656,-1.5860070939950561,-0.34980404399936865,-0.8857049631904377,0.4792703472497234,1.3984117975602022,-0.38066618340099356,-0.5918224455920872,-0.6092076990801714,-0.6421755060191673,1.1816921749746827,-0.32914029430219166,0.9344728121351193,1.1983694668949685,-0.5027397465361703,-0.3871122676704779,1.4142135623730951,-0.3828028981849398,0.03866752635326696,0.4289245401321734,0.23272550888006965,0.79912683354932,0.0,0.0,0.0,0.0,1.0,0.0,0.0,0.0,0.0,1.0,0.0
1.0279143366106174,0.12315251577895482,-0.04119151256178868,2.5550541847077235,-0.3741657386773941,-0.5319381536954396,0.6305142037423428,-0.34980404399936865,0.19008280031940863,1.9446256618293372,1.3984117975602022,-0.38066618340099356,-0.5918224455920872,1.6414763002993509,-0.6421755060191673,-0.8462440736915471,-0.32914029430219166,0.9344728121351193,-0.48822459762387616,-0.5027397465361703,-0.3871122676704779,-0.7071067811865475,-0.2744180359770932,-0.7699899010351511,0.4289245401321734,0.23272550888006965,0.79912683354932,0.0,0.0,0.0,0.0,1.0,0.0,0.0,0.0,0.0,0.0,1.0
2.474642651779299,1.324695111394545,1.969034457229392,2.5550541847077235,2.6726124191242437,1.879917793173656,0.6305142037423428,-0.34980404399936865,-0.5923083004150251,0.4792703472497234,-0.7150969419341943,-0.38066618340099356,1.689695967849872,-0.6092076990801714,-0.6421755060191673,1.1816921749746827,-0.32914029430219166,-1.0701220913160239,0.5237318410874306,-0.5027397465361703,-0.3871122676704779,-0.7071067811865475,-0.4590737271460172,-0.4179417990462411,0.4289245401321734,0.23272550888006965,0.79912683354932,0.0,0.0,0.0,0.0,1.0,0.0,0.0,0.0,0.0,0.0,1.0
-0.017086067014501476,-0.8283292156907638,-0.4182938741525851,-0.39138113233962235,-0.3741657386773941,-0.5319381536954396,0.6305142037423428,-0.34980404399936865,-0.10331386245600391,0.4792703472497234,-0.7150969419341943,-0.38066618340099356,-0.5918224455920872,-0.6092076990801714,-0.6421755060191673,1.1816921749746827,-0.32914029430219166,-1.0701220913160239,0.5237318410874306,-0.5027397465361703,-0.3871122676704779,-0.7071067811865475,-0.3145605775355549,-0.9740534612969582,0.4289245401321734,0.23272550888006965,0.79912683354932,0.0,0.0,0.0,0.0,1.0,0.0,0.0,0.0,0.0,0.0,1.0
-0.31926945799066025,0.7646176164593923,0.35910149702243,-0.39138113233962235,2.6726124191242437,-0.5319381536954396,0.6305142037423428,-0.34980404399936865,-1.4724982887412632,-0.9860849673298904,-0.7150969419341943,-0.38066618340099356,-0.5918224455920872,-0.6092076990801714,-0.6421755060191673,-0.8462440736915471,-0.32914029430219166,-1.0701220913160239,-1.162862223431414,1.9891007362952828,-0.3871122676704779,-0.7071067811865475,0.09890760051660079,1.4134235453208983,0.4289245401321734,0.23272550888006965,-1.2513658133071346,0.0,0.0,0.0,0.0,1.0,0.0,0.0,0.0,0.0,1.0,0.0
0.2487670285059303,0.15423707385262925,-0.163581490901048,-0.39138113233962235,2.6726124191242437,-0.5319381536954396,0.6305142037423428,-0.34980404399936865,0.2878816879112134,0.4792703472497234,-0.7150969419341943,-0.38066618340099356,-0.5918224455920872,-0.6092076990801714,-0.6421755060191673,1.1816921749746827,-0.32914029430219166,-1.0701220913160239,0.5237318410874306,-0.5027397465361703,-0.3871122676704779,-0.7071067811865475,-0.7079574848084799,-0.3812717433012699,0.4289245401321734,0.23272550888006965,0.79912683354932,0.0,0.0,0.0,0.0,1.0,0.0,0.0,0.0,0.0,0.0,1.0
1.4740161821230038,-0.15126323463569724,1.0103295254205775,-0.39138113233962235,2.6726124191242437,-0.5319381536954396,0.6305142037423428,-0.34980404399936865,-0.005514974864199148,0.4792703472497234,-0.7150969419341943,-0.38066618340099356,-0.5918224455920872,-0.6092076990801714,-0.6421755060191673,1.1816921749746827,-0.32914029430219166,-1.0701220913160239,0.5237318410874306,-0.5027397465361703,-0.3871122676704779,-0.7071067811865475,-1.390380691302329,-1.0245987269116206,0.4289245401321734,0.23272550888006965,0.79912683354932,0.0,0.0,0.0,0.0,1.0,0.0,0.0,0.0,1.0,0.0,0.0
0.8954458818450235,1.2293900948443213,1.5229318098148799,-0.39138113233962235,-0.3741657386773941,1.879917793173656,0.6305142037423428,2.858743394063806,-0.2011127500478078,-0.9860849673298904,-0.7150969419341943,2.626973562678144,-0.5918224455920872,-0.6092076990801714,-0.6421755060191673,1.1816921749746827,-0.32914029430219166,-1.0701220913160239,0.5237318410874306,-0.5027397465361703,-0.3871122676704779,-0.7071067811865475,-1.1254399170164817,0.8666775418888893,0.4289245401321734,0.23272550888006965,0.79912683354932,0.0,0.0,0.0,0.0,1.0,0.0,0.0,0.0,1.0,0.0,0.0
0.3024161391948923,0.04790527305016316,-0.7362826295079428,-0.39138113233962235,-0.3741657386773941,1.879917793173656,-1.5860070939950561,-0.34980404399936865,-0.10331386245600391,1.9446256618293372,1.3984117975602022,-0.38066618340099356,-0.5918224455920872,1.6414763002993509,-0.6421755060191673,1.1816921749746827,-0.32914029430219166,-1.0701220913160239,0.5237318410874306,-0.5027397465361703,-0.3871122676704779,-0.7071067811865475,-0.3667458815615552,-0.5193628064888984,0.4289245401321734,0.23272550888006965,0.79912683354932,0.0,0.0,0.0,0.0,1.0,0.0,0.0,0.0,0.0,0.0,1.0
0.06372330831051956,0.5507618818190056,0.7260505067071545,-0.39138113233962235,2.6726124191242437,1.879917793173656,0.6305142037423428,-0.34980404399936865,-0.690107188006829,-0.9860849673298904,-0.7150969419341943,-0.38066618340099356,-0.5918224455920872,-0.6092076990801714,-0.6421755060191673,-0.8462440736915471,-0.32914029430219166,-1.0701220913160239,-1.162862223431414,-0.5027397465361703,-0.3871122676704779,-0.7071067811865475,-0.503230522860325,0.3567074964499643,0.4289245401321734,0.23272550888006965,0.79912683354932,0.0,0.0,0.0,0.0,1.0,0.0,0.0,0.0,0.0,1.0,0.0
-0.16242294186790132,0.43877086865353415,-0.5575400355301545,-0.39138113233962235,-0.3741657386773941,-0.5319381536954396,0.6305142037423428,-0.34980404399936865,0.6790772382784298,0.4792703472497234,-0.7150969419341943,-0.38066618340099356,1.689695967849872,-0.6092076990801714,-0.6421755060191673,1.1816921749746827,-0.32914029430219166,-1.0701220913160239,0.5237318410874306,-0.5027397465361703,-0.3871122676704779,-0.7071067811865475,-0.2904750526004778,0.37706389196701234,0.4289245401321734,0.23272550888006965,0.79912683354932,0.0,0.0,0.0,0.0,1.0,0.0,0.0,0.0,0.0,1.0,0.0
0.4980093989237081,0.677253583657493,1.1421441379509392,-0.39138113233962235,2.6726124191242437,-0.5319381536954396,0.6305142037423428,-0.34980404399936865,0.5812783506866259,-0.9860849673298904,-0.7150969419341943,-0.38066618340099356,-0.5918224455920872,-0.6092076990801714,-0.6421755060191673,-0.8462440736915471,-0.32914029430219166,-1.0701220913160239,-1.162862223431414,-0.5027397465361703,-0.3871122676704779,-0.7071067811865475,-1.0050122923410967,0.15775255807458782,0.4289245401321734,0.23272550888006965,0.79912683354932,0.0,0.0,0.0,0.0,1.0,0.0,0.0,0.0,1.0,0.0,0.0
-0.11057732932122621,-0.993948291064292,0.5590514090895029,-0.39138113233962235,-0.3741657386773941,-0.5319381536954396,0.6305142037423428,-0.34980404399936865,0.19008280031940863,-0.9860849673298904,1.3984117975602022,-0.38066618340099356,-0.5918224455920872,1.6414763002993509,-0.6421755060191673,-0.8462440736915471,-0.32914029430219166,0.9344728121351193,-0.48822459762387616,-0.5027397465361703,-0.3871122676704779,-0.7071067811865475,-0.28646079844463157,-1.0192940175431064,-2.3314124197506847,0.23272550888006965,0.79912683354932,0.0,0.0,0.0,0.0,1.0,0.0,0.0,0.0,0.0,1.0,0.0
2.0235736041739667,2.119667085649501,1.5368627155865555,-0.39138113233962235,-0.3741657386773941,-0.5319381536954396,0.6305142037423428,-0.34980404399936865,-1.1791016259658502,0.4792703472497234,-0.7150969419341943,-0.38066618340099356,-0.5918224455920872,1.6414763002993509,-0.6421755060191673,1.1816921749746827,-0.32914029430219166,-1.0701220913160239,0.5237318410874306,-0.5027397465361703,-0.3871122676704779,1.4142135623730951,0.010594009087985159,1.704218497530008,0.4289245401321734,0.23272550888006965,0.79912683354932,0.0,0.0,0.0,0.0,1.0,0.0,0.0,0.0,0.0,1.0,0.0
1.2673451114569518,1.34607751740107,0.812317429558054,-0.39138113233962235,2.6726124191242437,-0.5319381536954396,0.6305142037423428,2.858743394063806,-2.9394816026183266,0.4792703472497234,1.3984117975602022,-0.38066618340099356,-0.5918224455920872,1.6414763002993509,-0.6421755060191673,-0.8462440736915471,-0.32914029430219166,0.9344728121351193,-0.48822459762387616,-0.5027397465361703,-0.3871122676704779,-0.7071067811865475,-0.5674585893538638,0.6622657967294425,-2.3314124197506847,0.23272550888006965,0.79912683354932,0.0,0.0,0.0,0.0,1.0,0.0,0.0,0.0,0.0,0.0,1.0
0.7427471635268796,1.373130931479819,1.3766297164147494,-0.39138113233962235,-0.3741657386773941,-0.5319381536954396,0.6305142037423428,-0.34980404399936865,-0.005514974864199148,-0.9860849673298904,-0.7150969419341943,-0.38066618340099356,-0.5918224455920872,-0.6092076990801714,-0.6421755060191673,-0.8462440736915471,-0.32914029430219166,-1.0701220913160239,-1.162862223431414,-0.5027397465361703,2.5832299400318433,-0.7071067811865475,-0.6116153850681716,1.5227078408474566,0.4289245401321734,0.23272550888006965,0.79912683354932,0.0,0.0,0.0,0.0,1.0,0.0,0.0,0.0,0.0,1.0,0.0
0.35725233022883435,-0.6098859504836802,-0.05964214155321174,-0.39138113233962235,2.6726124191242437,-0.5319381536954396,0.6305142037423428,-0.34980404399936865,0.09228391272760475,0.4792703472497234,-0.7150969419341943,-0.38066618340099356,-0.5918224455920872,1.6414763002993509,-0.6421755060191673,1.1816921749746827,-0.32914029430219166,0.9344728121351193,1.1983694668949685,-0.5027397465361703,-0.3871122676704779,-0.7071067811865475,0.4280764412959871,-0.9672995278669321,0.4289245401321734,0.23272550888006965,-1.2513658133071346,0.0,0.0,0.0,0.0,1.0,0.0,0.0,0.0,0.0,0.0,1.0
-1.320794650720504,-0.3800619229169468,-0.6004693094860033,-0.39138113233962235,2.6726124191242437,-0.5319381536954396,-1.5860070939950561,-0.34980404399936865,-1.6680960639248714,-0.9860849673298904,1.3984117975602022,-0.38066618340099356,1.689695967849872,-0.6092076990801714,-0.6421755060191673,1.1816921749746827,-0.32914029430219166,0.9344728121351193,1.1983694668949685,-0.5027397465361703,-0.3871122676704779,-0.7071067811865475,-1.0692403588346353,0.036845273128034546,0.4289245401321734,0.23272550888006965,0.79912683354932,0.0,0.0,0.0,0.0,1.0,0.0,0.0,0.0,0.0,1.0,0.0
-0.4702897701488539,0.3218258535538245,0.21440750051715857,-0.39138113233962235,-0.3741657386773941,-0.5319381536954396,0.6305142037423428,-0.34980404399936865,0.9724739010538432,-0.9860849673298904,-0.7150969419341943,-0.38066618340099356,1.689695967849872,1.6414763002993509,1.557206699145191,-0.8462440736915471,-0.32914029430219166,0.9344728121351193,-0.48822459762387616,1.9891007362952828,-0.3871122676704779,1.4142135623730951,-0.7320430097435568,0.47789888314062234,0.4289245401321734,0.23272550888006965,0.79912683354932,0.0,0.0,0.0,0.0,1.0,0.0,0.0,0.0,0.0,0.0,1.0
-0.4624154628240363,-0.7774664547536935,-1.469048878716954,-0.39138113233962235,-0.3741657386773941,-0.5319381536954396,0.6305142037423428,-0.34980404399936865,-1.1791016259658502,1.9446256618293372,-0.7150969419341943,-0.38066618340099356,-0.5918224455920872,-0.6092076990801714,1.557206699145191,1.1816921749746827,-0.32914029430219166,0.9344728121351193,1.1983694668949685,-0.5027397465361703,2.5832299400318433,-0.7071067811865475,-1.0692403588346353,-0.828498180105854,0.4289245401321734,0.23272550888006965,0.79912683354932,0.0,0.0,0.0,0.0,1.0,0.0,0.0,0.0,0.0,0.0,1.0
1.243055666387427,1.6103146713398888,0.7890456607400129,-0.39138113233962235,-0.3741657386773941,-0.5319381536954396,0.6305142037423428,2.858743394063806,-0.3967105252314164,0.4792703472497234,-0.7150969419341943,-0.38066618340099356,-0.5918224455920872,-0.6092076990801714,-0.6421755060191673,1.1816921749746827,-0.32914029430219166,0.9344728121351193,1.1983694668949685,-0.5027397465361703,2.5832299400318433,-0.7071067811865475,-0.30653206922386256,1.414408896840785,0.4289245401321734,0.23272550888006965,0.79912683354932,0.0,0.0,0.0,0.0,1.0,0.0,0.0,0.0,0.0,1.0,0.0
1.0311411779790072,0.8955861250565004,1.6529427628052664,-0.39138113233962235,-0.3741657386773941,-0.5319381536954396,0.6305142037423428,-0.34980404399936865,0.19008280031940863,-0.9860849673298904,1.3984117975602022,-0.38066618340099356,-0.5918224455920872,-0.6092076990801714,-0.6421755060191673,-0.8462440736915471,-0.32914029430219166,0.9344728121351193,-0.48822459762387616,-0.5027397465361703,-0.3871122676704779,-0.7071067811865475,-1.0531833422112507,0.041733693506463436,0.4289245401321734,0.23272550888006965,0.79912683354932,0.0,0.0,0.0,0.0,1.0,0.0,0.0,0.0,0.0,1.0,0.0
0.2066110644650122,-0.5218412675514605,0.8629526240064962,-0.39138113233962235,-0.3741657386773941,-0.5319381536954396,0.6305142037423428,-0.34980404399936865,-0.5923083004150251,-0.9860849673298904,1.3984117975602022,-0.38066618340099356,-0.5918224455920872,-0.6092076990801714,-0.6421755060191673,1.1816921749746827,-0.32914029430219166,0.9344728121351193,1.1983694668949685,1.9891007362952828,-0.3871122676704779,-0.7071067811865475,-0.7962710762370956,-0.887259073775519,0.4289245401321734,0.23272550888006965,0.79912683354932,0.0,0.0,0.0,0.0,1.0,0.0,0.0,0.0,0.0,1.0,0.0
1.2097326633023961,0.697870646490197,1.824052962380176,-0.39138113233962235,2.6726124191242437,-0.5319381536954396,0.6305142037423428,-0.34980404399936865,-0.10331386245600391,-0.9860849673298904,-0.7150969419341943,-0.38066618340099356,-0.5918224455920872,-0.6092076990801714,-0.6421755060191673,-0.8462440736915471,-0.32914029430219166,-1.0701220913160239,-1.162862223431414,1.9891007362952828,-0.3871122676704779,-0.7071067811865475,-0.5995726226006333,-0.3548330711656758,0.4289245401321734,0.23272550888006965,0.79912683354932,0.0,0.0,0.0,0.0,1.0,0.0,0.0,0.0,0.0,0.0,1.0
1.9920341586249488,0.9791517248222096,2.5735834607127384,-0.39138113233962235,-0.3741657386773941,1.879917793173656,0.6305142037423428,-0.34980404399936865,1.0702727886456471,-0.9860849673298904,1.3984117975602022,-0.38066618340099356,-0.5918224455920872,-0.6092076990801714,-0.6421755060191673,-0.8462440736915471,-0.32914029430219166,0.9344728121351193,-0.48822459762387616,-0.5027397465361703,2.5832299400318433,-0.7071067811865475,-0.619643893379864,-0.5031542815023227,0.4289245401321734,0.23272550888006965,0.79912683354932,0.0,0.0,0.0,0.0,1.0,0.0,0.0,0.0,1.0,0.0,0.0
1.2410337772925955,1.7254156478322953,0.16299685349992862,-0.39138113233962235,-0.3741657386773941,-0.5319381536954396,0.6305142037423428,-0.34980404399936865,-0.10331386245600391,1.9446256618293372,-0.7150969419341943,-0.38066618340099356,-0.5918224455920872,-0.6092076990801714,-0.6421755060191673,-0.8462440736915471,-0.32914029430219166,-1.0701220913160239,-1.162862223431414,-0.5027397465361703,-0.3871122676704779,-0.7071067811865475,-0.7320430097435568,1.808142515303049,0.4289245401321734,0.23272550888006965,0.79912683354932,0.0,0.0,0.0,0.0,1.0,0.0,0.0,0.0,1.0,0.0,0.0
2.163334288934172,0.6042231371856587,1.6707681433514612,2.5550541847077235,-0.3741657386773941,-0.5319381536954396,0.6305142037423428,-0.34980404399936865,-1.0813027383740463,0.4792703472497234,-0.7150969419341943,-0.38066618340099356,-0.5918224455920872,1.6414763002993509,-0.6421755060191673,1.1816921749746827,-0.32914029430219166,-1.0701220913160239,0.5237318410874306,-0.5027397465361703,-0.3871122676704779,-0.7071067811865475,-1.1816394751983283,-0.850856757277911,0.4289245401321734,0.23272550888006965,0.79912683354932,0.0,0.0,0.0,0.0,1.0,0.0,0.0,0.0,0.0,0.0,1.0
-1.07294422100975,-1.6478267325234806,-0.363001456997181,-0.39138113233962235,-0.3741657386773941,-0.5319381536954396,0.6305142037423428,-0.34980404399936865,-0.005514974864199148,-0.9860849673298904,-0.7150969419341943,2.626973562678144,-0.5918224455920872,1.6414763002993509,-0.6421755060191673,-0.8462440736915471,-0.32914029430219166,0.9344728121351193,-0.48822459762387616,1.9891007362952828,-0.3871122676704779,1.4142135623730951,1.8812364457123016,-1.06479831651466,0.4289245401321734,0.23272550888006965,-1.2513658133071346,0.0,0.0,0.0,0.0,0.0,1.0,0.0,0.0,0.0,1.0,0.0
-0.20278784190334256,0.848667657187973,0.47070364053681996,-0.39138113233962235,-0.3741657386773941,-0.5319381536954396,0.6305142037423428,-0.34980404399936865,1.6570661141964722,-0.9860849673298904,-0.7150969419341943,-0.38066618340099356,-0.5918224455920872,-0.6092076990801714,-0.6421755060191673,-0.8462440736915471,-0.32914029430219166,0.9344728121351193,-0.48822459762387616,-0.5027397465361703,2.5832299400318433,1.4142135623730951,2.4352035192190735,1.480791830848223,0.4289245401321734,0.23272550888006965,-1.2513658133071346,0.0,0.0,0.0,0.0,0.0,1.0,0.0,0.0,1.0,0.0,0.0
-1.7687990648861518,-0.35406542769263716,-1.029706596916106,2.5550541847077235,-0.3741657386773941,-0.5319381536954396,-1.5860070939950561,-0.34980404399936865,0.2878816879112134,-0.9860849673298904,-0.7150969419341943,-0.38066618340099356,-0.5918224455920872,-0.6092076990801714,-0.6421755060191673,1.1816921749746827,-0.32914029430219166,-1.0701220913160239,0.5237318410874306,1.9891007362952828,-0.3871122676704779,-0.7071067811865475,1.5319963341536846,0.5345342108998733,0.4289245401321734,0.23272550888006965,-1.2513658133071346,0.0,0.0,0.0,0.0,0.0,1.0,0.0,0.0,1.0,0.0,0.0
-1.104799184148762,-2.0610286868069014,-1.460416796359286,-0.39138113233962235,-0.3741657386773941,-0.5319381536954396,-1.5860070939950561,-0.34980404399936865,0.8746750134620385,0.4792703472497234,1.3984117975602022,-0.38066618340099356,-0.5918224455920872,-0.6092076990801714,-0.6421755060191673,-0.8462440736915471,-0.32914029430219166,-1.0701220913160239,-1.162862223431414,1.9891007362952828,-0.3871122676704779,1.4142135623730951,1.8812364457123016,-1.165173252369735,0.4289245401321734,0.23272550888006965,-1.2513658133071346,0.0,0.0,0.0,0.0,0.0,1.0,0.0,0.0,1.0,0.0,0.0
-0.20418192031808957,-1.3899264776034042,0.46936796075713455,-0.39138113233962235,-0.3741657386773941,-0.5319381536954396,0.6305142037423428,-0.34980404399936865,0.09228391272760475,-0.9860849673298904,-0.7150969419341943,-0.38066618340099356,-0.5918224455920872,1.6414763002993509,1.557206699145191,1.1816921749746827,-0.32914029430219166,0.9344728121351193,1.1983694668949685,-0.5027397465361703,-0.3871122676704779,-0.7071067811865475,1.889264954023994,-1.1241178290016813,0.4289245401321734,0.23272550888006965,-1.2513658133071346,0.0,0.0,0.0,0.0,0.0,1.0,0.0,0.0,0.0,1.0,0.0
-1.2411641499885204,-1.579675656160971,-1.59106480017733,-0.39138113233962235,-0.3741657386773941,-0.5319381536954396,-1.5860070939950561,-0.34980404399936865,-0.2011127500478078,0.4792703472497234,-0.7150969419341943,-0.38066618340099356,1.689695967849872,-0.6092076990801714,1.557206699145191,1.1816921749746827,-0.32914029430219166,-1.0701220913160239,0.5237318410874306,1.9891007362952828,-0.3871122676704779,1.4142135623730951,2.4352035192190735,-1.0096986814135505,0.4289245401321734,0.23272550888006965,-1.2513658133071346,0.0,0.0,0.0,0.0,0.0,1.0,0.0,0.0,0.0,0.0,1.0
-1.560610720215318,-0.5014994426365601,-1.8971172521505741,-0.39138113233962235,-0.3741657386773941,-0.5319381536954396,0.6305142037423428,-0.34980404399936865,1.0702727886456471,0.4792703472497234,-0.7150969419341943,-0.38066618340099356,-0.5918224455920872,1.6414763002993509,-0.6421755060191673,1.1816921749746827,-0.32914029430219166,0.9344728121351193,1.1983694668949685,-0.5027397465361703,2.5832299400318433,1.4142135623730951,2.3629469444138427,0.05005842063931722,0.4289245401321734,0.23272550888006965,-1.2513658133071346,0.0,0.0,0.0,0.0,0.0,1.0,0.0,0.0,0.0,0.0,1.0
0.14854007213605147,-0.20128011958192618,-0.2596084615799156,-0.39138113233962235,-0.3741657386773941,1.879917793173656,0.6305142037423428,-0.34980404399936865,0.19008280031940863,0.4792703472497234,-0.7150969419341943,-0.38066618340099356,-0.5918224455920872,1.6414763002993509,1.557206699145191,1.1816921749746827,-0.32914029430219166,0.9344728121351193,1.1983694668949685,1.9891007362952828,-0.3871122676704779,-0.7071067811865475,1.544039096621223,-0.6617828674038297,0.4289245401321734,0.23272550888006965,-1.2513658133071346,0.0,0.0,0.0,0.0,0.0,1.0,0.0,0.0,0.0,0.0,1.0
-2.4389660403481317,-2.1020079862767753,-1.6717999459476516,-0.39138113233962235,-0.3741657386773941,-0.5319381536954396,0.6305142037423428,-0.34980404399936865,-0.2011127500478078,-0.9860849673298904,-0.7150969419341943,-0.38066618340099356,-0.5918224455920872,-0.6092076990801714,-0.6421755060191673,1.1816921749746827,-0.32914029430219166,0.9344728121351193,1.1983694668949685,-0.5027397465361703,-0.3871122676704779,1.4142135623730951,1.7327090419459932,-0.9586791284328763,0.4289245401321734,0.23272550888006965,-1.2513658133071346,0.0,0.0,0.0,0.0,0.0,1.0,0.0,0.0,0.0,1.0,0.0
-0.7885457139452894,-0.5002335347643737,-0.09051654421151491,-0.39138113233962235,-0.3741657386773941,-0.5319381536954396,-1.5860070939950561,-0.34980404399936865,0.48347946309482204,-0.9860849673298904,-0.7150969419341943,-0.38066618340099356,-0.5918224455920872,1.6414763002993509,-0.6421755060191673,1.1816921749746827,-0.32914029430219166,0.9344728121351193,1.1983694668949685,-0.5027397465361703,-0.3871122676704779,-0.7071067811865475,2.3950609776606115,-0.47868260627647974,0.4289245401321734,0.23272550888006965,-1.2513658133071346,0.0,0.0,0.0,0.0,0.0,1.0,0.0,0.0,0.0,0.0,1.0
0.1223301934680402,0.5501496048822081,-0.28472000686052745,-0.39138113233962235,-0.3741657386773941,-0.5319381536954396,0.6305142037423428,-0.34980404399936865,0.7768761258702346,0.4792703472497234,-0.7150969419341943,-0.38066618340099356,-0.5918224455920872,-0.6092076990801714,-0.6421755060191673,-0.8462440736915471,-0.32914029430219166,0.9344728121351193,-0.48822459762387616,1.9891007362952828,-0.3871122676704779,1.4142135623730951,1.6524239588290697,0.2948155387701516,0.4289245401321734,0.23272550888006965,-1.2513658133071346,0.0,0.0,0.0,0.0,0.0,1.0,0.0,0.0,1.0,0.0,0.0
-0.5873333108241534,-0.5052113654399464,0.10226697171401021,-0.39138113233962235,-0.3741657386773941,-0.5319381536954396,0.6305142037423428,-0.34980404399936865,0.2878816879112134,-0.9860849673298904,-0.7150969419341943,-0.38066618340099356,-0.5918224455920872,-0.6092076990801714,1.557206699145191,-0.8462440736915471,-0.32914029430219166,0.9344728121351193,-0.48822459762387616,1.9891007362952828,2.5832299400318433,1.4142135623730951,2.374989706881381,-0.5842816319475195,0.4289245401321734,0.23272550888006965,-1.2513658133071346,0.0,0.0,0.0,0.0,0.0,1.0,0.0,0.0,0.0,0.0,1.0
-0.9477875438358259,-0.3723046674228902,-0.24308765500049623,-0.39138113233962235,-0.3741657386773941,-0.5319381536954396,0.6305142037423428,-0.34980404399936865,0.6790772382784298,-0.9860849673298904,-0.7150969419341943,-0.38066618340099356,-0.5918224455920872,-0.6092076990801714,-0.6421755060191673,-0.8462440736915471,-0.32914029430219166,0.9344728121351193,-0.48822459762387616,1.9891007362952828,-0.3871122676704779,1.4142135623730951,2.4352035192190735,-0.238429166805234,0.4289245401321734,0.23272550888006965,-1.2513658133071346,0.0,0.0,0.0,0.0,0.0,1.0,0.0,0.0,0.0,1.0,0.0
-1.105275383682214,-1.6515904543611182,-0.3939782512567542,-0.39138113233962235,2.6726124191242437,-0.5319381536954396,-1.5860070939950561,-0.34980404399936865,1.168071676237451,-0.9860849673298904,1.3984117975602022,-0.38066618340099356,-0.5918224455920872,1.6414763002993509,-0.6421755060191673,-0.8462440736915471,-0.32914029430219166,0.9344728121351193,-0.48822459762387616,-0.5027397465361703,-0.3871122676704779,1.4142135623730951,2.242519319738457,-1.060435477039989,-2.3314124197506847,0.23272550888006965,-1.2513658133071346,0.0,0.0,0.0,0.0,0.0,1.0,0.0,0.0,0.0,1.0,0.0
-0.9518002234336999,-0.4722841139937108,-0.24693224146316606,-0.39138113233962235,-0.3741657386773941,-0.5319381536954396,0.6305142037423428,2.858743394063806,0.38568057550301726,-0.9860849673298904,-0.7150969419341943,-0.38066618340099356,-0.5918224455920872,1.6414763002993509,-0.6421755060191673,1.1816921749746827,-0.32914029430219166,-1.0701220913160239,0.5237318410874306,1.9891007362952828,-0.3871122676704779,1.4142135623730951,1.5841816381796847,-0.35555365522187277,0.4289245401321734,0.23272550888006965,-1.2513658133071346,0.0,0.0,0.0,0.0,0.0,1.0,0.0,0.0,1.0,0.0,0.0
0.8217096885743336,-0.6670296002930881,1.4522844621902422,-0.39138113233962235,-0.3741657386773941,-0.5319381536954396,0.6305142037423428,-0.34980404399936865,0.9724739010538432,-0.9860849673298904,-0.7150969419341943,-0.38066618340099356,-0.5918224455920872,-0.6092076990801714,1.557206699145191,-0.8462440736915471,3.038218101251,0.9344728121351193,0.5237318410874306,1.9891007362952828,-0.3871122676704779,-0.7071067811865475,1.3674119137639917,-1.0783040283293632,0.4289245401321734,0.23272550888006965,-1.2513658133071346,0.0,0.0,0.0,0.0,0.0,1.0,0.0,0.0,1.0,0.0,0.0
-0.5374178767145864,0.540163710330671,-0.9168187092399702,-0.39138113233962235,-0.3741657386773941,-0.5319381536954396,-1.5860070939950561,-0.34980404399936865,2.146060552155493,0.4792703472497234,-0.7150969419341943,-0.38066618340099356,-0.5918224455920872,1.6414763002993509,1.557206699145191,1.1816921749746827,-0.32914029430219166,-1.0701220913160239,0.5237318410874306,-0.5027397465361703,-0.3871122676704779,-0.7071067811865475,2.122091695063072,1.0963052703385587,0.4289245401321734,0.23272550888006965,-1.2513658133071346,0.0,0.0,0.0,0.0,0.0,1.0,0.0,0.0,0.0,0.0,1.0
-0.9807602229182649,-0.9924380862231866,-1.3415777184769642,-0.39138113233962235,-0.3741657386773941,-0.5319381536954396,-1.5860070939950561,-0.34980404399936865,-0.3967105252314164,0.4792703472497234,-0.7150969419341943,2.626973562678144,-0.5918224455920872,1.6414763002993509,1.557206699145191,1.1816921749746827,-0.32914029430219166,-1.0701220913160239,0.5237318410874306,1.9891007362952828,-0.3871122676704779,-0.7071067811865475,2.033778103634456,-0.7885940863407584,0.4289245401321734,0.23272550888006965,-1.2513658133071346,0.0,0.0,0.0,0.0,0.0,1.0,0.0,0.0,0.0,0.0,1.0
0.40038751245277715,-0.37471594415721027,-0.018314463109847186,-0.39138113233962235,-0.3741657386773941,-0.5319381536954396,0.6305142037423428,-0.34980404399936865,-1.1791016259658502,0.4792703472497234,-0.7150969419341943,-0.38066618340099356,-0.5918224455920872,-0.6092076990801714,1.557206699145191,-0.8462440736915471,-0.32914029430219166,0.9344728121351193,-0.48822459762387616,1.9891007362952828,2.5832299400318433,1.4142135623730951,1.7608088210369166,-0.8647397505483466,0.4289245401321734,0.23272550888006965,-1.2513658133071346,0.0,0.0,0.0,0.0,0.0,1.0,0.0,0.0,1.0,0.0,0.0
-1.702509558908219,-1.624266800531039,-0.9661939911663586,2.5550541847077235,-0.3741657386773941,-0.5319381536954396,0.6305142037423428,-0.34980404399936865,-0.29891163763961254,-0.9860849673298904,-0.7150969419341943,2.626973562678144,-0.5918224455920872,1.6414763002993509,-0.6421755060191673,-0.8462440736915471,-0.32914029430219166,0.9344728121351193,-0.48822459762387616,-0.5027397465361703,2.5832299400318433,1.4142135623730951,2.4352035192190735,-0.9221426744110996,0.4289245401321734,0.23272550888006965,-1.2513658133071346,0.0,0.0,0.0,0.0,0.0,1.0,0.0,0.0,0.0,0.0,1.0
-0.9432398573241759,-0.30140046997045533,-0.23873047332857336,-0.39138113233962235,-0.3741657386773941,-0.5319381536954396,0.6305142037423428,-0.34980404399936865,0.8746750134620385,-0.9860849673298904,-0.7150969419341943,-0.38066618340099356,-0.5918224455920872,1.6414763002993509,-0.6421755060191673,-0.8462440736915471,-0.32914029430219166,0.9344728121351193,-0.48822459762387616,-0.5027397465361703,-0.3871122676704779,-0.7071067811865475,2.4352035192190735,-0.14826905258161574,0.4289245401321734,0.23272550888006965,-1.2513658133071346,0.0,0.0,0.0,0.0,0.0,1.0,0.0,0.0,0.0,0.0,1.0
-1.9627630439573847,-0.7673042794198255,-1.2155453288641833,-0.39138113233962235,-0.3741657386773941,1.879917793173656,-1.5860070939950561,-0.34980404399936865,0.09228391272760475,-0.9860849673298904,-0.7150969419341943,-0.38066618340099356,-0.5918224455920872,1.6414763002993509,1.557206699145191,-0.8462440736915471,-0.32914029430219166,0.9344728121351193,-0.48822459762387616,-0.5027397465361703,-0.3871122676704779,1.4142135623730951,1.0944426311664515,-0.024939466648410725,0.4289245401321734,0.23272550888006965,-1.2513658133071346,0.0,0.0,0.0,0.0,0.0,1.0,0.0,0.0,0.0,0.0,1.0
0.28693421516355416,0.946932417600393,0.939910998150849,2.5550541847077235,-0.3741657386773941,-0.5319381536954396,-1.5860070939950561,-0.34980404399936865,-0.005514974864199148,-0.9860849673298904,-0.7150969419341943,-0.38066618340099356,-0.5918224455920872,-0.6092076990801714,-0.6421755060191673,-0.8462440736915471,-0.32914029430219166,-1.0701220913160239,-1.162862223431414,-0.5027397465361703,-0.3871122676704779,1.4142135623730951,2.2224480489592264,0.9886994644742655,0.4289245401321734,0.23272550888006965,-1.2513658133071346,0.0,0.0,0.0,0.0,0.0,1.0,0.0,0.0,1.0,0.0,0.0
-3.1933290365465226,-0.4269080962637853,-2.394562302717909,-0.39138113233962235,-0.3741657386773941,-0.5319381536954396,-1.5860070939950561,-0.34980404399936865,0.2878816879112134,-0.9860849673298904,-0.7150969419341943,-0.38066618340099356,-0.5918224455920872,1.6414763002993509,1.557206699145191,-0.8462440736915471,3.038218101251,0.9344728121351193,0.5237318410874306,1.9891007362952828,-0.3871122676704779,1.4142135623730951,1.7608088210369166,2.8428211940751535,0.4289245401321734,0.23272550888006965,-1.2513658133071346,0.0,0.0,0.0,0.0,0.0,1.0,0.0,0.0,0.0,1.0,0.0
-0.30447465465948487,-1.034787120977019,-0.6936384812340864,-0.39138113233962235,-0.3741657386773941,-0.5319381536954396,0.6305142037423428,-0.34980404399936865,-0.2011127500478078,0.4792703472497234,1.3984117975602022,-0.38066618340099356,-0.5918224455920872,-0.6092076990801714,-0.6421755060191673,1.1816921749746827,-0.32914029430219166,0.9344728121351193,1.1983694668949685,1.9891007362952828,2.5832299400318433,-0.7071067811865475,1.5922101464913772,-0.9948511249811047,0.4289245401321734,0.23272550888006965,-1.2513658133071346,0.0,0.0,0.0,0.0,0.0,1.0,0.0,0.0,1.0,0.0,0.0
-1.4486052887532634,-0.6213921880288047,-0.7229258966070573,-0.39138113233962235,-0.3741657386773941,-0.5319381536954396,-1.5860070939950561,-0.34980404399936865,0.5812783506866259,-0.9860849673298904,-0.7150969419341943,-0.38066618340099356,-0.5918224455920872,1.6414763002993509,1.557206699145191,-0.8462440736915471,-0.32914029430219166,0.9344728121351193,-0.48822459762387616,-0.5027397465361703,2.5832299400318433,1.4142135623730951,1.628338433893993,-0.21040090346705617,0.4289245401321734,0.23272550888006965,-1.2513658133071346,0.0,0.0,0.0,0.0,0.0,1.0,0.0,0.0,0.0,0.0,1.0
1.6393478823542977,1.531695099731534,1.168734386399131,-0.39138113233962235,-0.3741657386773941,-0.5319381536954396,0.6305142037423428,-0.34980404399936865,0.5812783506866259,0.4792703472497234,-0.7150969419341943,2.626973562678144,-0.5918224455920872,1.6414763002993509,1.557206699145191,1.1816921749746827,-0.32914029430219166,-1.0701220913160239,0.5237318410874306,-0.5027397465361703,-0.3871122676704779,-0.7071067811865475,1.8210226333746091,0.6265021217886967,0.4289245401321734,0.23272550888006965,-1.2513658133071346,0.0,0.0,0.0,0.0,0.0,1.0,0.0,0.0,1.0,0.0,0.0
-1.9299731513745013,-1.4816040510176838,-2.8750266709331935,-0.39138113233962235,-0.3741657386773941,-0.5319381536954396,-1.5860070939950561,2.858743394063806,0.7768761258702346,1.9446256618293372,1.3984117975602022,-0.38066618340099356,-0.5918224455920872,1.6414763002993509,-0.6421755060191673,-0.8462440736915471,-0.32914029430219166,0.9344728121351193,-0.48822459762387616,1.9891007362952828,-0.3871122676704779,1.4142135623730951,1.3433263888289144,-0.7730504714723963,0.4289245401321734,0.23272550888006965,-1.2513658133071346,0.0,0.0,0.0,0.0,0.0,1.0,0.0,0.0,0.0,0.0,1.0
-1.7844021834925887,-1.5822238945601053,-1.044656093158348,-0.39138113233962235,-0.3741657386773941,-0.5319381536954396,0.6305142037423428,-0.34980404399936865,1.3636694514210597,-0.9860849673298904,-0.7150969419341943,-0.38066618340099356,-0.5918224455920872,1.6414763002993509,-0.6421755060191673,-0.8462440736915471,-0.32914029430219166,0.9344728121351193,-0.48822459762387616,1.9891007362952828,-0.3871122676704779,-0.7071067811865475,2.4352035192190735,-0.8785982902654623,0.4289245401321734,0.23272550888006965,-1.2513658133071346,0.0,0.0,0.0,0.0,0.0,1.0,0.0,0.0,0.0,0.0,1.0
-0.7395683002866605,-0.006582491051988808,-0.043590818661858245,-0.39138113233962235,-0.3741657386773941,-0.5319381536954396,-1.5860070939950561,-0.34980404399936865,-0.29891163763961254,-0.9860849673298904,-0.7150969419341943,-0.38066618340099356,-0.5918224455920872,-0.6092076990801714,1.557206699145191,-0.8462440736915471,-0.32914029430219166,0.9344728121351193,-0.48822459762387616,1.9891007362952828,-0.3871122676704779,-0.7071067811865475,2.4352035192190735,0.13348725132610054,0.4289245401321734,0.23272550888006965,-1.2513658133071346,0.0,0.0,0.0,0.0,0.0,1.0,0.0,0.0,1.0,0.0,0.0
-0.06772616817316478,-0.9186713731224152,0.6001075138796295,2.5550541847077235,-0.3741657386773941,1.879917793173656,0.6305142037423428,-0.34980404399936865,-0.10331386245600391,-0.9860849673298904,-0.7150969419341943,2.626973562678144,-0.5918224455920872,-0.6092076990801714,1.557206699145191,-0.8462440736915471,-0.32914029430219166,-1.0701220913160239,-1.162862223431414,1.9891007362952828,-0.3871122676704779,1.4142135623730951,1.5801673840238388,-0.9995470333711007,0.4289245401321734,0.23272550888006965,-1.2513658133071346,0.0,0.0,0.0,0.0,0.0,1.0,0.0,0.0,1.0,0.0,0.0
-0.14670945517578549,0.2858616777518966,-1.1665802821337488,-0.39138113233962235,-0.3741657386773941,-0.5319381536954396,0.6305142037423428,2.858743394063806,-0.29891163763961254,1.9446256618293372,-0.7150969419341943,-0.38066618340099356,-0.5918224455920872,-0.6092076990801714,1.557206699145191,-0.8462440736915471,-0.32914029430219166,-1.0701220913160239,-1.162862223431414,1.9891007362952828,-0.3871122676704779,1.4142135623730951,2.4352035192190735,0.08626814529002366,0.4289245401321734,0.23272550888006965,-1.2513658133071346,0.0,0.0,0.0,0.0,0.0,1.0,0.0,0.0,0.0,0.0,1.0
-0.604120365739429,0.6091592340217357,-1.6048113202608074,-0.39138113233962235,-0.3741657386773941,-0.5319381536954396,-1.5860070939950561,-0.34980404399936865,0.8746750134620385,1.9446256618293372,-0.7150969419341943,-0.38066618340099356,-0.5918224455920872,1.6414763002993509,1.557206699145191,-0.8462440736915471,-0.32914029430219166,-1.0701220913160239,-1.162862223431414,1.9891007362952828,-0.3871122676704779,1.4142135623730951,1.8491224124655326,1.4092286890828,0.4289245401321734,0.23272550888006965,-1.2513658133071346,0.0,0.0,0.0,0.0,0.0,1.0,0.0,0.0,0.0,1.0,0.0
-1.3647124156124377,-0.41041476722852716,-0.6425473374610504,2.5550541847077235,-0.3741657386773941,-0.5319381536954396,0.6305142037423428,-0.34980404399936865,-0.3967105252314164,-0.9860849673298904,-0.7150969419341943,-0.38066618340099356,-0.5918224455920872,-0.6092076990801714,-0.6421755060191673,1.1816921749746827,-0.32914029430219166,-1.0701220913160239,0.5237318410874306,1.9891007362952828,-0.3871122676704779,1.4142135623730951,1.6243241797381465,0.026450370624013755,0.4289245401321734,0.23272550888006965,-1.2513658133071346,0.0,0.0,0.0,0.0,0.0,1.0,0.0,0.0,0.0,1.0,0.0
-0.7094657026914859,0.450810023771381,-0.01474923378502905,-0.39138113233962235,-0.3741657386773941,-0.5319381536954396,0.6305142037423428,-0.34980404399936865,0.6790772382784298,-0.9860849673298904,-0.7150969419341943,-0.38066618340099356,-0.5918224455920872,1.6414763002993509,1.557206699145191,1.1816921749746827,-0.32914029430219166,0.9344728121351193,1.1983694668949685,-0.5027397465361703,-0.3871122676704779,1.4142135623730951,1.985607053764302,1.1068049865127099,0.4289245401321734,0.23272550888006965,-1.2513658133071346,0.0,0.0,0.0,0.0,0.0,1.0,0.0,0.0,1.0,0.0,0.0
-0.5936844348125997,-0.7171668910343488,-0.9707269427768888,-0.39138113233962235,-0.3741657386773941,-0.5319381536954396,-1.5860070939950561,-0.34980404399936865,-0.5923083004150251,0.4792703472497234,-0.7150969419341943,-0.38066618340099356,1.689695967849872,-0.6092076990801714,-0.6421755060191673,-0.8462440736915471,-0.32914029430219166,-1.0701220913160239,-1.162862223431414,1.9891007362952828,2.5832299400318433,1.4142135623730951,1.9053219706473785,-0.7452496323358275,0.4289245401321734,0.23272550888006965,-1.2513658133071346,0.0,0.0,0.0,0.0,0.0,1.0,0.0,0.0,0.0,0.0,1.0
-2.3574265095435387,-1.8682752766197712,-1.5936761464621723,-0.39138113233962235,-0.3741657386773941,-0.5319381536954396,0.6305142037423428,-0.34980404399936865,1.168071676237451,-0.9860849673298904,-0.7150969419341943,-0.38066618340099356,-0.5918224455920872,1.6414763002993509,-0.6421755060191673,-0.8462440736915471,-0.32914029430219166,-1.0701220913160239,-1.162862223431414,1.9891007362952828,-0.3871122676704779,-0.7071067811865475,1.4517112510367611,-0.8658450541992013,0.4289245401321734,0.23272550888006965,-1.2513658133071346,0.0,0.0,0.0,0.0,0.0,1.0,0.0,0.0,0.0,1.0,0.0
1.2054385849129596,0.6652288158401058,0.7530046606337077,-0.39138113233962235,-0.3741657386773941,-0.5319381536954396,-1.5860070939950561,-0.34980404399936865,0.2878816879112134,0.4792703472497234,-0.7150969419341943,-0.38066618340099356,1.689695967849872,-0.6092076990801714,1.557206699145191,1.1816921749746827,-0.32914029430219166,-1.0701220913160239,0.5237318410874306,1.9891007362952828,-0.3871122676704779,1.4142135623730951,1.9213789872707634,-0.38856251741182785,0.4289245401321734,0.23272550888006965,-1.2513658133071346,0.0,0.0,0.0,0.0,0.0,1.0,0.0,0.0,1.0,0.0,0.0
0.5000039002814975,-0.03579122794155746,0.07712773057176013,2.5550541847077235,-0.3741657386773941,-0.5319381536954396,0.6305142037423428,-0.34980404399936865,1.3636694514210597,0.4792703472497234,-0.7150969419341943,-0.38066618340099356,1.689695967849872,-0.6092076990801714,-0.6421755060191673,1.1816921749746827,-0.32914029430219166,-1.0701220913160239,0.5237318410874306,-0.5027397465361703,-0.3871122676704779,1.4142135623730951,2.338861419478765,-0.6807291586497256,0.4289245401321734,0.23272550888006965,-1.2513658133071346,0.0,0.0,0.0,0.0,0.0,1.0,0.0,0.0,0.0,1.0,0.0
-1.443772669417311,-0.11006085028966128,-1.7851784066865104,-0.39138113233962235,-0.3741657386773941,-0.5319381536954396,0.6305142037423428,-0.34980404399936865,1.0702727886456471,0.4792703472497234,-0.7150969419341943,-0.38066618340099356,-0.5918224455920872,-0.6092076990801714,-0.6421755060191673,-0.8462440736915471,-0.32914029430219166,0.9344728121351193,-0.48822459762387616,1.9891007362952828,-0.3871122676704779,1.4142135623730951,1.9735642912967637,0.6873326706078702,0.4289245401321734,0.23272550888006965,-1.2513658133071346,0.0,0.0,0.0,0.0,0.0,1.0,0.0,0.0,0.0,0.0,1.0
0.03532660066709628,1.3945722574767974,-0.3680776397411957,-0.39138113233962235,-0.3741657386773941,-0.5319381536954396,0.6305142037423428,-0.34980404399936865,0.38568057550301726,0.4792703472497234,-0.7150969419341943,-0.38066618340099356,-0.5918224455920872,-0.6092076990801714,1.557206699145191,-0.8462440736915471,-0.32914029430219166,0.9344728121351193,-0.48822459762387616,-0.5027397465361703,-0.3871122676704779,1.4142135623730951,1.6002386548030696,3.2168077784275533,0.4289245401321734,0.23272550888006965,-1.2513658133071346,0.0,0.0,0.0,0.0,0.0,1.0,0.0,0.0,0.0,0.0,1.0
-0.8500098645889164,-2.2950402623572166,-0.14940593115115064,-0.39138113233962235,-0.3741657386773941,-0.5319381536954396,0.6305142037423428,-0.34980404399936865,1.6570661141964722,-0.9860849673298904,-0.7150969419341943,-0.38066618340099356,-0.5918224455920872,1.6414763002993509,-0.6421755060191673,-0.8462440736915471,-0.32914029430219166,0.9344728121351193,-0.48822459762387616,1.9891007362952828,-0.3871122676704779,1.4142135623730951,1.8049656167512242,-1.2256875994946126,0.4289245401321734,0.23272550888006965,-1.2513658133071346,0.0,0.0,0.0,0.0,0.0,1.0,0.0,0.0,0.0,1.0,0.0
-0.4038777475125866,0.9695188928511629,-0.788875530164232,-0.39138113233962235,-0.3741657386773941,-0.5319381536954396,0.6305142037423428,-0.34980404399936865,0.2878816879112134,0.4792703472497234,-0.7150969419341943,-0.38066618340099356,-0.5918224455920872,1.6414763002993509,-0.6421755060191673,-0.8462440736915471,-0.32914029430219166,0.9344728121351193,-0.48822459762387616,1.9891007362952828,-0.3871122676704779,1.4142135623730951,2.4352035192190735,2.333392859220149,0.4289245401321734,0.23272550888006965,-1.2513658133071346,0.0,0.0,0.0,0.0,0.0,1.0,0.0,0.0,0.0,1.0,0.0
-0.3617401621575518,-1.2042478712201683,-0.7485039716992187,-0.39138113233962235,-0.3741657386773941,-0.5319381536954396,-1.5860070939950561,-0.34980404399936865,1.6570661141964722,0.4792703472497234,-0.7150969419341943,-0.38066618340099356,-0.5918224455920872,1.6414763002993509,-0.6421755060191673,-0.8462440736915471,-0.32914029430219166,-1.0701220913160239,-1.162862223431414,1.9891007362952828,-0.3871122676704779,1.4142135623730951,1.7166520253226083,-1.0455383275218355,0.4289245401321734,0.23272550888006965,-1.2513658133071346,0.0,0.0,0.0,0.0,0.0,1.0,0.0,0.0,0.0,1.0,0.0
-1.1143652506608002,0.1481010917737672,-0.4026873392068253,-0.39138113233962235,-0.3741657386773941,-0.5319381536954396,0.6305142037423428,-0.34980404399936865,-0.10331386245600391,-0.9860849673298904,-0.7150969419341943,-0.38066618340099356,-0.5918224455920872,-0.6092076990801714,1.557206699145191,-0.8462440736915471,-0.32914029430219166,-1.0701220913160239,-1.162862223431414,1.9891007362952828,-0.3871122676704779,-0.7071067811865475,1.3674119137639917,0.8824887867175825,0.4289245401321734,0.23272550888006965,-1.2513658133071346,0.0,0.0,0.0,0.0,0.0,1.0,0.0,0.0,0.0,0.0,1.0
-0.8878252847168215,-2.12186484404225,-1.252538552670537,2.5550541847077235,-0.3741657386773941,-0.5319381536954396,-1.5860070939950561,-0.34980404399936865,-0.5923083004150251,0.4792703472497234,-0.7150969419341943,-0.38066618340099356,-0.5918224455920872,-0.6092076990801714,-0.6421755060191673,1.1816921749746827,-0.32914029430219166,0.9344728121351193,1.1983694668949685,1.9891007362952828,-0.3871122676704779,-0.7071067811865475,2.1180774409072254,-1.197393633392537,0.4289245401321734,0.23272550888006965,-1.2513658133071346,0.0,0.0,0.0,0.0,0.0,1.0,0.0,0.0,0.0,0.0,1.0
-1.3889677695554712,-0.03617921349296847,-0.665786622617547,-0.39138113233962235,-0.3741657386773941,-0.5319381536954396,0.6305142037423428,-0.34980404399936865,1.168071676237451,-0.9860849673298904,-0.7150969419341943,-0.38066618340099356,1.689695967849872,1.6414763002993509,1.557206699145191,1.1816921749746827,-0.32914029430219166,0.9344728121351193,1.1983694668949685,-0.5027397465361703,-0.3871122676704779,1.4142135623730951,1.4075544553224535,0.7931016721140974,0.4289245401321734,0.23272550888006965,-1.2513658133071346,0.0,0.0,0.0,0.0,0.0,1.0,0.0,0.0,0.0,1.0,0.0
-1.3820288991964178,0.17064957595702865,-0.6591384249735659,2.5550541847077235,-0.3741657386773941,-0.5319381536954396,-1.5860070939950561,-0.34980404399936865,-0.5923083004150251,-0.9860849673298904,-0.7150969419341943,2.626973562678144,-0.5918224455920872,1.6414763002993509,-0.6421755060191673,1.1816921749746827,-0.32914029430219166,-1.0701220913160239,0.5237318410874306,-0.5027397465361703,2.5832299400318433,1.4142135623730951,1.7768658376603008,1.354174135824124,0.4289245401321734,0.23272550888006965,-1.2513658133071346,0.0,0.0,0.0,0.0,0.0,1.0,0.0,0.0,0.0,0.0,1.0
-0.6525125191633131,0.6464111724247945,0.03981815268519166,-0.39138113233962235,-0.3741657386773941,-0.5319381536954396,0.6305142037423428,-0.34980404399936865,0.2878816879112134,-0.9860849673298904,-0.7150969419341943,-0.38066618340099356,-0.5918224455920872,1.6414763002993509,-0.6421755060191673,1.1816921749746827,-0.32914029430219166,0.9344728121351193,1.1983694668949685,-0.5027397465361703,-0.3871122676704779,1.4142135623730951,2.298718877920303,1.617272108203906,0.4289245401321734,0.23272550888006965,-1.2513658133071346,0.0,0.0,0.0,0.0,0.0,1.0,0.0,0.0,0.0,1.0,0.0
-1.477940851136153,-1.279732182097851,-2.441972479723108,-0.39138113233962235,2.6726124191242437,-0.5319381536954396,0.6305142037423428,-0.34980404399936865,0.38568057550301726,1.9446256618293372,-0.7150969419341943,-0.38066618340099356,-0.5918224455920872,-0.6092076990801714,-0.6421755060191673,-0.8462440736915471,-0.32914029430219166,-1.0701220913160239,-1.162862223431414,1.9891007362952828,-0.3871122676704779,-0.7071067811865475,2.1180774409072254,-0.800115605804979,0.4289245401321734,0.23272550888006965,-1.2513658133071346,0.0,0.0,0.0,0.0,0.0,1.0,0.0,0.0,0.0,1.0,0.0
-2.410164326504377,-1.3007881207843202,-2.7110349337001702,-0.39138113233962235,-0.3741657386773941,-0.5319381536954396,0.6305142037423428,-0.34980404399936865,-0.2011127500478078,0.4792703472497234,-0.7150969419341943,-0.38066618340099356,-0.5918224455920872,-0.6092076990801714,1.557206699145191,-0.8462440736915471,-0.32914029430219166,0.9344728121351193,-0.48822459762387616,1.9891007362952828,-0.3871122676704779,1.4142135623730951,1.9534930205175327,-0.399382767735192,0.4289245401321734,0.23272550888006965,-1.2513658133071346,0.0,0.0,0.0,0.0,0.0,1.0,0.0,0.0,0.0,0.0,1.0
-0.4254519031377758,0.10235402729660648,0.257367087077997,-0.39138113233962235,-0.3741657386773941,-0.5319381536954396,0.6305142037423428,-0.34980404399936865,-0.005514974864199148,-0.9860849673298904,1.3984117975602022,-0.38066618340099356,-0.5918224455920872,-0.6092076990801714,-0.6421755060191673,-0.8462440736915471,-0.32914029430219166,0.9344728121351193,-0.48822459762387616,-0.5027397465361703,-0.3871122676704779,-0.7071067811865475,2.4352035192190735,0.033670749110079515,-2.3314124197506847,0.23272550888006965,-1.2513658133071346,0.0,0.0,0.0,0.0,0.0,1.0,0.0,0.0,0.0,0.0,1.0
-0.9983935796429195,-0.4559203250779858,-1.3584718785693852,-0.39138113233962235,-0.3741657386773941,-0.5319381536954396,0.6305142037423428,2.858743394063806,1.4614683390128644,0.4792703472497234,-0.7150969419341943,-0.38066618340099356,-0.5918224455920872,-0.6092076990801714,1.557206699145191,1.1816921749746827,-0.32914029430219166,0.9344728121351193,1.1983694668949685,1.9891007362952828,-0.3871122676704779,1.4142135623730951,0.8335161110364506,-0.3073775209379182,0.4289245401321734,0.23272550888006965,-1.2513658133071346,0.0,0.0,0.0,0.0,0.0,1.0,0.0,0.0,0.0,0.0,1.0
-1.3372810574575118,-1.1285706584769981,-0.6162650924816729,-0.39138113233962235,-0.3741657386773941,-0.5319381536954396,0.6305142037423428,-0.34980404399936865,0.8746750134620385,-0.9860849673298904,-0.7150969419341943,-0.38066618340099356,-0.5918224455920872,1.6414763002993509,1.557206699145191,1.1816921749746827,-0.32914029430219166,0.9344728121351193,1.1983694668949685,-0.5027397465361703,2.5832299400318433,1.4142135623730951,1.3393121346730683,-0.751484741141933,0.4289245401321734,0.23272550888006965,-1.2513658133071346,0.0,0.0,0.0,0.0,0.0,1.0,0.0,0.0,1.0,0.0,0.0
-1.0767140098843324,-1.8951889691225912,-0.36661332754922343,2.5550541847077235,-0.3741657386773941,-0.5319381536954396,0.6305142037423428,-0.34980404399936865,1.5592672266046683,-0.9860849673298904,-0.7150969419341943,-0.38066618340099356,-0.5918224455920872,-0.6092076990801714,1.557206699145191,1.1816921749746827,-0.32914029430219166,0.9344728121351193,1.1983694668949685,-0.5027397465361703,-0.3871122676704779,1.4142135623730951,2.4352035192190735,-1.132252471533659,0.4289245401321734,0.23272550888006965,-1.2513658133071346,0.0,0.0,0.0,0.0,0.0,1.0,0.0,0.0,0.0,0.0,1.0
-1.73745464362845,-1.403861121462249,-2.0665451307503897,2.5550541847077235,-0.3741657386773941,-0.5319381536954396,0.6305142037423428,-0.34980404399936865,-0.005514974864199148,0.4792703472497234,-0.7150969419341943,-0.38066618340099356,-0.5918224455920872,1.6414763002993509,-0.6421755060191673,1.1816921749746827,-0.32914029430219166,-1.0701220913160239,0.5237318410874306,-0.5027397465361703,-0.3871122676704779,1.4142135623730951,1.9454645122058403,-0.7899646224654936,0.4289245401321734,0.23272550888006965,-1.2513658133071346,0.0,0.0,0.0,0.0,0.0,1.0,0.0,0.0,0.0,0.0,1.0
-0.29098407537994514,1.0699999883060574,0.3862019909502795,-0.39138113233962235,-0.3741657386773941,-0.5319381536954396,0.6305142037423428,-0.34980404399936865,-0.2011127500478078,-0.9860849673298904,1.3984117975602022,-0.38066618340099356,-0.5918224455920872,-0.6092076990801714,1.557206699145191,-0.8462440736915471,-0.32914029430219166,-1.0701220913160239,-1.162862223431414,1.9891007362952828,2.5832299400318433,1.4142135623730951,1.9976498162318403,2.5036323240218605,0.4289245401321734,0.23272550888006965,-1.2513658133071346,0.0,0.0,0.0,0.0,0.0,1.0,0.0,0.0,1.0,0.0,0.0
-0.046578724157160134,-0.46265755146803744,-0.4465505840407773,-0.39138113233962235,-0.3741657386773941,-0.5319381536954396,-1.5860070939950561,-0.34980404399936865,1.2658705638292558,0.4792703472497234,-0.7150969419341943,-0.38066618340099356,-0.5918224455920872,1.6414763002993509,1.557206699145191,-0.8462440736915471,-0.32914029430219166,0.9344728121351193,-0.48822459762387616,-0.5027397465361703,-0.3871122676704779,1.4142135623730951,2.4352035192190735,-0.7729085707924699,0.4289245401321734,0.23272550888006965,-1.2513658133071346,0.0,0.0,0.0,0.0,0.0,1.0,0.0,0.0,1.0,0.0,0.0
-0.24839399529757533,-0.9393135041688235,0.4270079514898287,-0.39138113233962235,-0.3741657386773941,-0.5319381536954396,0.6305142037423428,-0.34980404399936865,0.38568057550301726,-0.9860849673298904,-0.7150969419341943,-0.38066618340099356,-0.5918224455920872,-0.6092076990801714,-0.6421755060191673,-0.8462440736915471,-0.32914029430219166,-1.0701220913160239,-1.162862223431414,-0.5027397465361703,2.5832299400318433,-0.7071067811865475,1.6443954505173772,-0.9680700163818793,0.4289245401321734,0.23272550888006965,-1.2513658133071346,0.0,0.0,0.0,0.0,0.0,1.0,0.0,0.0,0.0,0.0,1.0
-0.5393388825290206,-0.2003169394581204,0.1482508896437657,-0.39138113233962235,-0.3741657386773941,-0.5319381536954396,0.6305142037423428,-0.34980404399936865,0.48347946309482204,-0.9860849673298904,-0.7150969419341943,-0.38066618340099356,1.689695967849872,-0.6092076990801714,1.557206699145191,-0.8462440736915471,-0.32914029430219166,-1.0701220913160239,-1.162862223431414,1.9891007362952828,-0.3871122676704779,1.4142135623730951,1.9494787663616868,-0.2987466726742262,0.4289245401321734,0.23272550888006965,-1.2513658133071346,0.0,0.0,0.0,0.0,0.0,1.0,0.0,0.0,0.0,1.0,0.0
-0.4745041689509447,-0.8809474214593683,-0.8565418783683741,-0.39138113233962235,-0.3741657386773941,-0.5319381536954396,0.6305142037423428,-0.34980404399936865,0.38568057550301726,0.4792703472497234,-0.7150969419341943,-0.38066618340099356,-0.5918224455920872,1.6414763002993509,1.557206699145191,-0.8462440736915471,-0.32914029430219166,0.9344728121351193,-0.48822459762387616,1.9891007362952828,-0.3871122676704779,1.4142135623730951,1.37945467623153,-0.8823723803246893,0.4289245401321734,0.23272550888006965,-1.2513658133071346,0.0,0.0,0.0,0.0,0.0,1.0,0.0,0.0,0.0,0.0,1.0
-0.4636498471683112,0.391930557078357,0.2207692738363365,-0.39138113233962235,-0.3741657386773941,-0.5319381536954396,-1.5860070939950561,-0.34980404399936865,1.0702727886456471,-0.9860849673298904,-0.7150969419341943,-0.38066618340099356,-0.5918224455920872,-0.6092076990801714,-0.6421755060191673,1.1816921749746827,-0.32914029430219166,0.9344728121351193,1.1983694668949685,1.9891007362952828,-0.3871122676704779,-0.7071067811865475,1.238955780776914,0.6223664831638279,0.4289245401321734,0.23272550888006965,-1.2513658133071346,0.0,0.0,0.0,0.0,0.0,1.0,0.0,0.0,0.0,1.0,0.0
-0.9409251638685463,-0.6801882300485149,-0.23651274352790388,-0.39138113233962235,-0.3741657386773941,1.879917793173656,0.6305142037423428,-0.34980404399936865,-1.1791016259658502,-0.9860849673298904,-0.7150969419341943,-0.38066618340099356,-0.5918224455920872,-0.6092076990801714,1.557206699145191,-0.8462440736915471,3.038218101251,-1.0701220913160239,-0.15090578472010727,1.9891007362952828,-0.3871122676704779,1.4142135623730951,2.4352035192190735,-0.569984422999021,0.4289245401321734,0.23272550888006965,-1.2513658133071346,0.0,0.0,0.0,0.0,0.0,1.0,0.0,0.0,1.0,0.0,0.0
-0.00037859756794025195,-1.9972777725739932,-0.402286559835581,-0.39138113233962235,-0.3741657386773941,1.879917793173656,0.6305142037423428,-0.34980404399936865,-0.8857049631904377,0.4792703472497234,-0.7150969419341943,-0.38066618340099356,-0.5918224455920872,-0.6092076990801714,-0.6421755060191673,-0.8462440736915471,-0.32914029430219166,0.9344728121351193,-0.48822459762387616,1.9891007362952828,2.5832299400318433,-0.7071067811865475,2.0859634076604565,-1.2448830378451765,0.4289245401321734,0.23272550888006965,-1.2513658133071346,0.0,0.0,0.0,0.0,0.0,1.0,0.0,0.0,0.0,0.0,1.0
-0.28583298757667003,-0.398346576031646,-0.6757780841485334,-0.39138113233962235,-0.3741657386773941,-0.5319381536954396,-1.5860070939950561,-0.34980404399936865,-0.29891163763961254,0.4792703472497234,-0.7150969419341943,-0.38066618340099356,-0.5918224455920872,-0.6092076990801714,-0.6421755060191673,1.1816921749746827,-0.32914029430219166,0.9344728121351193,1.1983694668949685,-0.5027397465361703,-0.3871122676704779,1.4142135623730951,2.3147758945436885,-0.6315717605793447,0.4289245401321734,0.23272550888006965,-1.2513658133071346,0.0,0.0,0.0,0.0,0.0,1.0,0.0,0.0,1.0,0.0,0.0
-0.7996785767809935,-0.2378040207806183,-0.10118304591067491,-0.39138113233962235,-0.3741657386773941,1.879917793173656,0.6305142037423428,-0.34980404399936865,0.09228391272760475,-0.9860849673298904,-0.7150969419341943,-0.38066618340099356,-0.5918224455920872,-0.6092076990801714,1.557206699145191,1.1816921749746827,-0.32914029430219166,-1.0701220913160239,0.5237318410874306,1.9891007362952828,-0.3871122676704779,-0.7071067811865475,1.7005950086992239,-0.16739431589997986,0.4289245401321734,0.23272550888006965,-1.2513658133071346,0.0,0.0,0.0,0.0,0.0,1.0,0.0,0.0,1.0,0.0,0.0
-0.5774959723426055,-2.725820603345858,-1.57930347652315,-0.39138113233962235,-0.3741657386773941,-0.5319381536954396,0.6305142037423428,-0.34980404399936865,0.8746750134620385,1.9446256618293372,-0.7150969419341943,-0.38066618340099356,-0.5918224455920872,-0.6092076990801714,1.557206699145191,1.1816921749746827,-0.32914029430219166,0.9344728121351193,1.1983694668949685,-0.5027397465361703,-0.3871122676704779,1.4142135623730951,2.0618778827253794,-1.2807564328933263,0.4289245401321734,0.23272550888006965,-1.2513658133071346,0.0,0.0,0.0,0.0,0.0,1.0,0.0,0.0,0.0,0.0,1.0
-0.8998101256352773,-1.509511763511356,-0.19712003460404035,2.5550541847077235,-0.3741657386773941,-0.5319381536954396,0.6305142037423428,-0.34980404399936865,1.168071676237451,-0.9860849673298904,-0.7150969419341943,-0.38066618340099356,-0.5918224455920872,-0.6092076990801714,-0.6421755060191673,-0.8462440736915471,-0.32914029430219166,0.9344728121351193,-0.48822459762387616,-0.5027397465361703,-0.3871122676704779,1.4142135623730951,1.845108158309686,-1.0503224795638386,0.4289245401321734,0.23272550888006965,-1.2513658133071346,0.0,0.0,0.0,0.0,0.0,1.0,0.0,0.0,0.0,0.0,1.0
-0.1060838300935315,0.14904043119411856,0.5633566734096258,-0.39138113233962235,-0.3741657386773941,1.879917793173656,-1.5860070939950561,-0.34980404399936865,-0.2011127500478078,-0.9860849673298904,-0.7150969419341943,-0.38066618340099356,-0.5918224455920872,1.6414763002993509,-0.6421755060191673,-0.8462440736915471,3.038218101251,0.9344728121351193,0.5237318410874306,1.9891007362952828,-0.3871122676704779,-0.7071067811865475,2.033778103634456,-0.15169373204711517,0.4289245401321734,0.23272550888006965,-1.2513658133071346,0.0,0.0,0.0,0.0,0.0,1.0,0.0,0.0,1.0,0.0,0.0
-1.564967164378523,0.09071246697962544,-1.9012910168393808,-0.39138113233962235,-0.3741657386773941,-0.5319381536954396,0.6305142037423428,-0.34980404399936865,-0.10331386245600391,0.4792703472497234,-0.7150969419341943,-0.38066618340099356,-0.5918224455920872,-0.6092076990801714,-0.6421755060191673,-0.8462440736915471,-0.32914029430219166,0.9344728121351193,-0.48822459762387616,1.9891007362952828,-0.3871122676704779,1.4142135623730951,2.1140631867513795,1.413836120117663,0.4289245401321734,0.23272550888006965,-1.2513658133071346,0.0,0.0,0.0,0.0,0.0,1.0,0.0,0.0,0.0,1.0,0.0
-0.9797117253148483,-1.691544248180504,-1.3405731740871019,2.5550541847077235,-0.3741657386773941,-0.5319381536954396,-1.5860070939950561,-0.34980404399936865,-0.10331386245600391,0.4792703472497234,-0.7150969419341943,-0.38066618340099356,-0.5918224455920872,-0.6092076990801714,1.557206699145191,1.1816921749746827,-0.32914029430219166,0.9344728121351193,1.1983694668949685,1.9891007362952828,-0.3871122676704779,1.4142135623730951,1.596224400647223,-1.0929489778509676,0.4289245401321734,0.23272550888006965,-1.2513658133071346,0.0,0.0,0.0,0.0,0.0,1.0,0.0,0.0,1.0,0.0,0.0
0.8598096735954186,-0.2636103378406034,1.4887884199738617,-0.39138113233962235,-0.3741657386773941,1.879917793173656,0.6305142037423428,-0.34980404399936865,0.6790772382784298,-0.9860849673298904,-0.7150969419341943,-0.38066618340099356,-0.5918224455920872,1.6414763002993509,-0.6421755060191673,-0.8462440736915471,-0.32914029430219166,-1.0701220913160239,-1.162862223431414,-0.5027397465361703,-0.3871122676704779,1.4142135623730951,2.4352035192190735,-0.9340941267866977,0.4289245401321734,0.23272550888006965,-1.2513658133071346,0.0,0.0,0.0,0.0,0.0,1.0,0.0,0.0,0.0,0.0,1.0
-1.7699894314210127,0.3223309162813683,-1.0308470984074203,-0.39138113233962235,-0.3741657386773941,-0.5319381536954396,0.6305142037423428,-0.34980404399936865,-0.005514974864199148,-0.9860849673298904,-0.7150969419341943,-0.38066618340099356,-0.5918224455920872,1.6414763002993509,1.557206699145191,1.1816921749746827,-0.32914029430219166,-1.0701220913160239,0.5237318410874306,1.9891007362952828,2.5832299400318433,-0.7071067811865475,2.4352035192190735,2.743441131323752,0.4289245401321734,0.23272550888006965,-1.2513658133071346,0.0,0.0,0.0,0.0,0.0,1.0,0.0,0.0,1.0,0.0,0.0
-2.534161767624756,-2.6315525380164164,-1.763007877073182,-0.39138113233962235,-0.3741657386773941,-0.5319381536954396,-1.5860070939950561,-0.34980404399936865,-0.10331386245600391,-0.9860849673298904,-0.7150969419341943,-0.38066618340099356,-0.5918224455920872,-0.6092076990801714,-0.6421755060191673,1.1816921749746827,-0.32914029430219166,0.9344728121351193,1.1983694668949685,1.9891007362952828,-0.3871122676704779,-0.7071067811865475,1.8330653958421474,-1.119781956827067,0.4289245401321734,0.23272550888006965,-1.2513658133071346,0.0,0.0,0.0,0.0,0.0,1.0,0.0,0.0,0.0,1.0,0.0
0.2693421819744031,0.7721135418582521,-0.14386852325699045,-0.39138113233962235,-0.3741657386773941,-0.5319381536954396,0.6305142037423428,-0.34980404399936865,0.7768761258702346,0.4792703472497234,-0.7150969419341943,-0.38066618340099356,-0.5918224455920872,1.6414763002993509,-0.6421755060191673,1.1816921749746827,3.038218101251,0.9344728121351193,2.2103259056062754,1.9891007362952828,2.5832299400318433,1.4142135623730951,1.628338433893993,0.5856391653856026,0.4289245401321734,-4.2969075663954355,-1.2513658133071346,0.0,0.0,0.0,0.0,0.0,1.0,0.0,0.0,0.0,0.0,1.0
-0.741501158304449,0.06565096765828314,-1.1123479366539741,-0.39138113233962235,-0.3741657386773941,-0.5319381536954396,0.6305142037423428,-0.34980404399936865,1.0702727886456471,0.4792703472497234,-0.7150969419341943,-0.38066618340099356,-0.5918224455920872,-0.6092076990801714,-0.6421755060191673,1.1816921749746827,-0.32914029430219166,-1.0701220913160239,0.5237318410874306,1.9891007362952828,-0.3871122676704779,1.4142135623730951,2.4352035192190735,0.262995869680197,0.4289245401321734,0.23272550888006965,-1.2513658133071346,0.0,0.0,0.0,0.0,0.0,1.0,0.0,0.0,0.0,1.0,0.0
-1.7645671092883277,-0.35182190651499917,-1.025651920033697,-0.39138113233962235,-0.3741657386773941,-0.5319381536954396,0.6305142037423428,2.858743394063806,0.5812783506866259,-0.9860849673298904,-0.7150969419341943,-0.38066618340099356,-0.5918224455920872,-0.6092076990801714,1.557206699145191,-0.8462440736915471,-0.32914029430219166,0.9344728121351193,-0.48822459762387616,1.9891007362952828,2.5832299400318433,-0.7071067811865475,2.358932690257996,0.5344347968061954,0.4289245401321734,0.23272550888006965,-1.2513658133071346,0.0,0.0,0.0,0.0,0.0,1.0,0.0,0.0,0.0,0.0,1.0
0.6222064962642757,-0.9624513460914291,0.19420980889108108,-0.39138113233962235,-0.3741657386773941,1.879917793173656,-1.5860070939950561,-0.34980404399936865,0.38568057550301726,0.4792703472497234,-0.7150969419341943,-0.38066618340099356,-0.5918224455920872,1.6414763002993509,1.557206699145191,-0.8462440736915471,3.038218101251,0.9344728121351193,0.5237318410874306,1.9891007362952828,-0.3871122676704779,1.4142135623730951,2.286676115452765,-1.1288770577045408,0.4289245401321734,0.23272550888006965,-1.2513658133071346,0.0,0.0,0.0,0.0,0.0,1.0,0.0,0.0,0.0,0.0,1.0
0.837304904174125,-1.4673386406316904,0.40029543338944307,-0.39138113233962235,-0.3741657386773941,1.879917793173656,0.6305142037423428,-0.34980404399936865,2.0482616645636895,0.4792703472497234,1.3984117975602022,-0.38066618340099356,-0.5918224455920872,-0.6092076990801714,1.557206699145191,-0.8462440736915471,-0.32914029430219166,0.9344728121351193,-0.48822459762387616,1.9891007362952828,-0.3871122676704779,-0.7071067811865475,2.358932690257996,-1.2361546306126476,0.4289245401321734,0.23272550888006965,-1.2513658133071346,0.0,0.0,0.0,0.0,0.0,1.0,0.0,0.0,0.0,0.0,1.0
-0.6507689158162739,0.4995957836584549,0.04148871562469068,-0.39138113233962235,-0.3741657386773941,1.879917793173656,0.6305142037423428,-0.34980404399936865,-0.3967105252314164,-0.9860849673298904,-0.7150969419341943,-0.38066618340099356,1.689695967849872,1.6414763002993509,1.557206699145191,1.1816921749746827,-0.32914029430219166,-1.0701220913160239,0.5237318410874306,1.9891007362952828,-0.3871122676704779,1.4142135623730951,2.210405286491688,1.1551777033865633,0.4289245401321734,0.23272550888006965,-1.2513658133071346,0.0,0.0,0.0,0.0,0.0,1.0,0.0,0.0,0.0,0.0,1.0
-1.5662142403961998,-0.4481315718529385,-0.8356081510324492,-0.39138113233962235,-0.3741657386773941,-0.5319381536954396,-1.5860070939950561,-0.34980404399936865,0.09228391272760475,-0.9860849673298904,1.3984117975602022,-0.38066618340099356,-0.5918224455920872,-0.6092076990801714,-0.6421755060191673,1.1816921749746827,-0.32914029430219166,0.9344728121351193,1.1983694668949685,-0.5027397465361703,-0.3871122676704779,1.4142135623730951,2.4352035192190735,0.1431770976293542,0.4289245401321734,0.23272550888006965,-1.2513658133071346,0.0,0.0,0.0,0.0,0.0,1.0,0.0,0.0,0.0,1.0,0.0
-0.6455858127097179,-0.9957166048679583,-1.0204529150493016,2.5550541847077235,-0.3741657386773941,-0.5319381536954396,0.6305142037423428,-0.34980404399936865,-0.10331386245600391,0.4792703472497234,-0.7150969419341943,-0.38066618340099356,-0.5918224455920872,1.6414763002993509,1.557206699145191,1.1816921749746827,-0.32914029430219166,0.9344728121351193,1.1983694668949685,-0.5027397465361703,-0.3871122676704779,1.4142135623730951,1.8571509207772243,-0.8939017460413656,0.4289245401321734,0.23272550888006965,-1.2513658133071346,0.0,0.0,0.0,0.0,0.0,1.0,0.0,0.0,0.0,1.0,0.0
-2.6629268265629955,-2.145306681105847,-1.8863789039354109,2.5550541847077235,-0.3741657386773941,-0.5319381536954396,-1.5860070939950561,-0.34980404399936865,0.38568057550301726,-0.9860849673298904,-0.7150969419341943,-0.38066618340099356,-0.5918224455920872,-0.6092076990801714,-0.6421755060191673,1.1816921749746827,-0.32914029430219166,-1.0701220913160239,0.5237318410874306,-0.5027397465361703,-0.3871122676704779,1.4142135623730951,2.4352035192190735,-0.9230676585191117,0.4289245401321734,0.23272550888006965,-1.2513658133071346,0.0,0.0,0.0,0.0,0.0,1.0,0.0,0.0,0.0,1.0,0.0
0.18471191342816867,0.5861688442811912,-0.22495240261402705,-0.39138113233962235,-0.3741657386773941,-0.5319381536954396,0.6305142037423428,-0.34980404399936865,-0.29891163763961254,0.4792703472497234,-0.7150969419341943,-0.38066618340099356,-0.5918224455920872,-0.6092076990801714,1.557206699145191,-0.8462440736915471,-0.32914029430219166,-1.0701220913160239,-1.162862223431414,1.9891007362952828,-0.3871122676704779,1.4142135623730951,1.7527803127252242,0.29907806448635427,0.4289245401321734,0.23272550888006965,-1.2513658133071346,0.0,0.0,0.0,0.0,0.0,1.0,0.0,0.0,0.0,0.0,1.0
-2.1532269248749354,-1.0721916746169293,-2.464877934105432,2.5550541847077235,-0.3741657386773941,-0.5319381536954396,-1.5860070939950561,-0.34980404399936865,0.6790772382784298,0.4792703472497234,1.3984117975602022,-0.38066618340099356,-0.5918224455920872,1.6414763002993509,1.557206699145191,1.1816921749746827,-0.32914029430219166,-1.0701220913160239,0.5237318410874306,1.9891007362952828,-0.3871122676704779,1.4142135623730951,2.4352035192190735,-0.2972961658090903,0.4289245401321734,0.23272550888006965,-1.2513658133071346,0.0,0.0,0.0,0.0,0.0,1.0,0.0,0.0,0.0,1.0,0.0
-0.8847673416407561,0.023296438167411834,-0.18270740027937532,-0.39138113233962235,-0.3741657386773941,-0.5319381536954396,0.6305142037423428,-0.34980404399936865,0.2878816879112134,-0.9860849673298904,-0.7150969419341943,-0.38066618340099356,-0.5918224455920872,1.6414763002993509,-0.6421755060191673,-0.8462440736915471,-0.32914029430219166,-1.0701220913160239,-1.162862223431414,1.9891007362952828,-0.3871122676704779,1.4142135623730951,2.3348471653229192,0.3291229239756459,0.4289245401321734,0.23272550888006965,-1.2513658133071346,0.0,0.0,0.0,0.0,0.0,1.0,0.0,0.0,0.0,0.0,1.0
0.3310040587645099,0.6846998713454563,0.9821347341824963,-0.39138113233962235,-0.3741657386773941,-0.5319381536954396,0.6305142037423428,2.858743394063806,1.4614683390128644,-0.9860849673298904,-0.7150969419341943,-0.38066618340099356,-0.5918224455920872,1.6414763002993509,1.557206699145191,1.1816921749746827,-0.32914029430219166,0.9344728121351193,1.1983694668949685,1.9891007362952828,-0.3871122676704779,-0.7071067811865475,1.3674119137639917,0.3359925037294574,0.4289245401321734,0.23272550888006965,-1.2513658133071346,0.0,0.0,0.0,0.0,0.0,1.0,0.0,0.0,0.0,1.0,0.0
0.5230355681970239,0.8361199934820848,0.09919432031096108,2.5550541847077235,-0.3741657386773941,-0.5319381536954396,0.6305142037423428,-0.34980404399936865,0.19008280031940863,0.4792703472497234,-0.7150969419341943,-0.38066618340099356,-0.5918224455920872,1.6414763002993509,1.557206699145191,1.1816921749746827,-0.32914029430219166,0.9344728121351193,1.1983694668949685,1.9891007362952828,-0.3871122676704779,1.4142135623730951,2.4352035192190735,0.4300832007582304,0.4289245401321734,0.23272550888006965,-1.2513658133071346,0.0,0.0,0.0,0.0,0.0,1.0,0.0,0.0,0.0,0.0,1.0
-0.5652836935360023,-0.5837995605409042,-0.9435165796895887,-0.39138113233962235,-0.3741657386773941,-0.5319381536954396,0.6305142037423428,-0.34980404399936865,1.8526638893800809,0.4792703472497234,-0.7150969419341943,-0.38066618340099356,-0.5918224455920872,1.6414763002993509,1.557206699145191,1.1816921749746827,-0.32914029430219166,0.9344728121351193,1.1983694668949685,-0.5027397465361703,-0.3871122676704779,1.4142135623730951,1.7407375502576856,-0.6589182334405981,0.4289245401321734,0.23272550888006965,-1.2513658133071346,0.0,0.0,0.0,0.0,0.0,1.0,0.0,0.0,0.0,0.0,1.0
-1.628084213721488,-1.6240455341991813,-0.894886360540671,-0.39138113233962235,-0.3741657386773941,-0.5319381536954396,0.6305142037423428,-0.34980404399936865,-0.005514974864199148,-0.9860849673298904,-0.7150969419341943,2.626973562678144,-0.5918224455920872,-0.6092076990801714,1.557206699145191,1.1816921749746827,-0.32914029430219166,-1.0701220913160239,0.5237318410874306,1.9891007362952828,2.5832299400318433,1.4142135623730951,2.3228044028553807,-0.9409081558915033,0.4289245401321734,0.23272550888006965,-1.2513658133071346,0.0,0.0,0.0,0.0,0.0,1.0,0.0,0.0,0.0,1.0,0.0
-0.4226960870666453,0.24925132509990705,-0.8069051675682157,-0.39138113233962235,-0.3741657386773941,-0.5319381536954396,0.6305142037423428,-0.34980404399936865,2.146060552155493,0.4792703472497234,-0.7150969419341943,2.626973562678144,-0.5918224455920872,-0.6092076990801714,-0.6421755060191673,1.1816921749746827,-0.32914029430219166,-1.0701220913160239,0.5237318410874306,-0.5027397465361703,-0.3871122676704779,1.4142135623730951,2.30273313207615,0.28358993322780685,0.4289245401321734,0.23272550888006965,-1.2513658133071346,0.0,0.0,0.0,0.0,0.0,1.0,0.0,0.0,0.0,0.0,1.0
-1.3130210722735565,-0.7440352991979109,-0.5930213700892297,-0.39138113233962235,-0.3741657386773941,1.879917793173656,0.6305142037423428,-0.34980404399936865,-0.10331386245600391,-0.9860849673298904,-0.7150969419341943,-0.38066618340099356,-0.5918224455920872,1.6414763002993509,1.557206699145191,1.1816921749746827,-0.32914029430219166,0.9344728121351193,1.1983694668949685,-0.5027397465361703,-0.3871122676704779,1.4142135623730951,1.9575072746733786,-0.4382366353738444,0.4289245401321734,0.23272550888006965,-1.2513658133071346,0.0,0.0,0.0,0.0,0.0,1.0,0.0,0.0,0.0,1.0,0.0
-1.079292843438488,0.20769797236541815,-1.4359797407584718,-0.39138113233962235,-0.3741657386773941,-0.5319381536954396,-1.5860070939950561,2.858743394063806,0.2878816879112134,0.4792703472497234,-0.7150969419341943,-0.38066618340099356,-0.5918224455920872,-0.6092076990801714,-0.6421755060191673,1.1816921749746827,-0.32914029430219166,0.9344728121351193,1.1983694668949685,-0.5027397465361703,-0.3871122676704779,1.4142135623730951,2.3910467235047657,0.9887568993496784,0.4289245401321734,0.23272550888006965,-1.2513658133071346,0.0,0.0,0.0,0.0,0.0,1.0,0.0,0.0,0.0,0.0,1.0
-0.6656917603590493,-0.2765644574778625,-1.66380050959941,2.5550541847077235,-0.3741657386773941,-0.5319381536954396,0.6305142037423428,-0.34980404399936865,1.4614683390128644,1.9446256618293372,-0.7150969419341943,-0.38066618340099356,-0.5918224455920872,1.6414763002993509,1.557206699145191,-0.8462440736915471,-0.32914029430219166,0.9344728121351193,-0.48822459762387616,-0.5027397465361703,2.5832299400318433,-0.7071067811865475,2.4352035192190735,-0.3081409982101118,0.4289245401321734,0.23272550888006965,-1.2513658133071346,0.0,0.0,0.0,0.0,0.0,1.0,0.0,0.0,1.0,0.0,0.0
1.8050240370250488,-1.0060203836199655,1.3274693696531592,-0.39138113233962235,-0.3741657386773941,-0.5319381536954396,0.6305142037423428,-0.34980404399936865,0.48347946309482204,0.4792703472497234,-0.7150969419341943,-0.38066618340099356,1.689695967849872,1.6414763002993509,-0.6421755060191673,1.1816921749746827,-0.32914029430219166,0.9344728121351193,1.1983694668949685,-0.5027397465361703,-0.3871122676704779,1.4142135623730951,2.4191465025956886,-1.2432351227086957,0.4289245401321734,0.23272550888006965,-1.2513658133071346,0.0,0.0,0.0,0.0,0.0,1.0,0.0,0.0,0.0,0.0,1.0
-0.2054330461820409,-2.6309450161547416,0.4681692451751101,-0.39138113233962235,-0.3741657386773941,-0.5319381536954396,0.6305142037423428,-0.34980404399936865,1.2658705638292558,-0.9860849673298904,-0.7150969419341943,-0.38066618340099356,-0.5918224455920872,-0.6092076990801714,-0.6421755060191673,1.1816921749746827,-0.32914029430219166,-1.0701220913160239,0.5237318410874306,1.9891007362952828,-0.3871122676704779,1.4142135623730951,2.1742769990890722,-1.287441031434781,0.4289245401321734,0.23272550888006965,-1.2513658133071346,0.0,0.0,0.0,0.0,0.0,1.0,0.0,0.0,0.0,0.0,1.0
1.316708258465624,0.15039304331338882,1.9265472968938238,-0.39138113233962235,-0.3741657386773941,-0.5319381536954396,-1.5860070939950561,-0.34980404399936865,-1.0813027383740463,-0.9860849673298904,1.3984117975602022,-0.38066618340099356,-0.5918224455920872,1.6414763002993509,-0.6421755060191673,1.1816921749746827,-0.32914029430219166,0.9344728121351193,1.1983694668949685,1.9891007362952828,-0.3871122676704779,1.4142135623730951,2.4352035192190735,-0.8484602784273428,-2.3314124197506847,0.23272550888006965,-1.2513658133071346,0.0,0.0,0.0,0.0,0.0,1.0,0.0,0.0,0.0,1.0,0.0
-0.196775347588195,-1.0283079023554231,0.4764642684880629,-0.39138113233962235,-0.3741657386773941,1.879917793173656,0.6305142037423428,-0.34980404399936865,0.5812783506866259,-0.9860849673298904,-0.7150969419341943,-0.38066618340099356,-0.5918224455920872,1.6414763002993509,1.557206699145191,-0.8462440736915471,3.038218101251,-1.0701220913160239,-0.15090578472010727,1.9891007362952828,2.5832299400318433,-0.7071067811865475,1.772851583504455,-1.014751226885052,0.4289245401321734,0.23272550888006965,-1.2513658133071346,0.0,0.0,0.0,0.0,0.0,1.0,0.0,0.0,0.0,0.0,1.0
-1.8819161554702974,-1.2601775712386118,-1.1380851565665724,-0.39138113233962235,-0.3741657386773941,-0.5319381536954396,0.6305142037423428,-0.34980404399936865,0.8746750134620385,-0.9860849673298904,1.3984117975602022,-0.38066618340099356,-0.5918224455920872,1.6414763002993509,1.557206699145191,1.1816921749746827,-0.32914029430219166,-1.0701220913160239,0.5237318410874306,-0.5027397465361703,-0.3871122676704779,1.4142135623730951,1.0783856145430673,-0.6303052479885037,0.4289245401321734,0.23272550888006965,-1.2513658133071346,0.0,0.0,0.0,0.0,0.0,1.0,0.0,0.0,0.0,0.0,1.0
-2.0841447746203974,-0.7093053591510448,-1.331842318728436,-0.39138113233962235,-0.3741657386773941,1.879917793173656,0.6305142037423428,-0.34980404399936865,0.7768761258702346,-0.9860849673298904,-0.7150969419341943,-0.38066618340099356,-0.5918224455920872,-0.6092076990801714,-0.6421755060191673,1.1816921749746827,-0.32914029430219166,0.9344728121351193,1.1983694668949685,-0.5027397465361703,-0.3871122676704779,1.4142135623730951,1.8170083792187626,0.17598478287787514,0.4289245401321734,0.23272550888006965,-1.2513658133071346,0.0,0.0,0.0,0.0,0.0,1.0,0.0,0.0,0.0,0.0,1.0
-0.7140973434104665,0.4755720015161206,-0.01918685278096813,-0.39138113233962235,-0.3741657386773941,1.879917793173656,0.6305142037423428,-0.34980404399936865,0.6790772382784298,-0.9860849673298904,-0.7150969419341943,-0.38066618340099356,-0.5918224455920872,-0.6092076990801714,1.557206699145191,-0.8462440736915471,-0.32914029430219166,0.9344728121351193,-0.48822459762387616,-0.5027397465361703,-0.3871122676704779,1.4142135623730951,1.4356542344133763,1.1847390508340392,0.4289245401321734,0.23272550888006965,-1.2513658133071346,0.0,0.0,0.0,0.0,0.0,1.0,0.0,0.0,0.0,1.0,0.0
-0.1495977939978925,0.581817643877463,0.5216655309988432,-0.39138113233962235,-0.3741657386773941,-0.5319381536954396,0.6305142037423428,-0.34980404399936865,-0.10331386245600391,-0.9860849673298904,-0.7150969419341943,-0.38066618340099356,-0.5918224455920872,1.6414763002993509,1.557206699145191,-0.8462440736915471,3.038218101251,-1.0701220913160239,-0.15090578472010727,1.9891007362952828,2.5832299400318433,1.4142135623730951,2.2786476071410724,0.6679139455020744,0.4289245401321734,0.23272550888006965,-1.2513658133071346,0.0,0.0,0.0,0.0,0.0,1.0,0.0,0.0,0.0,1.0,0.0
0.8243879977663949,-0.04311349703421023,-0.23618834068987027,2.5550541847077235,-0.3741657386773941,-0.5319381536954396,0.6305142037423428,-0.34980404399936865,1.168071676237451,1.9446256618293372,-0.7150969419341943,-0.38066618340099356,-0.5918224455920872,1.6414763002993509,1.557206699145191,-0.8462440736915471,3.038218101251,-1.0701220913160239,-0.15090578472010727,1.9891007362952828,-0.3871122676704779,1.4142135623730951,2.1301202033747644,-0.8055759182623781,0.4289245401321734,0.23272550888006965,-1.2513658133071346,0.0,0.0,0.0,0.0,0.0,1.0,0.0,0.0,1.0,0.0,0.0
1.1634301238250742,0.12497664310806278,0.7127562789776988,-0.39138113233962235,-0.3741657386773941,1.879917793173656,0.6305142037423428,-0.34980404399936865,0.19008280031940863,0.4792703472497234,-0.7150969419341943,-0.38066618340099356,-0.5918224455920872,1.6414763002993509,1.557206699145191,-0.8462440736915471,-0.32914029430219166,0.9344728121351193,-0.48822459762387616,1.9891007362952828,2.5832299400318433,1.4142135623730951,1.684537992075839,-0.814911372066942,0.4289245401321734,0.23272550888006965,-1.2513658133071346,0.0,0.0,0.0,0.0,0.0,1.0,0.0,0.0,0.0,1.0,0.0
0.10031266189539495,-2.5953659869977463,-0.3058148817625128,-0.39138113233962235,-0.3741657386773941,-0.5319381536954396,0.6305142037423428,-0.34980404399936865,-0.10331386245600391,0.4792703472497234,1.3984117975602022,-0.38066618340099356,-0.5918224455920872,1.6414763002993509,1.557206699145191,-0.8462440736915471,-0.32914029430219166,-1.0701220913160239,-1.162862223431414,-0.5027397465361703,2.5832299400318433,-0.7071067811865475,0.12700737960752412,-1.294576377554642,0.4289245401321734,0.23272550888006965,-1.2513658133071346,0.0,0.0,0.0,0.0,0.0,0.0,1.0,0.0,0.0,0.0,1.0
0.2527222007656838,0.0918314104377817,-0.1597920573438873,2.5550541847077235,-0.3741657386773941,-0.5319381536954396,0.6305142037423428,-0.34980404399936865,-1.3746994011494589,0.4792703472497234,-0.7150969419341943,-0.38066618340099356,-0.5918224455920872,1.6414763002993509,-0.6421755060191673,-0.8462440736915471,-0.32914029430219166,0.9344728121351193,-0.48822459762387616,-0.5027397465361703,-0.3871122676704779,1.4142135623730951,-0.42695969389924776,-0.44980388791422105,0.4289245401321734,0.23272550888006965,0.79912683354932,0.0,0.0,0.0,0.0,0.0,0.0,1.0,0.0,0.0,0.0,1.0
-0.8115510367226947,-0.7040576625607019,-0.11255816262685552,-0.39138113233962235,-0.3741657386773941,-0.5319381536954396,0.6305142037423428,-0.34980404399936865,0.38568057550301726,-0.9860849673298904,-0.7150969419341943,-0.38066618340099356,1.689695967849872,-0.6092076990801714,1.557206699145191,1.1816921749746827,-0.32914029430219166,-1.0701220913160239,0.5237318410874306,-0.5027397465361703,-0.3871122676704779,1.4142135623730951,0.632803403244142,-0.6486964319704734,0.4289245401321734,0.23272550888006965,-1.2513658133071346,0.0,0.0,0.0,0.0,0.0,0.0,1.0,0.0,0.0,0.0,1.0
-3.220702123413204,-0.5669820905996166,-2.4207887174221594,-0.39138113233962235,-0.3741657386773941,-0.5319381536954396,-1.5860070939950561,-0.34980404399936865,-0.49450941282322075,-0.9860849673298904,-0.7150969419341943,-0.38066618340099356,1.689695967849872,-0.6092076990801714,1.557206699145191,1.1816921749746827,-0.32914029430219166,-1.0701220913160239,0.5237318410874306,-0.5027397465361703,-0.3871122676704779,-0.7071067811865475,0.21532097103614004,2.2815555099802576,0.4289245401321734,0.23272550888006965,-1.2513658133071346,0.0,0.0,0.0,0.0,0.0,0.0,1.0,0.0,0.0,1.0,0.0
0.5694500063807292,-0.7348466689655706,0.14366390180002303,2.5550541847077235,-0.3741657386773941,-0.5319381536954396,0.6305142037423428,-0.34980404399936865,0.09228391272760475,0.4792703472497234,1.3984117975602022,2.626973562678144,-0.5918224455920872,-0.6092076990801714,-0.6421755060191673,-0.8462440736915471,-0.32914029430219166,-1.0701220913160239,-1.162862223431414,-0.5027397465361703,-0.3871122676704779,-0.7071067811865475,0.4963187619453721,-1.056886050134932,-2.3314124197506847,0.23272550888006965,-1.2513658133071346,0.0,0.0,0.0,0.0,0.0,0.0,1.0,0.0,0.0,0.0,1.0
1.0304270832120481,0.4322781007545367,-0.03878406887710672,-0.39138113233962235,2.6726124191242437,-0.5319381536954396,0.6305142037423428,-0.34980404399936865,-0.7879060755986333,1.9446256618293372,1.3984117975602022,2.626973562678144,-0.5918224455920872,-0.6092076990801714,-0.6421755060191673,-0.8462440736915471,-0.32914029430219166,-1.0701220913160239,-1.162862223431414,1.9891007362952828,-0.3871122676704779,1.4142135623730951,0.331734341555679,-0.5283003881228792,-2.3314124197506847,0.23272550888006965,-1.2513658133071346,0.0,0.0,0.0,0.0,0.0,0.0,1.0,0.0,0.0,1.0,0.0
-0.2510433296323945,0.6854835726945983,0.42446959908209386,-0.39138113233962235,-0.3741657386773941,-0.5319381536954396,0.6305142037423428,-0.34980404399936865,0.48347946309482204,-0.9860849673298904,-0.7150969419341943,-0.38066618340099356,1.689695967849872,-0.6092076990801714,-0.6421755060191673,1.1816921749746827,-0.32914029430219166,-1.0701220913160239,0.5237318410874306,-0.5027397465361703,-0.3871122676704779,1.4142135623730951,-0.1058193614315538,1.0694602974269005,0.4289245401321734,0.23272550888006965,0.79912683354932,0.0,0.0,0.0,0.0,0.0,0.0,1.0,0.0,0.0,1.0,0.0
0.018816607498339445,0.41454550586340944,0.6830249698272248,-0.39138113233962235,-0.3741657386773941,1.879917793173656,0.6305142037423428,-0.34980404399936865,0.48347946309482204,-0.9860849673298904,-0.7150969419341943,2.626973562678144,-0.5918224455920872,1.6414763002993509,-0.6421755060191673,1.1816921749746827,-0.32914029430219166,0.9344728121351193,1.1983694668949685,1.9891007362952828,-0.3871122676704779,1.4142135623730951,-0.37477438987324746,0.15187176499749333,0.4289245401321734,0.23272550888006965,0.79912683354932,0.0,0.0,0.0,0.0,0.0,0.0,1.0,0.0,0.0,1.0,0.0
0.06773698231068702,0.6057544488391103,-0.33702545131916,-0.39138113233962235,-0.3741657386773941,-0.5319381536954396,0.6305142037423428,-0.34980404399936865,0.19008280031940863,0.4792703472497234,1.3984117975602022,2.626973562678144,1.689695967849872,-0.6092076990801714,-0.6421755060191673,-0.8462440736915471,-0.32914029430219166,0.9344728121351193,-0.48822459762387616,-0.5027397465361703,-0.3871122676704779,-0.7071067811865475,-0.5915441142889407,0.4629323038373784,-2.3314124197506847,0.23272550888006965,0.79912683354932,0.0,0.0,0.0,0.0,0.0,0.0,1.0,0.0,0.0,1.0,0.0
0.9382686944521288,0.11980788834257491,1.5639607535984676,-0.39138113233962235,-0.3741657386773941,1.879917793173656,0.6305142037423428,-0.34980404399936865,-0.49450941282322075,-0.9860849673298904,-0.7150969419341943,-0.38066618340099356,1.689695967849872,-0.6092076990801714,-0.6421755060191673,-0.8462440736915471,-0.32914029430219166,0.9344728121351193,-0.48822459762387616,1.9891007362952828,-0.3871122676704779,-0.7071067811865475,0.7492167737636809,-0.7396528442801865,0.4289245401321734,0.23272550888006965,-1.2513658133071346,0.0,0.0,0.0,0.0,0.0,0.0,1.0,0.0,1.0,0.0,0.0
0.6798537767608558,1.1713196508056598,1.3163709647615598,-0.39138113233962235,-0.3741657386773941,-0.5319381536954396,0.6305142037423428,-0.34980404399936865,0.09228391272760475,-0.9860849673298904,-0.7150969419341943,-0.38066618340099356,-0.5918224455920872,1.6414763002993509,-0.6421755060191673,-0.8462440736915471,-0.32914029430219166,-1.0701220913160239,-1.162862223431414,-0.5027397465361703,-0.3871122676704779,-0.7071067811865475,-0.7159859931201722,1.020445712577376,0.4289245401321734,0.23272550888006965,0.79912683354932,0.0,0.0,0.0,0.0,0.0,0.0,1.0,0.0,1.0,0.0,0.0
1.678761195766824,1.857213254691797,1.2064964302303132,-0.39138113233962235,-0.3741657386773941,-0.5319381536954396,0.6305142037423428,-0.34980404399936865,0.2878816879112134,0.4792703472497234,1.3984117975602022,-0.38066618340099356,1.689695967849872,-0.6092076990801714,1.557206699145191,-0.8462440736915471,-0.32914029430219166,0.9344728121351193,-0.48822459762387616,-0.5027397465361703,-0.3871122676704779,-0.7071067811865475,-1.225796270912636,1.4498935399287638,0.4289245401321734,0.23272550888006965,0.79912683354932,0.0,0.0,0.0,0.0,0.0,0.0,1.0,0.0,0.0,0.0,1.0
-0.8041078139639438,-0.5437289157578916,-0.10542674015492659,-0.39138113233962235,-0.3741657386773941,-0.5319381536954396,0.6305142037423428,-0.34980404399936865,0.6790772382784298,-0.9860849673298904,-0.7150969419341943,2.626973562678144,-0.5918224455920872,-0.6092076990801714,1.557206699145191,-0.8462440736915471,-0.32914029430219166,-1.0701220913160239,-1.162862223431414,-0.5027397465361703,-0.3871122676704779,-0.7071067811865475,0.47624749116614123,-0.5127076188716005,0.4289245401321734,0.23272550888006965,-1.2513658133071346,0.0,0.0,0.0,0.0,0.0,0.0,1.0,0.0,0.0,0.0,1.0
-0.5624122318069592,-0.7305177703292274,-0.9407654707035513,-0.39138113233962235,-0.3741657386773941,-0.5319381536954396,0.6305142037423428,-0.34980404399936865,-1.2769005135576545,0.4792703472497234,1.3984117975602022,-0.38066618340099356,-0.5918224455920872,-0.6092076990801714,1.557206699145191,-0.8462440736915471,-0.32914029430219166,0.9344728121351193,-0.48822459762387616,-0.5027397465361703,-0.3871122676704779,1.4142135623730951,0.869644398439066,-0.7655691029857438,0.4289245401321734,0.23272550888006965,-1.2513658133071346,0.0,0.0,0.0,0.0,0.0,0.0,1.0,0.0,0.0,1.0,0.0
0.09372396163221279,-1.0624286366315603,0.7547944178065954,-0.39138113233962235,-0.3741657386773941,-0.5319381536954396,-1.5860070939950561,-0.34980404399936865,-0.10331386245600391,-0.9860849673298904,1.3984117975602022,2.626973562678144,1.689695967849872,1.6414763002993509,-0.6421755060191673,1.1816921749746827,-0.32914029430219166,-1.0701220913160239,0.5237318410874306,-0.5027397465361703,-0.3871122676704779,1.4142135623730951,0.23539224181537088,-1.0787869780320762,-2.3314124197506847,0.23272550888006965,-1.2513658133071346,0.0,0.0,0.0,0.0,0.0,0.0,1.0,0.0,0.0,1.0,0.0
0.3414681116031096,1.2826635144741971,0.992160442666487,-0.39138113233962235,-0.3741657386773941,1.879917793173656,0.6305142037423428,-0.34980404399936865,-0.49450941282322075,-0.9860849673298904,-0.7150969419341943,-0.38066618340099356,1.689695967849872,-0.6092076990801714,-0.6421755060191673,-0.8462440736915471,-0.32914029430219166,0.9344728121351193,-0.48822459762387616,1.9891007362952828,-0.3871122676704779,-0.7071067811865475,-0.42695969389924776,1.9715788366863336,0.4289245401321734,0.23272550888006965,0.79912683354932,0.0,0.0,0.0,0.0,0.0,0.0,1.0,0.0,0.0,1.0,0.0
0.4596716447959522,0.08582636668813597,0.03848549584152652,-0.39138113233962235,-0.3741657386773941,1.879917793173656,0.6305142037423428,2.858743394063806,-2.0592916142920887,0.4792703472497234,-0.7150969419341943,2.626973562678144,-0.5918224455920872,-0.6092076990801714,-0.6421755060191673,-0.8462440736915471,-0.32914029430219166,-1.0701220913160239,-1.162862223431414,1.9891007362952828,-0.3871122676704779,1.4142135623730951,-1.2860100832503287,-0.5626444087471334,0.4289245401321734,0.23272550888006965,0.79912683354932,0.0,0.0,0.0,0.0,0.0,0.0,1.0,0.0,0.0,1.0,0.0
1.1697561784466748,0.9968347898311465,0.09470619450919608,2.5550541847077235,-0.3741657386773941,-0.5319381536954396,-1.5860070939950561,-0.34980404399936865,0.48347946309482204,1.9446256618293372,1.3984117975602022,-0.38066618340099356,-0.5918224455920872,1.6414763002993509,1.557206699145191,-0.8462440736915471,-0.32914029430219166,-1.0701220913160239,-1.162862223431414,-0.5027397465361703,-0.3871122676704779,-0.7071067811865475,0.4923045077895259,0.08404985485962305,-2.3314124197506847,0.23272550888006965,-1.2513658133071346,0.0,0.0,0.0,0.0,0.0,0.0,1.0,0.0,0.0,0.0,1.0
-0.9349078079530521,-1.5220601781167975,-1.297647426427267,-0.39138113233962235,-0.3741657386773941,-0.5319381536954396,0.6305142037423428,2.858743394063806,0.38568057550301726,0.4792703472497234,1.3984117975602022,-0.38066618340099356,-0.5918224455920872,-0.6092076990801714,1.557206699145191,1.1816921749746827,-0.32914029430219166,-1.0701220913160239,0.5237318410874306,1.9891007362952828,-0.3871122676704779,-0.7071067811865475,0.9499294815559896,-1.0481786751210704,0.4289245401321734,0.23272550888006965,-1.2513658133071346,0.0,0.0,0.0,0.0,0.0,0.0,1.0,0.0,0.0,0.0,1.0
-0.539397153631562,0.28649144155521583,0.14819505954656234,-0.39138113233962235,-0.3741657386773941,-0.5319381536954396,0.6305142037423428,2.858743394063806,0.9724739010538432,-0.9860849673298904,-0.7150969419341943,-0.38066618340099356,1.689695967849872,-0.6092076990801714,1.557206699145191,1.1816921749746827,-0.32914029430219166,-1.0701220913160239,0.5237318410874306,1.9891007362952828,-0.3871122676704779,-0.7071067811865475,-1.1455111877957127,0.48220579826693993,0.4289245401321734,0.23272550888006965,0.79912683354932,0.0,0.0,0.0,0.0,0.0,0.0,1.0,0.0,0.0,1.0,0.0
-0.3155332765128754,0.3303279592945888,-0.7042336356026496,-0.39138113233962235,2.6726124191242437,-0.5319381536954396,0.6305142037423428,-0.34980404399936865,0.09228391272760475,0.4792703472497234,1.3984117975602022,-0.38066618340099356,-0.5918224455920872,-0.6092076990801714,-0.6421755060191673,1.1816921749746827,-0.32914029430219166,0.9344728121351193,1.1983694668949685,-0.5027397465361703,-0.3871122676704779,-0.7071067811865475,-0.4349882022109401,0.3272708916407348,0.4289245401321734,0.23272550888006965,0.79912683354932,0.0,0.0,0.0,0.0,0.0,0.0,1.0,0.0,0.0,0.0,1.0
1.2809865987475386,1.094901083343494,0.8253873686358284,-0.39138113233962235,-0.3741657386773941,-0.5319381536954396,-1.5860070939950561,-0.34980404399936865,-0.49450941282322075,0.4792703472497234,-0.7150969419341943,-0.38066618340099356,-0.5918224455920872,1.6414763002993509,1.557206699145191,-0.8462440736915471,-0.32914029430219166,-1.0701220913160239,-1.162862223431414,-0.5027397465361703,-0.3871122676704779,-0.7071067811865475,-0.23427549441863144,0.1474235661173935,0.4289245401321734,0.23272550888006965,0.79912683354932,0.0,0.0,0.0,0.0,0.0,0.0,1.0,0.0,1.0,0.0,0.0
0.038923955653356976,-1.709319203296983,0.7022900112120206,-0.39138113233962235,-0.3741657386773941,-0.5319381536954396,0.6305142037423428,-0.34980404399936865,-0.10331386245600391,-0.9860849673298904,1.3984117975602022,2.626973562678144,1.689695967849872,-0.6092076990801714,-0.6421755060191673,1.1816921749746827,-0.32914029430219166,-1.0701220913160239,0.5237318410874306,-0.5027397465361703,-0.3871122676704779,1.4142135623730951,0.8857014150624507,-1.2110804351907678,-2.3314124197506847,0.23272550888006965,-1.2513658133071346,0.0,0.0,0.0,0.0,0.0,0.0,1.0,0.0,0.0,1.0,0.0
-0.5543646555807372,-1.3526021264559305,0.1338545536650884,-0.39138113233962235,-0.3741657386773941,1.879917793173656,0.6305142037423428,-0.34980404399936865,-1.1791016259658502,-0.9860849673298904,-0.7150969419341943,-0.38066618340099356,-0.5918224455920872,1.6414763002993509,-0.6421755060191673,-0.8462440736915471,-0.32914029430219166,-1.0701220913160239,-1.162862223431414,-0.5027397465361703,-0.3871122676704779,1.4142135623730951,-0.3667458815615552,-1.0600827633442784,0.4289245401321734,0.23272550888006965,0.79912683354932,0.0,0.0,0.0,0.0,0.0,0.0,1.0,0.0,1.0,0.0,0.0
0.8989024642069452,0.8648733525761148,0.45931206229075416,-0.39138113233962235,-0.3741657386773941,-0.5319381536954396,0.6305142037423428,-0.34980404399936865,-0.2011127500478078,0.4792703472497234,1.3984117975602022,-0.38066618340099356,-0.5918224455920872,-0.6092076990801714,-0.6421755060191673,-0.8462440736915471,-0.32914029430219166,-1.0701220913160239,-1.162862223431414,-0.5027397465361703,-0.3871122676704779,-0.7071067811865475,-0.10983361558740003,0.10814557305260009,0.4289245401321734,0.23272550888006965,0.79912683354932,0.0,0.0,0.0,0.0,0.0,0.0,1.0,0.0,0.0,1.0,0.0
-0.5793095856206154,0.3895910647359522,0.10995457909588247,-0.39138113233962235,-0.3741657386773941,-0.5319381536954396,0.6305142037423428,-0.34980404399936865,-0.10331386245600391,-0.9860849673298904,1.3984117975602022,2.626973562678144,1.689695967849872,-0.6092076990801714,-0.6421755060191673,-0.8462440736915471,-0.32914029430219166,-1.0701220913160239,-1.162862223431414,-0.5027397465361703,-0.3871122676704779,1.4142135623730951,-0.5152732853278635,0.7631058615656034,-2.3314124197506847,0.23272550888006965,0.79912683354932,0.0,0.0,0.0,0.0,0.0,0.0,1.0,0.0,0.0,0.0,1.0
-1.5466857716767046,-0.21749577864254407,-0.8168977395369936,-0.39138113233962235,-0.3741657386773941,-0.5319381536954396,-1.5860070939950561,-0.34980404399936865,-0.005514974864199148,-0.9860849673298904,1.3984117975602022,-0.38066618340099356,1.689695967849872,1.6414763002993509,1.557206699145191,-0.8462440736915471,-0.32914029430219166,0.9344728121351193,-0.48822459762387616,-0.5027397465361703,-0.3871122676704779,1.4142135623730951,0.2113067168802938,0.5702108152050768,-2.3314124197506847,0.23272550888006965,-1.2513658133071346,0.0,0.0,0.0,0.0,0.0,0.0,1.0,0.0,0.0,1.0,0.0
-1.2641978296508027,-0.28024793617759713,-0.5462433572744188,-0.39138113233962235,-0.3741657386773941,-0.5319381536954396,0.6305142037423428,-0.34980404399936865,-0.49450941282322075,-0.9860849673298904,1.3984117975602022,-0.38066618340099356,1.689695967849872,-0.6092076990801714,1.557206699145191,-0.8462440736915471,-0.32914029430219166,-1.0701220913160239,-1.162862223431414,-0.5027397465361703,-0.3871122676704779,1.4142135623730951,-0.24631825688616985,0.15084213422181245,0.4289245401321734,0.23272550888006965,0.79912683354932,0.0,0.0,0.0,0.0,0.0,0.0,1.0,0.0,0.0,0.0,1.0
-0.8758419419761203,-1.1418045627394644,-0.1741558900260383,-0.39138113233962235,-0.3741657386773941,-0.5319381536954396,-1.5860070939950561,-0.34980404399936865,0.5812783506866259,-0.9860849673298904,1.3984117975602022,-0.38066618340099356,1.689695967849872,1.6414763002993509,-0.6421755060191673,-0.8462440736915471,-0.32914029430219166,0.9344728121351193,-0.48822459762387616,-0.5027397465361703,-0.3871122676704779,1.4142135623730951,0.4561762203869104,-0.9048000784350204,0.4289245401321734,0.23272550888006965,-1.2513658133071346,0.0,0.0,0.0,0.0,0.0,0.0,1.0,0.0,0.0,1.0,0.0
0.8014735146456682,0.6935552186810388,1.4328959916072437,-0.39138113233962235,2.6726124191242437,1.879917793173656,0.6305142037423428,-0.34980404399936865,-0.3967105252314164,-0.9860849673298904,1.3984117975602022,-0.38066618340099356,-0.5918224455920872,-0.6092076990801714,-0.6421755060191673,1.1816921749746827,-0.32914029430219166,-1.0701220913160239,0.5237318410874306,-0.5027397465361703,-0.3871122676704779,1.4142135623730951,-0.1820901903926313,-0.07640070027831364,-2.3314124197506847,0.23272550888006965,0.79912683354932,0.0,0.0,0.0,0.0,0.0,0.0,1.0,0.0,1.0,0.0,0.0
0.5793180345549437,-0.13378872351563809,0.15311844206124195,-0.39138113233962235,2.6726124191242437,1.879917793173656,0.6305142037423428,-0.34980404399936865,0.38568057550301726,0.4792703472497234,-0.7150969419341943,-0.38066618340099356,-0.5918224455920872,1.6414763002993509,-0.6421755060191673,1.1816921749746827,-0.32914029430219166,0.9344728121351193,1.1983694668949685,-0.5027397465361703,-0.3871122676704779,-0.7071067811865475,-0.5875298601330947,-0.7792259879401053,0.4289245401321734,0.23272550888006965,0.79912683354932,0.0,0.0,0.0,0.0,0.0,0.0,1.0,0.0,0.0,0.0,1.0
1.4958484092676383,-0.6975843242735105,1.0312470500170534,-0.39138113233962235,2.6726124191242437,-0.5319381536954396,-1.5860070939950561,-0.34980404399936865,1.2658705638292558,0.4792703472497234,-0.7150969419341943,2.626973562678144,-0.5918224455920872,-0.6092076990801714,-0.6421755060191673,1.1816921749746827,-0.32914029430219166,-1.0701220913160239,0.5237318410874306,-0.5027397465361703,-0.3871122676704779,-0.7071067811865475,-0.12589063221078467,-1.1735269236455603,0.4289245401321734,0.23272550888006965,0.79912683354932,0.0,0.0,0.0,0.0,0.0,0.0,1.0,0.0,0.0,0.0,1.0
0.5740567266397475,1.1761171018983978,1.215005805454669,-0.39138113233962235,2.6726124191242437,1.879917793173656,0.6305142037423428,-0.34980404399936865,-0.10331386245600391,-0.9860849673298904,-0.7150969419341943,-0.38066618340099356,1.689695967849872,1.6414763002993509,1.557206699145191,1.1816921749746827,-0.32914029430219166,-1.0701220913160239,0.5237318410874306,1.9891007362952828,-0.3871122676704779,-0.7071067811865475,0.05876505895813906,1.194990945581783,0.4289245401321734,0.23272550888006965,-1.2513658133071346,0.0,0.0,0.0,0.0,0.0,0.0,1.0,0.0,1.0,0.0,0.0
-0.60491948664712,0.2036401626995822,-0.9814910895715536,-0.39138113233962235,2.6726124191242437,-0.5319381536954396,0.6305142037423428,-0.34980404399936865,0.48347946309482204,0.4792703472497234,-0.7150969419341943,-0.38066618340099356,1.689695967849872,-0.6092076990801714,-0.6421755060191673,1.1816921749746827,-0.32914029430219166,0.9344728121351193,1.1983694668949685,-0.5027397465361703,-0.3871122676704779,-0.7071067811865475,-0.39885991480832456,0.3855645315132011,0.4289245401321734,0.23272550888006965,0.79912683354932,0.0,0.0,0.0,0.0,0.0,0.0,1.0,0.0,0.0,1.0,0.0
-0.3798756493635355,-2.1639155393862683,0.30103412901488186,-0.39138113233962235,-0.3741657386773941,-0.5319381536954396,0.6305142037423428,-0.34980404399936865,-0.49450941282322075,-0.9860849673298904,-0.7150969419341943,2.626973562678144,1.689695967849872,-0.6092076990801714,-0.6421755060191673,1.1816921749746827,-0.32914029430219166,0.9344728121351193,1.1983694668949685,1.9891007362952828,-0.3871122676704779,-0.7071067811865475,0.19524970025690916,-1.2406291552304807,0.4289245401321734,0.23272550888006965,-1.2513658133071346,0.0,0.0,0.0,0.0,0.0,0.0,1.0,0.0,0.0,1.0,0.0
-1.2026761916613669,-0.02638541520583222,-0.4872988911623544,-0.39138113233962235,-0.3741657386773941,-0.5319381536954396,0.6305142037423428,-0.34980404399936865,-0.3967105252314164,-0.9860849673298904,-0.7150969419341943,-0.38066618340099356,-0.5918224455920872,-0.6092076990801714,1.557206699145191,1.1816921749746827,-0.32914029430219166,-1.0701220913160239,0.5237318410874306,-0.5027397465361703,-0.3871122676704779,-0.7071067811865475,0.5605468284389107,0.5811836819981293,0.4289245401321734,0.23272550888006965,-1.2513658133071346,0.0,0.0,0.0,0.0,0.0,0.0,1.0,0.0,0.0,1.0,0.0
0.12557178232595667,0.8673345268580044,-0.9057138927030679,-0.39138113233962235,2.6726124191242437,1.879917793173656,-1.5860070939950561,-0.34980404399936865,-0.29891163763961254,1.9446256618293372,1.3984117975602022,2.626973562678144,1.689695967849872,1.6414763002993509,-0.6421755060191673,1.1816921749746827,3.038218101251,0.9344728121351193,2.2103259056062754,1.9891007362952828,-0.3871122676704779,-0.7071067811865475,-0.11384786974324626,1.0094502524014042,-2.3314124197506847,-4.2969075663954355,0.79912683354932,0.0,0.0,0.0,0.0,0.0,0.0,1.0,0.0,1.0,0.0,0.0
-1.7999427033892765,-1.1841476517534075,-1.0595456129817873,-0.39138113233962235,2.6726124191242437,1.879917793173656,0.6305142037423428,-0.34980404399936865,0.6790772382784298,-0.9860849673298904,1.3984117975602022,2.626973562678144,-0.5918224455920872,1.6414763002993509,1.557206699145191,1.1816921749746827,-0.32914029430219166,0.9344728121351193,1.1983694668949685,1.9891007362952828,-0.3871122676704779,-0.7071067811865475,0.04270804233475443,-0.6039800138814821,-2.3314124197506847,0.23272550888006965,-1.2513658133071346,0.0,0.0,0.0,0.0,0.0,0.0,1.0,0.0,0.0,0.0,1.0
-0.03247277736320989,-0.3094216541219936,0.6338841226930938,-0.39138113233962235,-0.3741657386773941,-0.5319381536954396,0.6305142037423428,-0.34980404399936865,0.09228391272760475,-0.9860849673298904,-0.7150969419341943,-0.38066618340099356,1.689695967849872,-0.6092076990801714,-0.6421755060191673,1.1816921749746827,-0.32914029430219166,-1.0701220913160239,0.5237318410874306,-0.5027397465361703,2.5832299400318433,1.4142135623730951,-0.30653206922386256,-0.6696886249704553,0.4289245401321734,0.23272550888006965,0.79912683354932,0.0,0.0,0.0,0.0,0.0,0.0,1.0,0.0,0.0,0.0,1.0
0.9290472506928089,1.136447440623956,1.5551256006841567,-0.39138113233962235,-0.3741657386773941,1.879917793173656,0.6305142037423428,-0.34980404399936865,-1.5702971763330675,-0.9860849673298904,-0.7150969419341943,2.626973562678144,-0.5918224455920872,1.6414763002993509,-0.6421755060191673,-0.8462440736915471,-0.32914029430219166,-1.0701220913160239,-1.162862223431414,1.9891007362952828,-0.3871122676704779,-0.7071067811865475,0.08686483804906238,0.6020167908967899,0.4289245401321734,0.23272550888006965,-1.2513658133071346,0.0,0.0,0.0,0.0,0.0,0.0,1.0,0.0,1.0,0.0,0.0
0.01952379870432501,-0.7381997941603132,-0.3832182039187897,-0.39138113233962235,2.6726124191242437,1.879917793173656,0.6305142037423428,2.858743394063806,0.09228391272760475,0.4792703472497234,1.3984117975602022,-0.38066618340099356,1.689695967849872,-0.6092076990801714,1.557206699145191,-0.8462440736915471,-0.32914029430219166,-1.0701220913160239,-1.162862223431414,-0.5027397465361703,-0.3871122676704779,1.4142135623730951,-0.2985035609121703,-0.9433024392449189,0.4289245401321734,0.23272550888006965,0.79912683354932,0.0,0.0,0.0,0.0,0.0,0.0,1.0,0.0,1.0,0.0,0.0
0.43130907194232204,1.2898934448689405,0.011311391914730453,-0.39138113233962235,-0.3741657386773941,-0.5319381536954396,-1.5860070939950561,-0.34980404399936865,0.38568057550301726,0.4792703472497234,-0.7150969419341943,-0.38066618340099356,-0.5918224455920872,-0.6092076990801714,-0.6421755060191673,1.1816921749746827,-0.32914029430219166,-1.0701220913160239,0.5237318410874306,-0.5027397465361703,-0.3871122676704779,-0.7071067811865475,0.4441334579193717,1.8176768862492605,0.4289245401321734,0.23272550888006965,-1.2513658133071346,0.0,0.0,0.0,0.0,0.0,0.0,1.0,0.0,1.0,0.0,0.0
0.7104928488217901,-0.4974086641506312,0.27879686171433316,-0.39138113233962235,-0.3741657386773941,-0.5319381536954396,0.6305142037423428,-0.34980404399936865,-1.3746994011494589,0.4792703472497234,1.3984117975602022,-0.38066618340099356,-0.5918224455920872,-0.6092076990801714,1.557206699145191,1.1816921749746827,-0.32914029430219166,-1.0701220913160239,0.5237318410874306,-0.5027397465361703,-0.3871122676704779,-0.7071067811865475,0.22736373350367844,-0.9994387863043573,0.4289245401321734,0.23272550888006965,-1.2513658133071346,0.0,0.0,0.0,0.0,0.0,0.0,1.0,0.0,1.0,0.0,0.0
-0.6997488461605518,-0.42486428351669514,-1.0723457042292008,-0.39138113233962235,-0.3741657386773941,-0.5319381536954396,0.6305142037423428,2.858743394063806,-0.29891163763961254,0.4792703472497234,-0.7150969419341943,-0.38066618340099356,1.689695967849872,-0.6092076990801714,-0.6421755060191673,-0.8462440736915471,-0.32914029430219166,-1.0701220913160239,-1.162862223431414,1.9891007362952828,-0.3871122676704779,-0.7071067811865475,-0.4751307437694018,-0.45120453226427143,0.4289245401321734,0.23272550888006965,0.79912683354932,0.0,0.0,0.0,0.0,0.0,0.0,1.0,0.0,0.0,0.0,1.0
0.9380668683552863,0.6635786827934469,0.4968354934982363,-0.39138113233962235,-0.3741657386773941,-0.5319381536954396,0.6305142037423428,-0.34980404399936865,-0.983503850782242,0.4792703472497234,-0.7150969419341943,-0.38066618340099356,-0.5918224455920872,-0.6092076990801714,-0.6421755060191673,-0.8462440736915471,-0.32914029430219166,-1.0701220913160239,-1.162862223431414,-0.5027397465361703,-0.3871122676704779,1.4142135623730951,-0.5514015727304791,-0.21860974621410206,0.4289245401321734,0.23272550888006965,0.79912683354932,0.0,0.0,0.0,0.0,0.0,0.0,1.0,0.0,1.0,0.0,0.0
1.6396113861138637,1.0888318334374583,2.2359238526417298,-0.39138113233962235,-0.3741657386773941,-0.5319381536954396,0.6305142037423428,-0.34980404399936865,1.3636694514210597,-0.9860849673298904,-0.7150969419341943,-0.38066618340099356,-0.5918224455920872,1.6414763002993509,-0.6421755060191673,1.1816921749746827,3.038218101251,0.9344728121351193,2.2103259056062754,-0.5027397465361703,-0.3871122676704779,-0.7071067811865475,-0.2985035609121703,-0.1582085914547087,0.4289245401321734,-4.2969075663954355,0.79912683354932,0.0,0.0,0.0,0.0,0.0,0.0,1.0,0.0,0.0,0.0,1.0
0.25288281192980794,0.6355071575341362,-0.7837396367947591,-0.39138113233962235,2.6726124191242437,-0.5319381536954396,0.6305142037423428,2.858743394063806,-1.5702971763330675,1.9446256618293372,1.3984117975602022,-0.38066618340099356,1.689695967849872,-0.6092076990801714,1.557206699145191,-0.8462440736915471,-0.32914029430219166,-1.0701220913160239,-1.162862223431414,-0.5027397465361703,-0.3871122676704779,-0.7071067811865475,-0.4510452188343247,0.3227090119767657,0.4289245401321734,0.23272550888006965,0.79912683354932,0.0,0.0,0.0,0.0,0.0,0.0,1.0,0.0,0.0,1.0,0.0
0.4275602944756236,0.7959949438020344,1.0746461813705495,-0.39138113233962235,-0.3741657386773941,1.879917793173656,-1.5860070939950561,-0.34980404399936865,0.6790772382784298,-0.9860849673298904,-0.7150969419341943,-0.38066618340099356,-0.5918224455920872,-0.6092076990801714,-0.6421755060191673,-0.8462440736915471,-0.32914029430219166,0.9344728121351193,-0.48822459762387616,-0.5027397465361703,-0.3871122676704779,-0.7071067811865475,-1.2779815749386363,0.45371555601246555,0.4289245401321734,0.23272550888006965,0.79912683354932,0.0,0.0,0.0,0.0,0.0,0.0,1.0,0.0,1.0,0.0,0.0
-0.05195058968806664,-0.7340761798395466,0.6152222455708233,-0.39138113233962235,-0.3741657386773941,-0.5319381536954396,0.6305142037423428,-0.34980404399936865,-0.690107188006829,-0.9860849673298904,-0.7150969419341943,2.626973562678144,1.689695967849872,-0.6092076990801714,-0.6421755060191673,-0.8462440736915471,-0.32914029430219166,0.9344728121351193,-0.48822459762387616,-0.5027397465361703,-0.3871122676704779,-0.7071067811865475,-0.11384786974324626,-0.9233382049327601,0.4289245401321734,0.23272550888006965,0.79912683354932,0.0,0.0,0.0,0.0,0.0,0.0,1.0,0.0,0.0,0.0,1.0
1.0037107138344323,0.7075441132521985,0.5597289071459381,-0.39138113233962235,-0.3741657386773941,1.879917793173656,0.6305142037423428,-0.34980404399936865,-0.2011127500478078,0.4792703472497234,-0.7150969419341943,-0.38066618340099356,-0.5918224455920872,-0.6092076990801714,-0.6421755060191673,-0.8462440736915471,-0.32914029430219166,-1.0701220913160239,-1.162862223431414,-0.5027397465361703,-0.3871122676704779,-0.7071067811865475,-0.4390024563667863,-0.20767197449824318,0.4289245401321734,0.23272550888006965,0.79912683354932,0.0,0.0,0.0,0.0,0.0,0.0,1.0,0.0,1.0,0.0,0.0
-0.136333551778572,-1.0790158210218772,0.5343741275439027,-0.39138113233962235,-0.3741657386773941,-0.5319381536954396,-1.5860070939950561,-0.34980404399936865,-1.1791016259658502,-0.9860849673298904,1.3984117975602022,-0.38066618340099356,-0.5918224455920872,1.6414763002993509,-0.6421755060191673,-0.8462440736915471,3.038218101251,0.9344728121351193,0.5237318410874306,-0.5027397465361703,-0.3871122676704779,-0.7071067811865475,0.2795490375296786,-1.0444155813153317,0.4289245401321734,0.23272550888006965,-1.2513658133071346,0.0,0.0,0.0,0.0,0.0,0.0,1.0,0.0,0.0,0.0,1.0
0.7106249365969157,-1.293773528359802,1.34585310547597,-0.39138113233962235,-0.3741657386773941,1.879917793173656,-1.5860070939950561,-0.34980404399936865,-1.0813027383740463,-0.9860849673298904,-0.7150969419341943,-0.38066618340099356,-0.5918224455920872,-0.6092076990801714,1.557206699145191,-0.8462440736915471,-0.32914029430219166,-1.0701220913160239,-1.162862223431414,-0.5027397465361703,-0.3871122676704779,-0.7071067811865475,-0.23828974857447766,-1.2031408977688482,0.4289245401321734,0.23272550888006965,0.79912683354932,0.0,0.0,0.0,0.0,0.0,0.0,1.0,0.0,1.0,0.0,0.0
-3.03972468660269,-2.3126991960744574,-2.247392515049307,-0.39138113233962235,-0.3741657386773941,-0.5319381536954396,0.6305142037423428,-0.34980404399936865,-0.2011127500478078,-0.9860849673298904,-0.7150969419341943,2.626973562678144,1.689695967849872,-0.6092076990801714,-0.6421755060191673,1.1816921749746827,-0.32914029430219166,-1.0701220913160239,0.5237318410874306,1.9891007362952828,-0.3871122676704779,-0.7071067811865475,-0.4510452188343247,-0.9053743496594695,0.4289245401321734,0.23272550888006965,0.79912683354932,0.0,0.0,0.0,0.0,0.0,0.0,1.0,0.0,0.0,1.0,0.0
1.128964477443739,0.8994317802079052,1.7466681958189214,-0.39138113233962235,-0.3741657386773941,-0.5319381536954396,0.6305142037423428,-0.34980404399936865,-1.2769005135576545,-0.9860849673298904,1.3984117975602022,-0.38066618340099356,-0.5918224455920872,-0.6092076990801714,-0.6421755060191673,1.1816921749746827,-0.32914029430219166,-1.0701220913160239,0.5237318410874306,-0.5027397465361703,-0.3871122676704779,-0.7071067811865475,0.46019047454275636,-0.03406479720683609,0.4289245401321734,0.23272550888006965,-1.2513658133071346,0.0,0.0,0.0,0.0,0.0,0.0,1.0,0.0,1.0,0.0,0.0
0.9811317499179754,-0.33239751463020806,0.5380959835763768,-0.39138113233962235,-0.3741657386773941,-0.5319381536954396,0.6305142037423428,-0.34980404399936865,0.38568057550301726,0.4792703472497234,1.3984117975602022,-0.38066618340099356,-0.5918224455920872,-0.6092076990801714,1.557206699145191,1.1816921749746827,-0.32914029430219166,0.9344728121351193,1.1983694668949685,-0.5027397465361703,-0.3871122676704779,-0.7071067811865475,0.29560605415306346,-0.992098637341501,-2.3314124197506847,0.23272550888006965,-1.2513658133071346,0.0,0.0,0.0,0.0,0.0,0.0,1.0,0.0,1.0,0.0,0.0
1.4019927091769187,1.7462923855780104,0.31721085396652376,-0.39138113233962235,-0.3741657386773941,-0.5319381536954396,0.6305142037423428,-0.34980404399936865,-0.49450941282322075,1.9446256618293372,-0.7150969419341943,2.626973562678144,-0.5918224455920872,1.6414763002993509,-0.6421755060191673,1.1816921749746827,-0.32914029430219166,-1.0701220913160239,0.5237318410874306,1.9891007362952828,-0.3871122676704779,-0.7071067811865475,0.6207606407766032,1.5773239975920383,0.4289245401321734,0.23272550888006965,-1.2513658133071346,0.0,0.0,0.0,0.0,0.0,0.0,1.0,0.0,0.0,0.0,1.0
-0.379396389500114,-0.5978783331090053,-0.7654202122568389,-0.39138113233962235,-0.3741657386773941,-0.5319381536954396,0.6305142037423428,-0.34980404399936865,-1.0813027383740463,0.4792703472497234,-0.7150969419341943,-0.38066618340099356,-0.5918224455920872,-0.6092076990801714,-0.6421755060191673,-0.8462440736915471,-0.32914029430219166,-1.0701220913160239,-1.162862223431414,1.9891007362952828,-0.3871122676704779,-0.7071067811865475,-0.5875298601330947,-0.7429474361441265,0.4289245401321734,0.23272550888006965,0.79912683354932,0.0,0.0,0.0,0.0,0.0,0.0,1.0,0.0,1.0,0.0,0.0
1.565693465541535,0.18901291262397518,1.0981658277827162,-0.39138113233962235,-0.3741657386773941,-0.5319381536954396,0.6305142037423428,-0.34980404399936865,-0.2011127500478078,0.4792703472497234,1.3984117975602022,2.626973562678144,1.689695967849872,-0.6092076990801714,1.557206699145191,-0.8462440736915471,-0.32914029430219166,-1.0701220913160239,-1.162862223431414,-0.5027397465361703,2.5832299400318433,1.4142135623730951,-1.245867541691867,-0.8997891041215081,-2.3314124197506847,0.23272550888006965,0.79912683354932,0.0,0.0,0.0,0.0,0.0,0.0,1.0,0.0,1.0,0.0,0.0
-0.532938538005166,0.10303233241747692,0.15438312056643183,-0.39138113233962235,-0.3741657386773941,-0.5319381536954396,0.6305142037423428,-0.34980404399936865,-0.690107188006829,-0.9860849673298904,1.3984117975602022,-0.38066618340099356,-0.5918224455920872,-0.6092076990801714,-0.6421755060191673,1.1816921749746827,-0.32914029430219166,-1.0701220913160239,0.5237318410874306,-0.5027397465361703,-0.3871122676704779,-0.7071067811865475,0.8295018568806043,0.12979060379901644,0.4289245401321734,0.23272550888006965,-1.2513658133071346,0.0,0.0,0.0,0.0,0.0,0.0,1.0,0.0,1.0,0.0,0.0
-0.7266632927692278,0.78605091219775,-1.0981320146102131,-0.39138113233962235,-0.3741657386773941,-0.5319381536954396,0.6305142037423428,2.858743394063806,-0.2011127500478078,0.4792703472497234,1.3984117975602022,-0.38066618340099356,-0.5918224455920872,-0.6092076990801714,-0.6421755060191673,-0.8462440736915471,-0.32914029430219166,0.9344728121351193,-0.48822459762387616,-0.5027397465361703,2.5832299400318433,1.4142135623730951,-0.5192875394837098,2.2963775740649432,0.4289245401321734,0.23272550888006965,0.79912683354932,0.0,0.0,0.0,0.0,0.0,0.0,1.0,0.0,0.0,0.0,1.0
0.2512748207157147,0.8590849527162018,-0.16117878596978738,-0.39138113233962235,2.6726124191242437,-0.5319381536954396,0.6305142037423428,-0.34980404399936865,0.48347946309482204,0.4792703472497234,-0.7150969419341943,-0.38066618340099356,-0.5918224455920872,-0.6092076990801714,1.557206699145191,1.1816921749746827,-0.32914029430219166,-1.0701220913160239,0.5237318410874306,-0.5027397465361703,-0.3871122676704779,-0.7071067811865475,0.046722296490600654,0.8122002564596824,0.4289245401321734,0.23272550888006965,-1.2513658133071346,0.0,0.0,0.0,0.0,0.0,0.0,1.0,0.0,1.0,0.0,0.0
-0.07833334995149976,0.1970126003048788,-0.4769744603222345,-0.39138113233962235,-0.3741657386773941,-0.5319381536954396,0.6305142037423428,-0.34980404399936865,-0.49450941282322075,0.4792703472497234,1.3984117975602022,2.626973562678144,1.689695967849872,-0.6092076990801714,1.557206699145191,1.1816921749746827,-0.32914029430219166,0.9344728121351193,1.1983694668949685,-0.5027397465361703,-0.3871122676704779,-0.7071067811865475,0.4280764412959871,-0.10581747974293432,-2.3314124197506847,0.23272550888006965,-1.2513658133071346,0.0,0.0,0.0,0.0,0.0,0.0,1.0,0.0,0.0,1.0,0.0
-0.8632643951608348,-0.26270786906817256,-0.16210522287452642,-0.39138113233962235,-0.3741657386773941,-0.5319381536954396,0.6305142037423428,-0.34980404399936865,-0.690107188006829,-0.9860849673298904,1.3984117975602022,-0.38066618340099356,-0.5918224455920872,1.6414763002993509,1.557206699145191,1.1816921749746827,3.038218101251,-1.0701220913160239,1.5356882797987377,-0.5027397465361703,-0.3871122676704779,-0.7071067811865475,0.32772008739983277,-0.1545220565162154,0.4289245401321734,-4.2969075663954355,-1.2513658133071346,0.0,0.0,0.0,0.0,0.0,0.0,1.0,0.0,1.0,0.0,0.0
1.171851992879949,1.0030413632240003,0.09671418161517216,-0.39138113233962235,2.6726124191242437,-0.5319381536954396,0.6305142037423428,-0.34980404399936865,-0.2011127500478078,1.9446256618293372,1.3984117975602022,-0.38066618340099356,1.689695967849872,-0.6092076990801714,1.557206699145191,1.1816921749746827,-0.32914029430219166,-1.0701220913160239,0.5237318410874306,-0.5027397465361703,-0.3871122676704779,-0.7071067811865475,0.2634920209062939,0.09237715259116572,-2.3314124197506847,0.23272550888006965,-1.2513658133071346,0.0,0.0,0.0,0.0,0.0,0.0,1.0,0.0,0.0,0.0,1.0
-0.563189716764723,1.0734117609958949,-0.9415103686297548,-0.39138113233962235,-0.3741657386773941,-0.5319381536954396,0.6305142037423428,-0.34980404399936865,-0.49450941282322075,0.4792703472497234,1.3984117975602022,-0.38066618340099356,-0.5918224455920872,-0.6092076990801714,1.557206699145191,1.1816921749746827,-0.32914029430219166,-1.0701220913160239,0.5237318410874306,-0.5027397465361703,-0.3871122676704779,-0.7071067811865475,0.5806180992181416,3.2310021495407386,-2.3314124197506847,0.23272550888006965,-1.2513658133071346,0.0,0.0,0.0,0.0,0.0,0.0,1.0,0.0,0.0,1.0,0.0
1.3789987499425709,-0.20436084362608806,0.919293051317063,-0.39138113233962235,-0.3741657386773941,1.879917793173656,0.6305142037423428,-0.34980404399936865,-0.5923083004150251,0.4792703472497234,1.3984117975602022,2.626973562678144,-0.5918224455920872,1.6414763002993509,1.557206699145191,1.1816921749746827,-0.32914029430219166,0.9344728121351193,1.1983694668949685,1.9891007362952828,-0.3871122676704779,1.4142135623730951,-0.8645133968864805,-1.0252092185425454,-2.3314124197506847,0.23272550888006965,0.79912683354932,0.0,0.0,0.0,0.0,0.0,0.0,1.0,0.0,1.0,0.0,0.0
0.5238160620290906,1.7271877518620435,1.1668697471608545,-0.39138113233962235,-0.3741657386773941,-0.5319381536954396,0.6305142037423428,-0.34980404399936865,-1.1791016259658502,-0.9860849673298904,1.3984117975602022,-0.38066618340099356,-0.5918224455920872,-0.6092076990801714,-0.6421755060191673,-0.8462440736915471,-0.32914029430219166,0.9344728121351193,-0.48822459762387616,-0.5027397465361703,-0.3871122676704779,-0.7071067811865475,0.24342075012706307,3.5890903361993103,0.4289245401321734,0.23272550888006965,-1.2513658133071346,0.0,0.0,0.0,0.0,0.0,0.0,1.0,0.0,0.0,1.0,0.0
-0.00680811375866086,0.293382175281837,-1.0325442126781723,-0.39138113233962235,-0.3741657386773941,-0.5319381536954396,0.6305142037423428,-0.34980404399936865,-0.8857049631904377,1.9446256618293372,1.3984117975602022,-0.38066618340099356,1.689695967849872,-0.6092076990801714,-0.6421755060191673,-0.8462440736915471,-0.32914029430219166,-1.0701220913160239,-1.162862223431414,-0.5027397465361703,-0.3871122676704779,-0.7071067811865475,1.1586706976599905,-0.021237115606122167,0.4289245401321734,0.23272550888006965,-1.2513658133071346,0.0,0.0,0.0,0.0,0.0,0.0,1.0,0.0,0.0,1.0,0.0
0.3018968904518036,-0.6706451659716931,0.9542468795626132,-0.39138113233962235,-0.3741657386773941,-0.5319381536954396,-1.5860070939950561,-0.34980404399936865,-0.690107188006829,-0.9860849673298904,1.3984117975602022,2.626973562678144,1.689695967849872,1.6414763002993509,1.557206699145191,1.1816921749746827,-0.32914029430219166,-1.0701220913160239,0.5237318410874306,-0.5027397465361703,2.5832299400318433,1.4142135623730951,0.07482207558152398,-0.9802434012117857,-2.3314124197506847,0.23272550888006965,-1.2513658133071346,0.0,0.0,0.0,0.0,0.0,0.0,1.0,0.0,0.0,1.0,0.0
1.503925175217629,0.13374946437297588,1.0389854250240682,2.5550541847077235,-0.3741657386773941,-0.5319381536954396,0.6305142037423428,-0.34980404399936865,-0.8857049631904377,0.4792703472497234,-0.7150969419341943,2.626973562678144,1.689695967849872,1.6414763002993509,1.557206699145191,1.1816921749746827,-0.32914029430219166,-1.0701220913160239,0.5237318410874306,-0.5027397465361703,-0.3871122676704779,-0.7071067811865475,0.40399091636091,-0.9106857189954023,0.4289245401321734,0.23272550888006965,-1.2513658133071346,0.0,0.0,0.0,0.0,0.0,0.0,1.0,0.0,1.0,0.0,0.0
-0.8388535690242303,-1.8512668773132177,-0.13871697833162833,-0.39138113233962235,-0.3741657386773941,-0.5319381536954396,-1.5860070939950561,-0.34980404399936865,-0.49450941282322075,-0.9860849673298904,-0.7150969419341943,-0.38066618340099356,-0.5918224455920872,-0.6092076990801714,-0.6421755060191673,1.1816921749746827,-0.32914029430219166,-1.0701220913160239,0.5237318410874306,-0.5027397465361703,-0.3871122676704779,-0.7071067811865475,-0.294489306756324,-1.151444963753589,0.4289245401321734,0.23272550888006965,0.79912683354932,0.0,0.0,0.0,0.0,0.0,0.0,1.0,0.0,0.0,1.0,0.0
0.1689045510764482,-0.8505739010299365,-0.24009735832699455,-0.39138113233962235,-0.3741657386773941,-0.5319381536954396,-1.5860070939950561,-0.34980404399936865,-0.2011127500478078,0.4792703472497234,1.3984117975602022,-0.38066618340099356,1.689695967849872,-0.6092076990801714,-0.6421755060191673,1.1816921749746827,3.038218101251,0.9344728121351193,2.2103259056062754,-0.5027397465361703,-0.3871122676704779,-0.7071067811865475,-0.26237527350955475,-1.0221506025824296,0.4289245401321734,-4.2969075663954355,0.79912683354932,0.0,0.0,0.0,0.0,0.0,0.0,1.0,0.0,0.0,1.0,0.0
-0.32822087445215203,0.4626868057994462,0.3505250598287392,-0.39138113233962235,2.6726124191242437,1.879917793173656,0.6305142037423428,-0.34980404399936865,-0.3967105252314164,-0.9860849673298904,-0.7150969419341943,-0.38066618340099356,-0.5918224455920872,-0.6092076990801714,1.557206699145191,1.1816921749746827,3.038218101251,0.9344728121351193,2.2103259056062754,1.9891007362952828,-0.3871122676704779,-0.7071067811865475,-0.08976234480816916,0.6166833373687534,0.4289245401321734,-4.2969075663954355,0.79912683354932,0.0,0.0,0.0,0.0,0.0,0.0,1.0,0.0,1.0,0.0,0.0
-0.09912192862050286,-0.1872266902883184,-0.4968918407751724,2.5550541847077235,-0.3741657386773941,-0.5319381536954396,0.6305142037423428,-0.34980404399936865,-0.49450941282322075,0.4792703472497234,1.3984117975602022,-0.38066618340099356,1.689695967849872,-0.6092076990801714,-0.6421755060191673,1.1816921749746827,-0.32914029430219166,0.9344728121351193,1.1983694668949685,1.9891007362952828,-0.3871122676704779,-0.7071067811865475,0.7050599780493729,-0.5360487737235983,-2.3314124197506847,0.23272550888006965,-1.2513658133071346,0.0,0.0,0.0,0.0,0.0,0.0,1.0,0.0,1.0,0.0,0.0
-0.7838705078060209,0.6489020792082353,-1.1529413144588154,-0.39138113233962235,-0.3741657386773941,-0.5319381536954396,0.6305142037423428,-0.34980404399936865,0.48347946309482204,0.4792703472497234,1.3984117975602022,-0.38066618340099356,-0.5918224455920872,-0.6092076990801714,-0.6421755060191673,1.1816921749746827,-0.32914029430219166,-1.0701220913160239,0.5237318410874306,-0.5027397465361703,-0.3871122676704779,-0.7071067811865475,0.16714992116598584,1.878344726441683,0.4289245401321734,0.23272550888006965,-1.2513658133071346,0.0,0.0,0.0,0.0,0.0,0.0,1.0,0.0,0.0,1.0,0.0
-1.008854980202834,-1.089322611420704,-0.30159694622099076,-0.39138113233962235,-0.3741657386773941,-0.5319381536954396,0.6305142037423428,-0.34980404399936865,-0.983503850782242,-0.9860849673298904,1.3984117975602022,-0.38066618340099356,-0.5918224455920872,-0.6092076990801714,1.557206699145191,-0.8462440736915471,-0.32914029430219166,-1.0701220913160239,-1.162862223431414,-0.5027397465361703,-0.3871122676704779,-0.7071067811865475,-0.11384786974324626,-0.837969211280584,-2.3314124197506847,0.23272550888006965,0.79912683354932,0.0,0.0,0.0,0.0,0.0,0.0,1.0,0.0,0.0,0.0,1.0
1.4123798983622853,1.041284448766861,0.9512756210292457,2.5550541847077235,-0.3741657386773941,-0.5319381536954396,0.6305142037423428,-0.34980404399936865,0.19008280031940863,0.4792703472497234,-0.7150969419341943,-0.38066618340099356,1.689695967849872,-0.6092076990801714,1.557206699145191,-0.8462440736915471,-0.32914029430219166,0.9344728121351193,-0.48822459762387616,-0.5027397465361703,-0.3871122676704779,-0.7071067811865475,-0.9247272092241732,-0.0512175970289628,0.4289245401321734,0.23272550888006965,0.79912683354932,0.0,0.0,0.0,0.0,0.0,0.0,1.0,0.0,0.0,0.0,1.0
-1.0648400630465038,-0.19032244307207472,-1.4221328488372311,-0.39138113233962235,-0.3741657386773941,-0.5319381536954396,0.6305142037423428,2.858743394063806,0.48347946309482204,0.4792703472497234,1.3984117975602022,-0.38066618340099356,-0.5918224455920872,-0.6092076990801714,1.557206699145191,-0.8462440736915471,-0.32914029430219166,-1.0701220913160239,-1.162862223431414,-0.5027397465361703,-0.3871122676704779,-0.7071067811865475,0.1872211919452167,0.12041692386795794,0.4289245401321734,0.23272550888006965,-1.2513658133071346,0.0,0.0,0.0,0.0,0.0,0.0,1.0,0.0,0.0,0.0,1.0
0.1369659610152295,-0.793205833027873,0.7962249884244943,2.5550541847077235,-0.3741657386773941,-0.5319381536954396,-1.5860070939950561,-0.34980404399936865,1.168071676237451,-0.9860849673298904,-0.7150969419341943,-0.38066618340099356,-0.5918224455920872,1.6414763002993509,-0.6421755060191673,-0.8462440736915471,-0.32914029430219166,-1.0701220913160239,-1.162862223431414,-0.5027397465361703,-0.3871122676704779,-0.7071067811865475,0.046722296490600654,-0.9937417289931907,0.4289245401321734,0.23272550888006965,-1.2513658133071346,0.0,0.0,0.0,0.0,0.0,0.0,1.0,0.0,0.0,0.0,1.0
-1.1436982726325706,-0.3580451430455035,-1.4976851195212328,-0.39138113233962235,-0.3741657386773941,-0.5319381536954396,0.6305142037423428,-0.34980404399936865,-0.5923083004150251,0.4792703472497234,1.3984117975602022,2.626973562678144,-0.5918224455920872,1.6414763002993509,1.557206699145191,1.1816921749746827,-0.32914029430219166,0.9344728121351193,1.1983694668949685,1.9891007362952828,-0.3871122676704779,1.4142135623730951,0.05876505895813906,-0.07514114339449836,-2.3314124197506847,0.23272550888006965,-1.2513658133071346,0.0,0.0,0.0,0.0,0.0,0.0,1.0,0.0,0.0,0.0,1.0
0.2982381227432264,0.609931697073948,-0.11618343838315967,-0.39138113233962235,-0.3741657386773941,-0.5319381536954396,0.6305142037423428,-0.34980404399936865,-0.8857049631904377,0.4792703472497234,1.3984117975602022,-0.38066618340099356,-0.5918224455920872,-0.6092076990801714,1.557206699145191,-0.8462440736915471,-0.32914029430219166,0.9344728121351193,-0.48822459762387616,1.9891007362952828,-0.3871122676704779,1.4142135623730951,-0.26237527350955475,0.2296225783942689,0.4289245401321734,0.23272550888006965,0.79912683354932,0.0,0.0,0.0,0.0,0.0,0.0,1.0,0.0,0.0,1.0,0.0
0.2870774170397593,0.8764798019472894,0.9400482012295546,-0.39138113233962235,-0.3741657386773941,-0.5319381536954396,0.6305142037423428,-0.34980404399936865,0.7768761258702346,-0.9860849673298904,1.3984117975602022,-0.38066618340099356,-0.5918224455920872,1.6414763002993509,-0.6421755060191673,-0.8462440736915471,-0.32914029430219166,0.9344728121351193,-0.48822459762387616,1.9891007362952828,-0.3871122676704779,1.4142135623730951,-0.11384786974324626,0.8073113805046205,0.4289245401321734,0.23272550888006965,0.79912683354932,0.0,0.0,0.0,0.0,0.0,0.0,1.0,0.0,1.0,0.0,0.0
0.8837207640313942,0.9754170388845952,0.44476647166340727,-0.39138113233962235,-0.3741657386773941,-0.5319381536954396,0.6305142037423428,-0.34980404399936865,0.48347946309482204,0.4792703472497234,-0.7150969419341943,-0.38066618340099356,-0.5918224455920872,-0.6092076990801714,1.557206699145191,1.1816921749746827,-0.32914029430219166,0.9344728121351193,1.1983694668949685,-0.5027397465361703,-0.3871122676704779,-0.7071067811865475,-0.31054632337970867,0.319968951692677,0.4289245401321734,0.23272550888006965,0.79912683354932,0.0,0.0,0.0,0.0,0.0,0.0,1.0,0.0,0.0,0.0,1.0
-0.22394463894552968,0.8745154127094574,-0.6164834390470078,-0.39138113233962235,-0.3741657386773941,-0.5319381536954396,0.6305142037423428,-0.34980404399936865,0.8746750134620385,0.4792703472497234,-0.7150969419341943,2.626973562678144,1.689695967849872,-0.6092076990801714,1.557206699145191,-0.8462440736915471,-0.32914029430219166,-1.0701220913160239,-1.162862223431414,-0.5027397465361703,-0.3871122676704779,-0.7071067811865475,0.2233494793478322,1.6043970316018705,0.4289245401321734,0.23272550888006965,-1.2513658133071346,0.0,0.0,0.0,0.0,0.0,0.0,1.0,0.0,1.0,0.0,0.0
0.2311483912124324,1.046708582898642,0.8864620699869871,-0.39138113233962235,-0.3741657386773941,-0.5319381536954396,0.6305142037423428,-0.34980404399936865,0.6790772382784298,-0.9860849673298904,-0.7150969419341943,-0.38066618340099356,-0.5918224455920872,-0.6092076990801714,1.557206699145191,-0.8462440736915471,-0.32914029430219166,-1.0701220913160239,-1.162862223431414,-0.5027397465361703,-0.3871122676704779,1.4142135623730951,0.3718768831141407,1.3640315277482946,0.4289245401321734,0.23272550888006965,-1.2513658133071346,0.0,0.0,0.0,0.0,0.0,0.0,1.0,0.0,1.0,0.0,0.0
0.10365624480035605,0.47748266663502403,-0.3026114138159544,-0.39138113233962235,-0.3741657386773941,-0.5319381536954396,0.6305142037423428,-0.34980404399936865,0.7768761258702346,0.4792703472497234,1.3984117975602022,-0.38066618340099356,-0.5918224455920872,1.6414763002993509,1.557206699145191,-0.8462440736915471,-0.32914029430219166,0.9344728121351193,-0.48822459762387616,-0.5027397465361703,-0.3871122676704779,-0.7071067811865475,-0.017505770002938164,0.1813682670836597,0.4289245401321734,0.23272550888006965,0.79912683354932,0.0,0.0,0.0,0.0,0.0,0.0,1.0,0.0,0.0,0.0,1.0
-0.48975712415853645,0.7221532159215038,-0.8711555475916769,-0.39138113233962235,-0.3741657386773941,-0.5319381536954396,0.6305142037423428,-0.34980404399936865,-0.49450941282322075,0.4792703472497234,1.3984117975602022,-0.38066618340099356,1.689695967849872,-0.6092076990801714,-0.6421755060191673,1.1816921749746827,-0.32914029430219166,-1.0701220913160239,0.5237318410874306,-0.5027397465361703,-0.3871122676704779,1.4142135623730951,-0.22624698610693897,1.5756555428195067,0.4289245401321734,0.23272550888006965,0.79912683354932,0.0,0.0,0.0,0.0,0.0,0.0,1.0,0.0,0.0,1.0,0.0
-0.5899119041134583,0.1686695788856794,-0.9671125332077333,-0.39138113233962235,-0.3741657386773941,-0.5319381536954396,0.6305142037423428,-0.34980404399936865,0.09228391272760475,0.4792703472497234,1.3984117975602022,-0.38066618340099356,1.689695967849872,-0.6092076990801714,-0.6421755060191673,-0.8462440736915471,-0.32914029430219166,-1.0701220913160239,-1.162862223431414,-0.5027397465361703,-0.3871122676704779,1.4142135623730951,0.3477913581790636,0.3021637087902022,-2.3314124197506847,0.23272550888006965,-1.2513658133071346,0.0,0.0,0.0,0.0,0.0,0.0,1.0,0.0,0.0,0.0,1.0
-0.2545829021175383,-0.27224856566089434,-1.2699309133864756,-0.39138113233962235,-0.3741657386773941,-0.5319381536954396,0.6305142037423428,-0.34980404399936865,-1.2769005135576545,1.9446256618293372,-0.7150969419341943,-0.38066618340099356,-0.5918224455920872,1.6414763002993509,-0.6421755060191673,-0.8462440736915471,-0.32914029430219166,0.9344728121351193,-0.48822459762387616,1.9891007362952828,-0.3871122676704779,1.4142135623730951,0.544489811815526,-0.5368908300491215,0.4289245401321734,0.23272550888006965,-1.2513658133071346,0.0,0.0,0.0,0.0,0.0,0.0,1.0,0.0,1.0,0.0,0.0
-0.9068240467017185,-1.8214276712372648,-0.20384013904411602,2.5550541847077235,-0.3741657386773941,-0.5319381536954396,0.6305142037423428,-0.34980404399936865,-0.49450941282322075,-0.9860849673298904,-0.7150969419341943,-0.38066618340099356,-0.5918224455920872,-0.6092076990801714,1.557206699145191,1.1816921749746827,-0.32914029430219166,-1.0701220913160239,0.5237318410874306,-0.5027397465361703,-0.3871122676704779,-0.7071067811865475,0.26750627506214014,-1.136507472939394,0.4289245401321734,0.23272550888006965,-1.2513658133071346,0.0,0.0,0.0,0.0,0.0,0.0,1.0,0.0,1.0,0.0,0.0
-0.41542024512341164,0.23202036737561607,-0.7999342665807471,-0.39138113233962235,2.6726124191242437,-0.5319381536954396,0.6305142037423428,-0.34980404399936865,0.19008280031940863,0.4792703472497234,-0.7150969419341943,2.626973562678144,1.689695967849872,-0.6092076990801714,1.557206699145191,1.1816921749746827,-0.32914029430219166,-1.0701220913160239,0.5237318410874306,1.9891007362952828,-0.3871122676704779,-0.7071067811865475,-0.2985035609121703,0.24455728328118195,0.4289245401321734,0.23272550888006965,0.79912683354932,0.0,0.0,0.0,0.0,0.0,0.0,1.0,0.0,0.0,1.0,0.0
-0.3087177317521864,-1.1962591951597188,-1.3217959271237822,-0.39138113233962235,-0.3741657386773941,-0.5319381536954396,0.6305142037423428,-0.34980404399936865,-0.005514974864199148,1.9446256618293372,1.3984117975602022,-0.38066618340099356,-0.5918224455920872,1.6414763002993509,-0.6421755060191673,1.1816921749746827,-0.32914029430219166,-1.0701220913160239,0.5237318410874306,-0.5027397465361703,-0.3871122676704779,-0.7071067811865475,0.3959624080492178,-1.0524406669824473,0.4289245401321734,0.23272550888006965,-1.2513658133071346,0.0,0.0,0.0,0.0,0.0,0.0,1.0,0.0,0.0,0.0,1.0
-1.11156367645963,-1.4050522537254841,-0.40000312433612123,-0.39138113233962235,-0.3741657386773941,-0.5319381536954396,0.6305142037423428,-0.34980404399936865,-0.5923083004150251,-0.9860849673298904,1.3984117975602022,-0.38066618340099356,1.689695967849872,1.6414763002993509,-0.6421755060191673,1.1816921749746827,-0.32914029430219166,0.9344728121351193,1.1983694668949685,-0.5027397465361703,-0.3871122676704779,1.4142135623730951,0.6769601989584499,-0.9675981210705374,-2.3314124197506847,0.23272550888006965,-1.2513658133071346,0.0,0.0,0.0,0.0,0.0,0.0,1.0,0.0,1.0,0.0,0.0
-1.1994408096097116,-3.1390426097957236,-2.175159638805932,-0.39138113233962235,-0.3741657386773941,-0.5319381536954396,0.6305142037423428,-0.34980404399936865,-0.5923083004150251,1.9446256618293372,1.3984117975602022,-0.38066618340099356,-0.5918224455920872,-0.6092076990801714,1.557206699145191,1.1816921749746827,-0.32914029430219166,-1.0701220913160239,0.5237318410874306,-0.5027397465361703,-0.3871122676704779,1.4142135623730951,0.20729246272444757,-1.2857654391340363,0.4289245401321734,0.23272550888006965,-1.2513658133071346,0.0,0.0,0.0,0.0,0.0,0.0,1.0,0.0,0.0,1.0,0.0
-0.8553930822840339,0.3419277499450148,-1.2214658512286993,-0.39138113233962235,-0.3741657386773941,1.879917793173656,0.6305142037423428,-0.34980404399936865,0.09228391272760475,0.4792703472497234,-0.7150969419341943,-0.38066618340099356,-0.5918224455920872,1.6414763002993509,-0.6421755060191673,-0.8462440736915471,-0.32914029430219166,0.9344728121351193,-0.48822459762387616,-0.5027397465361703,-0.3871122676704779,1.4142135623730951,-0.8926131759774037,1.0240502434921008,0.4289245401321734,0.23272550888006965,0.79912683354932,0.0,0.0,0.0,0.0,0.0,0.0,1.0,0.0,1.0,0.0,0.0
2.4907100654922973,2.217845250771818,1.984428743759397,-0.39138113233962235,-0.3741657386773941,-0.5319381536954396,0.6305142037423428,-0.34980404399936865,-0.983503850782242,0.4792703472497234,1.3984117975602022,2.626973562678144,-0.5918224455920872,1.6414763002993509,-0.6421755060191673,-0.8462440736915471,-0.32914029430219166,-1.0701220913160239,-1.162862223431414,-0.5027397465361703,-0.3871122676704779,-0.7071067811865475,0.23940649597121683,1.208443010685594,-2.3314124197506847,0.23272550888006965,-1.2513658133071346,0.0,0.0,0.0,0.0,0.0,0.0,1.0,0.0,1.0,0.0,0.0
1.4239802100392964,1.993255298033044,0.33827699316773047,-0.39138113233962235,-0.3741657386773941,-0.5319381536954396,0.6305142037423428,-0.34980404399936865,1.0702727886456471,1.9446256618293372,1.3984117975602022,-0.38066618340099356,-0.5918224455920872,-0.6092076990801714,1.557206699145191,1.1816921749746827,-0.32914029430219166,0.9344728121351193,1.1983694668949685,1.9891007362952828,-0.3871122676704779,1.4142135623730951,-0.3426603566264781,2.482760734147381,0.4289245401321734,0.23272550888006965,0.79912683354932,0.0,0.0,0.0,0.0,0.0,0.0,1.0,0.0,0.0,0.0,1.0
0.31459210308152025,0.10058249672245285,-0.7246170469445276,-0.39138113233962235,2.6726124191242437,1.879917793173656,0.6305142037423428,-0.34980404399936865,-0.29891163763961254,1.9446256618293372,-0.7150969419341943,-0.38066618340099356,1.689695967849872,-0.6092076990801714,-0.6421755060191673,-0.8462440736915471,-0.32914029430219166,-1.0701220913160239,-1.162862223431414,1.9891007362952828,-0.3871122676704779,-0.7071067811865475,-0.9006416842890962,-0.47473652222865625,0.4289245401321734,0.23272550888006965,0.79912683354932,0.0,0.0,0.0,0.0,0.0,0.0,1.0,0.0,0.0,1.0,0.0
0.2917474376348184,-1.2373877649686569,-0.12240213834532068,-0.39138113233962235,2.6726124191242437,1.879917793173656,0.6305142037423428,-0.34980404399936865,-0.29891163763961254,0.4792703472497234,1.3984117975602022,-0.38066618340099356,-0.5918224455920872,1.6414763002993509,-0.6421755060191673,1.1816921749746827,-0.32914029430219166,-1.0701220913160239,0.5237318410874306,-0.5027397465361703,-0.3871122676704779,-0.7071067811865475,-0.5835156059772484,-1.1508882230795037,0.4289245401321734,0.23272550888006965,0.79912683354932,0.0,0.0,0.0,0.0,0.0,0.0,1.0,0.0,0.0,1.0,0.0
0.7001226369481808,0.8540895184326884,1.3357907523596582,-0.39138113233962235,2.6726124191242437,-0.5319381536954396,-1.5860070939950561,-0.34980404399936865,-1.86369383910848,-0.9860849673298904,1.3984117975602022,-0.38066618340099356,1.689695967849872,1.6414763002993509,1.557206699145191,1.1816921749746827,-0.32914029430219166,0.9344728121351193,1.1983694668949685,-0.5027397465361703,-0.3871122676704779,1.4142135623730951,-0.11384786974324626,0.2785464524725843,0.4289245401321734,0.23272550888006965,0.79912683354932,0.0,0.0,0.0,0.0,0.0,0.0,1.0,0.0,1.0,0.0,0.0
-1.3476425407787291,0.39772468003597494,-1.693078913658557,-0.39138113233962235,-0.3741657386773941,1.879917793173656,0.6305142037423428,-0.34980404399936865,0.6790772382784298,0.4792703472497234,-0.7150969419341943,-0.38066618340099356,-0.5918224455920872,-0.6092076990801714,-0.6421755060191673,-0.8462440736915471,-0.32914029430219166,0.9344728121351193,-0.48822459762387616,-0.5027397465361703,-0.3871122676704779,-0.7071067811865475,-0.784228313769557,2.0840576847662327,0.4289245401321734,0.23272550888006965,0.79912683354932,0.0,0.0,0.0,0.0,0.0,0.0,0.0,1.0,0.0,1.0,0.0
2.3525397633062757,1.433152073054506,1.8520469577667187,-0.39138113233962235,-0.3741657386773941,1.879917793173656,0.6305142037423428,-0.34980404399936865,1.168071676237451,0.4792703472497234,1.3984117975602022,-0.38066618340099356,-0.5918224455920872,-0.6092076990801714,-0.6421755060191673,-0.8462440736915471,-0.32914029430219166,-1.0701220913160239,-1.162862223431414,-0.5027397465361703,-0.3871122676704779,-0.7071067811865475,0.5284327951921414,-0.21318243117118274,0.4289245401321734,0.23272550888006965,-1.2513658133071346,0.0,0.0,0.0,0.0,0.0,0.0,0.0,1.0,0.0,0.0,1.0
-0.8802656954560316,-0.8819247701831506,-1.8693746289860906,-0.39138113233962235,-0.3741657386773941,1.879917793173656,0.6305142037423428,-0.34980404399936865,0.8746750134620385,1.9446256618293372,-0.7150969419341943,-0.38066618340099356,-0.5918224455920872,-0.6092076990801714,-0.6421755060191673,-0.8462440736915471,-0.32914029430219166,0.9344728121351193,-0.48822459762387616,-0.5027397465361703,-0.3871122676704779,-0.7071067811865475,-1.1254399170164817,-0.7518602472898026,0.4289245401321734,0.23272550888006965,0.79912683354932,0.0,0.0,0.0,0.0,0.0,0.0,0.0,1.0,0.0,1.0,0.0
-1.4146371935848268,-2.9713147395599635,-0.6903807417642832,-0.39138113233962235,2.6726124191242437,-0.5319381536954396,-1.5860070939950561,-0.34980404399936865,1.9504627769718856,-0.9860849673298904,-0.7150969419341943,-0.38066618340099356,-0.5918224455920872,-0.6092076990801714,-0.6421755060191673,-0.8462440736915471,3.038218101251,0.9344728121351193,0.5237318410874306,-0.5027397465361703,-0.3871122676704779,-0.7071067811865475,-0.1058193614315538,-1.26515695869325,0.4289245401321734,0.23272550888006965,0.79912683354932,0.0,0.0,0.0,0.0,0.0,0.0,0.0,1.0,0.0,0.0,1.0
-0.2818893336694725,0.21732563379608402,-0.6719997077605193,-0.39138113233962235,-0.3741657386773941,1.879917793173656,-1.5860070939950561,-0.34980404399936865,1.0702727886456471,0.4792703472497234,-0.7150969419341943,-0.38066618340099356,-0.5918224455920872,-0.6092076990801714,1.557206699145191,-0.8462440736915471,-0.32914029430219166,0.9344728121351193,-0.48822459762387616,-0.5027397465361703,-0.3871122676704779,-0.7071067811865475,0.331734341555679,0.09384052860653826,0.4289245401321734,0.23272550888006965,-1.2513658133071346,0.0,0.0,0.0,0.0,0.0,0.0,0.0,1.0,0.0,0.0,1.0
1.4942912578658616,1.7941235795270976,1.0297551383627008,-0.39138113233962235,-0.3741657386773941,-0.5319381536954396,0.6305142037423428,-0.34980404399936865,0.09228391272760475,0.4792703472497234,1.3984117975602022,-0.38066618340099356,-0.5918224455920872,-0.6092076990801714,-0.6421755060191673,-0.8462440736915471,-0.32914029430219166,-1.0701220913160239,-1.162862223431414,-0.5027397465361703,-0.3871122676704779,-0.7071067811865475,-0.2503325110420161,1.5702449887185084,0.4289245401321734,0.23272550888006965,0.79912683354932,0.0,0.0,0.0,0.0,0.0,0.0,0.0,1.0,0.0,0.0,1.0
-0.25636561103230926,1.0281868329768629,-0.6475456732833874,-0.39138113233962235,-0.3741657386773941,-0.5319381536954396,-1.5860070939950561,-0.34980404399936865,-0.29891163763961254,0.4792703472497234,1.3984117975602022,-0.38066618340099356,-0.5918224455920872,-0.6092076990801714,-0.6421755060191673,-0.8462440736915471,-0.32914029430219166,-1.0701220913160239,-1.162862223431414,-0.5027397465361703,-0.3871122676704779,-0.7071067811865475,-0.08574809065232293,2.245117508720654,-2.3314124197506847,0.23272550888006965,0.79912683354932,0.0,0.0,0.0,0.0,0.0,0.0,0.0,1.0,1.0,0.0,0.0
-1.2234777783925594,-1.68094036921764,-1.5741199337606566,-0.39138113233962235,-0.3741657386773941,1.879917793173656,-1.5860070939950561,-0.34980404399936865,0.7768761258702346,0.4792703472497234,-0.7150969419341943,-0.38066618340099356,-0.5918224455920872,-0.6092076990801714,-0.6421755060191673,-0.8462440736915471,-0.32914029430219166,-1.0701220913160239,-1.162862223431414,-0.5027397465361703,-0.3871122676704779,-0.7071067811865475,-0.8123280928604802,-1.0491335977061542,0.4289245401321734,0.23272550888006965,0.79912683354932,0.0,0.0,0.0,0.0,0.0,0.0,0.0,1.0,0.0,0.0,1.0
-0.23744845122289157,0.4537151296440102,-0.6294213184903594,-0.39138113233962235,-0.3741657386773941,-0.5319381536954396,0.6305142037423428,-0.34980404399936865,0.19008280031940863,0.4792703472497234,1.3984117975602022,-0.38066618340099356,-0.5918224455920872,-0.6092076990801714,-0.6421755060191673,-0.8462440736915471,-0.32914029430219166,0.9344728121351193,-0.48822459762387616,-0.5027397465361703,-0.3871122676704779,-0.7071067811865475,-0.37076013571740124,0.4902771595736358,-2.3314124197506847,0.23272550888006965,0.79912683354932,0.0,0.0,0.0,0.0,0.0,0.0,0.0,1.0,0.0,1.0,0.0
-2.0107723694608923,-0.911428618943117,-2.328399269904103,2.5550541847077235,-0.3741657386773941,-0.5319381536954396,0.6305142037423428,-0.34980404399936865,0.9724739010538432,0.4792703472497234,1.3984117975602022,-0.38066618340099356,-0.5918224455920872,-0.6092076990801714,-0.6421755060191673,-0.8462440736915471,-0.32914029430219166,0.9344728121351193,-0.48822459762387616,-0.5027397465361703,-0.3871122676704779,-0.7071067811865475,-0.5754870976655562,-0.1919709118451834,0.4289245401321734,0.23272550888006965,0.79912683354932,0.0,0.0,0.0,0.0,0.0,0.0,0.0,1.0,0.0,1.0,0.0
-1.472867768654443,-0.328452448242899,-0.746172009211785,2.5550541847077235,-0.3741657386773941,1.879917793173656,-1.5860070939950561,-0.34980404399936865,-0.29891163763961254,-0.9860849673298904,-0.7150969419341943,-0.38066618340099356,-0.5918224455920872,-0.6092076990801714,1.557206699145191,-0.8462440736915471,-0.32914029430219166,-1.0701220913160239,-1.162862223431414,-0.5027397465361703,-0.3871122676704779,-0.7071067811865475,-0.9367699716917117,0.26595477271557594,0.4289245401321734,0.23272550888006965,0.79912683354932,0.0,0.0,0.0,0.0,0.0,0.0,0.0,1.0,1.0,0.0,0.0
-0.6496892933110286,-0.2538226684713265,0.04252311220862405,-0.39138113233962235,2.6726124191242437,1.879917793173656,0.6305142037423428,-0.34980404399936865,1.9504627769718856,-0.9860849673298904,-0.7150969419341943,-0.38066618340099356,-0.5918224455920872,-0.6092076990801714,-0.6421755060191673,-0.8462440736915471,-0.32914029430219166,0.9344728121351193,-0.48822459762387616,-0.5027397465361703,-0.3871122676704779,-0.7071067811865475,-1.2579103041594055,-0.29130312958706983,0.4289245401321734,0.23272550888006965,0.79912683354932,0.0,0.0,0.0,0.0,0.0,0.0,0.0,1.0,0.0,0.0,1.0
-1.1036084960729717,-0.12217797042974378,-0.39238119039481034,-0.39138113233962235,-0.3741657386773941,1.879917793173656,0.6305142037423428,-0.34980404399936865,0.09228391272760475,-0.9860849673298904,-0.7150969419341943,-0.38066618340099356,-0.5918224455920872,-0.6092076990801714,-0.6421755060191673,-0.8462440736915471,-0.32914029430219166,0.9344728121351193,-0.48822459762387616,1.9891007362952828,-0.3871122676704779,-0.7071067811865475,-1.2819958290944826,0.27797988274116653,0.4289245401321734,0.23272550888006965,0.79912683354932,0.0,0.0,0.0,0.0,0.0,0.0,0.0,1.0,0.0,0.0,1.0
0.48615859588200594,-0.012394291504162151,0.06386257713359828,-0.39138113233962235,-0.3741657386773941,-0.5319381536954396,0.6305142037423428,-0.34980404399936865,-0.49450941282322075,0.4792703472497234,-0.7150969419341943,-0.38066618340099356,-0.5918224455920872,-0.6092076990801714,-0.6421755060191673,-0.8462440736915471,-0.32914029430219166,0.9344728121351193,-0.48822459762387616,-0.5027397465361703,-0.3871122676704779,-0.7071067811865475,0.4441334579193717,-0.6569207380193122,0.4289245401321734,0.23272550888006965,-1.2513658133071346,0.0,0.0,0.0,0.0,0.0,0.0,0.0,1.0,0.0,1.0,0.0
-0.3099454092492619,-0.47298408567895933,0.36803495674531583,-0.39138113233962235,-0.3741657386773941,1.879917793173656,0.6305142037423428,-0.34980404399936865,0.7768761258702346,-0.9860849673298904,-0.7150969419341943,-0.38066618340099356,-0.5918224455920872,-0.6092076990801714,-0.6421755060191673,-0.8462440736915471,-0.32914029430219166,0.9344728121351193,-0.48822459762387616,-0.5027397465361703,-0.3871122676704779,-0.7071067811865475,0.12299312545167788,-0.6799613285266698,0.4289245401321734,0.23272550888006965,-1.2513658133071346,0.0,0.0,0.0,0.0,0.0,0.0,0.0,1.0,0.0,0.0,1.0
-0.06294764498197415,0.2400978034571468,-0.462233529480042,-0.39138113233962235,-0.3741657386773941,-0.5319381536954396,0.6305142037423428,-0.34980404399936865,1.754865001788277,0.4792703472497234,-0.7150969419341943,-0.38066618340099356,-0.5918224455920872,-0.6092076990801714,-0.6421755060191673,-0.8462440736915471,-0.32914029430219166,0.9344728121351193,-0.48822459762387616,-0.5027397465361703,-0.3871122676704779,-0.7071067811865475,-0.9006416842890962,-0.055509241984950525,0.4289245401321734,0.23272550888006965,0.79912683354932,0.0,0.0,0.0,0.0,0.0,0.0,0.0,1.0,0.0,1.0,0.0
2.0050433664254235,0.6202136733190295,0.8949926431074079,-0.39138113233962235,-0.3741657386773941,-0.5319381536954396,0.6305142037423428,-0.34980404399936865,-0.5923083004150251,1.9446256618293372,-0.7150969419341943,-0.38066618340099356,-0.5918224455920872,-0.6092076990801714,-0.6421755060191673,-0.8462440736915471,-0.32914029430219166,-1.0701220913160239,-1.162862223431414,1.9891007362952828,-0.3871122676704779,-0.7071067811865475,-0.5875298601330947,-0.7903241368899578,0.4289245401321734,0.23272550888006965,0.79912683354932,0.0,0.0,0.0,0.0,0.0,0.0,0.0,1.0,0.0,1.0,0.0
1.704087028763994,1.9394535180225225,0.6066465807621814,-0.39138113233962235,-0.3741657386773941,-0.5319381536954396,0.6305142037423428,-0.34980404399936865,0.48347946309482204,1.9446256618293372,1.3984117975602022,-0.38066618340099356,-0.5918224455920872,-0.6092076990801714,-0.6421755060191673,-0.8462440736915471,3.038218101251,-1.0701220913160239,-0.15090578472010727,1.9891007362952828,-0.3871122676704779,-0.7071067811865475,-0.8042995845487879,1.6786525379729735,0.4289245401321734,0.23272550888006965,0.79912683354932,0.0,0.0,0.0,0.0,0.0,0.0,0.0,1.0,0.0,0.0,1.0
-0.2795369209657229,-2.375471895363268,-0.6697458839784537,2.5550541847077235,-0.3741657386773941,1.879917793173656,0.6305142037423428,-0.34980404399936865,-0.2011127500478078,0.4792703472497234,-0.7150969419341943,-0.38066618340099356,-0.5918224455920872,-0.6092076990801714,-0.6421755060191673,-0.8462440736915471,-0.32914029430219166,-1.0701220913160239,-1.162862223431414,-0.5027397465361703,-0.3871122676704779,-0.7071067811865475,0.014608263243831389,-1.2665526677452934,0.4289245401321734,0.23272550888006965,0.79912683354932,0.0,0.0,0.0,0.0,0.0,0.0,0.0,1.0,1.0,0.0,0.0
0.18371586140158677,-1.6005336707247737,-0.22590671520216823,2.5550541847077235,-0.3741657386773941,1.879917793173656,0.6305142037423428,-0.34980404399936865,1.0702727886456471,0.4792703472497234,1.3984117975602022,-0.38066618340099356,-0.5918224455920872,-0.6092076990801714,-0.6421755060191673,-0.8462440736915471,-0.32914029430219166,-1.0701220913160239,-1.162862223431414,-0.5027397465361703,-0.3871122676704779,-0.7071067811865475,-0.6678149432500181,-1.2065114302542608,0.4289245401321734,0.23272550888006965,0.79912683354932,0.0,0.0,0.0,0.0,0.0,0.0,0.0,1.0,0.0,1.0,0.0
-1.823038813368059,-0.6105015249914103,-1.081674215477687,-0.39138113233962235,-0.3741657386773941,-0.5319381536954396,-1.5860070939950561,-0.34980404399936865,0.9724739010538432,-0.9860849673298904,-0.7150969419341943,-0.38066618340099356,-0.5918224455920872,-0.6092076990801714,-0.6421755060191673,-0.8462440736915471,-0.32914029430219166,0.9344728121351193,-0.48822459762387616,-0.5027397465361703,-0.3871122676704779,-0.7071067811865475,-0.8444421261072497,0.10376554415839347,0.4289245401321734,0.23272550888006965,0.79912683354932,0.0,0.0,0.0,0.0,0.0,0.0,0.0,1.0,0.0,0.0,1.0
0.3912449824159949,1.0518040198076573,-0.02707389276939291,-0.39138113233962235,-0.3741657386773941,1.879917793173656,0.6305142037423428,-0.34980404399936865,-0.29891163763961254,0.4792703472497234,1.3984117975602022,2.626973562678144,-0.5918224455920872,-0.6092076990801714,-0.6421755060191673,-0.8462440736915471,-0.32914029430219166,0.9344728121351193,-0.48822459762387616,-0.5027397465361703,-0.3871122676704779,1.4142135623730951,-0.4992162687044789,1.1220474391634232,-2.3314124197506847,0.23272550888006965,0.79912683354932,0.0,0.0,0.0,0.0,0.0,0.0,0.0,1.0,0.0,0.0,1.0
0.6128866030546076,-0.15085257505568858,0.18528043297836327,-0.39138113233962235,-0.3741657386773941,-0.5319381536954396,-1.5860070939950561,2.858743394063806,-0.10331386245600391,0.4792703472497234,-0.7150969419341943,-0.38066618340099356,-0.5918224455920872,-0.6092076990801714,-0.6421755060191673,-0.8462440736915471,-0.32914029430219166,-1.0701220913160239,-1.162862223431414,1.9891007362952828,-0.3871122676704779,-0.7071067811865475,-0.4068884231200169,-0.8014538459670566,0.4289245401321734,0.23272550888006965,0.79912683354932,0.0,0.0,0.0,0.0,0.0,0.0,0.0,1.0,0.0,0.0,1.0
0.8168126096789649,0.5537489054802314,0.38066176879901553,-0.39138113233962235,-0.3741657386773941,1.879917793173656,0.6305142037423428,2.858743394063806,0.9724739010538432,0.4792703472497234,-0.7150969419341943,-0.38066618340099356,-0.5918224455920872,-0.6092076990801714,-0.6421755060191673,-0.8462440736915471,-0.32914029430219166,0.9344728121351193,-0.48822459762387616,-0.5027397465361703,-0.3871122676704779,-0.7071067811865475,-1.1896679835100206,-0.27417297705164423,0.4289245401321734,0.23272550888006965,0.79912683354932,0.0,0.0,0.0,0.0,0.0,0.0,0.0,1.0,0.0,1.0,0.0
-1.1369724922393227,-1.2921159122953512,-1.4912413060107537,-0.39138113233962235,-0.3741657386773941,1.879917793173656,-1.5860070939950561,-0.34980404399936865,0.9724739010538432,0.4792703472497234,-0.7150969419341943,-0.38066618340099356,-0.5918224455920872,-0.6092076990801714,1.557206699145191,-0.8462440736915471,-0.32914029430219166,0.9344728121351193,-0.48822459762387616,-0.5027397465361703,-0.3871122676704779,1.4142135623730951,-1.3542524038997137,-0.9093137541921321,0.4289245401321734,0.23272550888006965,0.79912683354932,0.0,0.0,0.0,0.0,0.0,0.0,0.0,1.0,1.0,0.0,0.0
0.5928828939109797,-1.1111894120567674,1.233043335257269,-0.39138113233962235,-0.3741657386773941,-0.5319381536954396,0.6305142037423428,-0.34980404399936865,-0.3967105252314164,-0.9860849673298904,-0.7150969419341943,-0.38066618340099356,-0.5918224455920872,1.6414763002993509,-0.6421755060191673,-0.8462440736915471,-0.32914029430219166,-1.0701220913160239,-1.162862223431414,-0.5027397465361703,-0.3871122676704779,-0.7071067811865475,-1.0812831213021739,-1.1586574374459038,0.4289245401321734,0.23272550888006965,0.79912683354932,0.0,0.0,0.0,0.0,0.0,0.0,0.0,1.0,1.0,0.0,0.0
-0.7246870428815423,-0.5477211220493174,-1.096238600885946,-0.39138113233962235,-0.3741657386773941,1.879917793173656,0.6305142037423428,-0.34980404399936865,-1.0813027383740463,0.4792703472497234,-0.7150969419341943,-0.38066618340099356,-0.5918224455920872,1.6414763002993509,-0.6421755060191673,-0.8462440736915471,-0.32914029430219166,0.9344728121351193,-0.48822459762387616,-0.5027397465361703,2.5832299400318433,-0.7071067811865475,-0.9728982590943271,-0.5561617109424275,0.4289245401321734,0.23272550888006965,0.79912683354932,0.0,0.0,0.0,0.0,0.0,0.0,0.0,1.0,0.0,0.0,1.0
-1.8939015930223457,0.006415698969805165,-2.216430624103532,-0.39138113233962235,-0.3741657386773941,1.879917793173656,0.6305142037423428,-0.34980404399936865,0.38568057550301726,0.4792703472497234,-0.7150969419341943,-0.38066618340099356,-0.5918224455920872,-0.6092076990801714,-0.6421755060191673,-0.8462440736915471,-0.32914029430219166,-1.0701220913160239,-1.162862223431414,-0.5027397465361703,-0.3871122676704779,-0.7071067811865475,-0.0696910740289383,1.72708867577716,0.4289245401321734,0.23272550888006965,0.79912683354932,0.0,0.0,0.0,0.0,0.0,0.0,0.0,1.0,0.0,0.0,1.0
0.550262820057278,1.3630486272103746,1.1922086374003202,-0.39138113233962235,-0.3741657386773941,1.879917793173656,0.6305142037423428,-0.34980404399936865,1.5592672266046683,-0.9860849673298904,1.3984117975602022,-0.38066618340099356,-0.5918224455920872,-0.6092076990801714,-0.6421755060191673,1.1816921749746827,-0.32914029430219166,-1.0701220913160239,0.5237318410874306,1.9891007362952828,-0.3871122676704779,-0.7071067811865475,-0.9568412424709425,1.8497486325873476,0.4289245401321734,0.23272550888006965,0.79912683354932,0.0,0.0,0.0,0.0,0.0,0.0,0.0,1.0,0.0,0.0,1.0
0.2445819081078046,1.0974276527684026,-1.2344930695701637,-0.39138113233962235,-0.3741657386773941,-0.5319381536954396,0.6305142037423428,-0.34980404399936865,0.09228391272760475,3.4099809764089515,1.3984117975602022,-0.38066618340099356,-0.5918224455920872,-0.6092076990801714,-0.6421755060191673,-0.8462440736915471,-0.32914029430219166,0.9344728121351193,-0.48822459762387616,-0.5027397465361703,-0.3871122676704779,-0.7071067811865475,-1.0210693089644813,1.5025621841170385,-2.3314124197506847,0.23272550888006965,0.79912683354932,0.0,0.0,0.0,0.0,0.0,0.0,0.0,1.0,0.0,1.0,0.0
0.13671111023535534,0.09634134345197669,-0.27094172781595954,2.5550541847077235,-0.3741657386773941,-0.5319381536954396,0.6305142037423428,-0.34980404399936865,0.2878816879112134,0.4792703472497234,1.3984117975602022,-0.38066618340099356,-0.5918224455920872,-0.6092076990801714,-0.6421755060191673,-0.8462440736915471,-0.32914029430219166,-1.0701220913160239,-1.162862223431414,-0.5027397465361703,-0.3871122676704779,-0.7071067811865475,-1.061211850522943,-0.37825531794818845,0.4289245401321734,0.23272550888006965,0.79912683354932,0.0,0.0,0.0,0.0,0.0,0.0,0.0,1.0,0.0,0.0,1.0
1.934090783738753,0.7175803239316889,1.4511287960299928,-0.39138113233962235,-0.3741657386773941,-0.5319381536954396,-1.5860070939950561,-0.34980404399936865,2.439457214930907,0.4792703472497234,1.3984117975602022,-0.38066618340099356,-0.5918224455920872,-0.6092076990801714,-0.6421755060191673,-0.8462440736915471,-0.32914029430219166,0.9344728121351193,-0.48822459762387616,1.9891007362952828,-0.3871122676704779,-0.7071067811865475,-0.7240145014318645,-0.6976013776205718,0.4289245401321734,0.23272550888006965,0.79912683354932,0.0,0.0,0.0,0.0,0.0,0.0,0.0,1.0,0.0,1.0,0.0
-0.410300179943752,-0.3814254917168692,0.27188409708515693,-0.39138113233962235,-0.3741657386773941,1.879917793173656,0.6305142037423428,-0.34980404399936865,-0.690107188006829,-0.9860849673298904,-0.7150969419341943,-0.38066618340099356,-0.5918224455920872,-0.6092076990801714,-0.6421755060191673,-0.8462440736915471,-0.32914029430219166,-1.0701220913160239,-1.162862223431414,1.9891007362952828,-0.3871122676704779,-0.7071067811865475,-0.5955583684447869,-0.5595674975302894,0.4289245401321734,0.23272550888006965,0.79912683354932,0.0,0.0,0.0,0.0,0.0,0.0,0.0,1.0,0.0,0.0,1.0
0.8627677237827068,1.2499141481882583,0.4246913609049274,2.5550541847077235,-0.3741657386773941,-0.5319381536954396,0.6305142037423428,-0.34980404399936865,-0.10331386245600391,0.4792703472497234,1.3984117975602022,-0.38066618340099356,-0.5918224455920872,-0.6092076990801714,-0.6421755060191673,-0.8462440736915471,-0.32914029430219166,0.9344728121351193,-0.48822459762387616,-0.5027397465361703,-0.3871122676704779,-0.7071067811865475,-0.39484566065247834,0.9657734654581532,0.4289245401321734,0.23272550888006965,0.79912683354932,0.0,0.0,0.0,0.0,0.0,0.0,0.0,1.0,1.0,0.0,0.0
-1.232954328949557,0.3326233723774554,-1.5831991786065462,2.5550541847077235,-0.3741657386773941,-0.5319381536954396,0.6305142037423428,-0.34980404399936865,0.5812783506866259,0.4792703472497234,-0.7150969419341943,-0.38066618340099356,-0.5918224455920872,-0.6092076990801714,-0.6421755060191673,-0.8462440736915471,-0.32914029430219166,0.9344728121351193,-0.48822459762387616,-0.5027397465361703,-0.3871122676704779,-0.7071067811865475,-1.0050122923410967,1.6182448437281955,0.4289245401321734,0.23272550888006965,0.79912683354932,0.0,0.0,0.0,0.0,0.0,0.0,0.0,1.0,0.0,0.0,1.0
-0.35876607100771835,-2.003971958251747,-1.36974572929314,-0.39138113233962235,-0.3741657386773941,-0.5319381536954396,0.6305142037423428,-0.34980404399936865,0.09228391272760475,1.9446256618293372,1.3984117975602022,-0.38066618340099356,-0.5918224455920872,-0.6092076990801714,-0.6421755060191673,-0.8462440736915471,-0.32914029430219166,-1.0701220913160239,-1.162862223431414,-0.5027397465361703,-0.3871122676704779,-0.7071067811865475,0.3036345624647557,-1.2222894913908973,0.4289245401321734,0.23272550888006965,-1.2513658133071346,0.0,0.0,0.0,0.0,0.0,0.0,0.0,1.0,1.0,0.0,0.0
-1.1768454585530932,0.04151712865570557,-0.46255022025388715,-0.39138113233962235,-0.3741657386773941,1.879917793173656,0.6305142037423428,-0.34980404399936865,0.38568057550301726,-0.9860849673298904,1.3984117975602022,-0.38066618340099356,-0.5918224455920872,-0.6092076990801714,-0.6421755060191673,-0.8462440736915471,-0.32914029430219166,0.9344728121351193,-0.48822459762387616,-0.5027397465361703,-0.3871122676704779,1.4142135623730951,-0.6357009100032487,0.7040761540893525,0.4289245401321734,0.23272550888006965,0.79912683354932,0.0,0.0,0.0,0.0,0.0,0.0,0.0,1.0,0.0,1.0,0.0
-0.10929715258173137,-1.1533720097628657,0.5602779585915101,-0.39138113233962235,-0.3741657386773941,-0.5319381536954396,-1.5860070939950561,-0.34980404399936865,-0.10331386245600391,-0.9860849673298904,-0.7150969419341943,-0.38066618340099356,-0.5918224455920872,1.6414763002993509,-0.6421755060191673,1.1816921749746827,-0.32914029430219166,-1.0701220913160239,0.5237318410874306,1.9891007362952828,-0.3871122676704779,-0.7071067811865475,-0.5875298601330947,-1.0730783765772478,0.4289245401321734,0.23272550888006965,0.79912683354932,0.0,0.0,0.0,0.0,0.0,0.0,0.0,1.0,1.0,0.0,0.0
0.8006437359613441,0.8741409653037786,0.3651703748602482,-0.39138113233962235,-0.3741657386773941,1.879917793173656,0.6305142037423428,-0.34980404399936865,1.754865001788277,0.4792703472497234,-0.7150969419341943,-0.38066618340099356,-0.5918224455920872,1.6414763002993509,-0.6421755060191673,-0.8462440736915471,-0.32914029430219166,-1.0701220913160239,-1.162862223431414,-0.5027397465361703,-0.3871122676704779,-0.7071067811865475,0.3036345624647557,0.2158979331984656,0.4289245401321734,0.23272550888006965,-1.2513658133071346,0.0,0.0,0.0,0.0,0.0,0.0,0.0,1.0,0.0,0.0,1.0
-2.042195869223185,-0.23581475256045095,-2.3585046344052287,-0.39138113233962235,-0.3741657386773941,1.879917793173656,0.6305142037423428,-0.34980404399936865,0.19008280031940863,0.4792703472497234,-0.7150969419341943,-0.38066618340099356,-0.5918224455920872,-0.6092076990801714,-0.6421755060191673,-0.8462440736915471,-0.32914029430219166,-1.0701220913160239,-1.162862223431414,-0.5027397465361703,-0.3871122676704779,-0.7071067811865475,-0.503230522860325,1.2057757304500767,0.4289245401321734,0.23272550888006965,0.79912683354932,0.0,0.0,0.0,0.0,0.0,0.0,0.0,1.0,0.0,0.0,1.0
-1.2709928114810867,-0.5248566636833601,-1.6196428727621226,-0.39138113233962235,-0.3741657386773941,1.879917793173656,0.6305142037423428,-0.34980404399936865,0.6790772382784298,0.4792703472497234,-0.7150969419341943,-0.38066618340099356,-0.5918224455920872,-0.6092076990801714,-0.6421755060191673,-0.8462440736915471,-0.32914029430219166,0.9344728121351193,-0.48822459762387616,-0.5027397465361703,-0.3871122676704779,-0.7071067811865475,-1.0170550548086352,-0.20981996474765507,0.4289245401321734,0.23272550888006965,0.79912683354932,0.0,0.0,0.0,0.0,0.0,0.0,0.0,1.0,0.0,1.0,0.0
-2.920275913067784,-0.5881311415656354,-3.1997342862397113,-0.39138113233962235,-0.3741657386773941,1.879917793173656,0.6305142037423428,-0.34980404399936865,0.8746750134620385,0.4792703472497234,-0.7150969419341943,-0.38066618340099356,-0.5918224455920872,-0.6092076990801714,-0.6421755060191673,-0.8462440736915471,-0.32914029430219166,-1.0701220913160239,-1.162862223431414,-0.5027397465361703,-0.3871122676704779,-0.7071067811865475,-1.2177677626009438,1.5918177350601768,0.4289245401321734,0.23272550888006965,0.79912683354932,0.0,0.0,0.0,0.0,0.0,0.0,0.0,1.0,0.0,0.0,1.0
1.9226442315289318,1.0943435687978176,2.507100312020694,-0.39138113233962235,-0.3741657386773941,-0.5319381536954396,0.6305142037423428,-0.34980404399936865,0.6790772382784298,-0.9860849673298904,-0.7150969419341943,-0.38066618340099356,-0.5918224455920872,-0.6092076990801714,-0.6421755060191673,-0.8462440736915471,3.038218101251,-1.0701220913160239,-0.15090578472010727,1.9891007362952828,-0.3871122676704779,-0.7071067811865475,-0.6919004681850951,-0.3426243732474351,0.4289245401321734,0.23272550888006965,0.79912683354932,0.0,0.0,0.0,0.0,0.0,0.0,0.0,1.0,1.0,0.0,0.0
-0.40803981815728474,0.19375613459880256,-0.7928631631752601,2.5550541847077235,-0.3741657386773941,-0.5319381536954396,0.6305142037423428,-0.34980404399936865,1.754865001788277,0.4792703472497234,1.3984117975602022,-0.38066618340099356,-0.5918224455920872,-0.6092076990801714,1.557206699145191,-0.8462440736915471,-0.32914029430219166,-1.0701220913160239,-1.162862223431414,-0.5027397465361703,-0.3871122676704779,-0.7071067811865475,-1.5790506366270993,0.1694213571425154,0.4289245401321734,0.23272550888006965,0.79912683354932,0.0,0.0,0.0,0.0,0.0,0.0,0.0,1.0,0.0,0.0,1.0
-1.4874545449247163,-1.4944496439144466,-2.4510868678575886,-0.39138113233962235,-0.3741657386773941,1.879917793173656,0.6305142037423428,-0.34980404399936865,0.7768761258702346,1.9446256618293372,1.3984117975602022,-0.38066618340099356,-0.5918224455920872,-0.6092076990801714,-0.6421755060191673,-0.8462440736915471,-0.32914029430219166,-1.0701220913160239,-1.162862223431414,-0.5027397465361703,-0.3871122676704779,-0.7071067811865475,-0.6959147223409413,-0.9155974398598629,-2.3314124197506847,0.23272550888006965,0.79912683354932,0.0,0.0,0.0,0.0,0.0,0.0,0.0,1.0,0.0,0.0,1.0
-0.1384439448704533,-1.0723898377105334,-0.534565955341444,-0.39138113233962235,-0.3741657386773941,1.879917793173656,-1.5860070939950561,-0.34980404399936865,-0.2011127500478078,0.4792703472497234,-0.7150969419341943,-0.38066618340099356,-0.5918224455920872,-0.6092076990801714,-0.6421755060191673,-0.8462440736915471,3.038218101251,0.9344728121351193,0.5237318410874306,-0.5027397465361703,-0.3871122676704779,-0.7071067811865475,-0.7481000263669416,-1.0417714233340802,0.4289245401321734,0.23272550888006965,0.79912683354932,0.0,0.0,0.0,0.0,0.0,0.0,0.0,1.0,0.0,1.0,0.0
-0.3713661953339422,0.5154474439468775,-0.7577265705193447,-0.39138113233962235,-0.3741657386773941,-0.5319381536954396,-1.5860070939950561,-0.34980404399936865,-0.005514974864199148,0.4792703472497234,-0.7150969419341943,-0.38066618340099356,-0.5918224455920872,-0.6092076990801714,1.557206699145191,-0.8462440736915471,-0.32914029430219166,0.9344728121351193,-0.48822459762387616,-0.5027397465361703,-0.3871122676704779,-0.7071067811865475,-0.16201891961340045,0.7956134722936783,0.4289245401321734,0.23272550888006965,0.79912683354932,0.0,0.0,0.0,0.0,0.0,0.0,0.0,1.0,0.0,0.0,1.0
-0.9749989582157896,-0.12402513875582907,-0.2691591697585483,-0.39138113233962235,-0.3741657386773941,-0.5319381536954396,-1.5860070939950561,-0.34980404399936865,0.48347946309482204,-0.9860849673298904,1.3984117975602022,-0.38066618340099356,-0.5918224455920872,-0.6092076990801714,-0.6421755060191673,-0.8462440736915471,-0.32914029430219166,-1.0701220913160239,-1.162862223431414,-0.5027397465361703,-0.3871122676704779,-0.7071067811865475,-0.6758434515617104,0.15041891962504242,-2.3314124197506847,0.23272550888006965,0.79912683354932,0.0,0.0,0.0,0.0,0.0,0.0,0.0,1.0,1.0,0.0,0.0
-0.04620455401407714,0.6641056613745739,-1.0702890244609078,-0.39138113233962235,-0.3741657386773941,-0.5319381536954396,0.6305142037423428,-0.34980404399936865,0.8746750134620385,1.9446256618293372,-0.7150969419341943,-0.38066618340099356,-0.5918224455920872,-0.6092076990801714,-0.6421755060191673,-0.8462440736915471,-0.32914029430219166,-1.0701220913160239,-1.162862223431414,-0.5027397465361703,-0.3871122676704779,-0.7071067811865475,-0.687886214029249,0.729658012166229,0.4289245401321734,0.23272550888006965,0.79912683354932,0.0,0.0,0.0,0.0,0.0,0.0,0.0,1.0,0.0,1.0,0.0
-0.4766824783382161,0.837797374524137,-1.4827176254098673,-0.39138113233962235,-0.3741657386773941,1.879917793173656,0.6305142037423428,-0.34980404399936865,0.38568057550301726,1.9446256618293372,-0.7150969419341943,-0.38066618340099356,-0.5918224455920872,-0.6092076990801714,-0.6421755060191673,-0.8462440736915471,-0.32914029430219166,-1.0701220913160239,-1.162862223431414,-0.5027397465361703,-0.3871122676704779,-0.7071067811865475,-1.4385517411724833,1.9633686070679903,0.4289245401321734,0.23272550888006965,0.79912683354932,0.0,0.0,0.0,0.0,0.0,0.0,0.0,1.0,0.0,1.0,0.0
0.8197873318006467,1.3635431213429725,1.450442633893646,2.5550541847077235,-0.3741657386773941,-0.5319381536954396,0.6305142037423428,-0.34980404399936865,2.0482616645636895,-0.9860849673298904,1.3984117975602022,-0.38066618340099356,-0.5918224455920872,-0.6092076990801714,1.557206699145191,-0.8462440736915471,-0.32914029430219166,0.9344728121351193,-0.48822459762387616,-0.5027397465361703,-0.3871122676704779,-0.7071067811865475,-0.6557721807824796,1.3588045780757103,0.4289245401321734,0.23272550888006965,0.79912683354932,0.0,0.0,0.0,0.0,0.0,0.0,0.0,1.0,1.0,0.0,0.0
-0.6452555777821363,0.5733296214953588,0.04677109719868888,-0.39138113233962235,-0.3741657386773941,1.879917793173656,0.6305142037423428,-0.34980404399936865,1.9504627769718856,-0.9860849673298904,-0.7150969419341943,-0.38066618340099356,-0.5918224455920872,-0.6092076990801714,-0.6421755060191673,-0.8462440736915471,-0.32914029430219166,0.9344728121351193,-0.48822459762387616,-0.5027397465361703,-0.3871122676704779,-0.7071067811865475,0.3437771040232174,1.3666577299359826,0.4289245401321734,0.23272550888006965,-1.2513658133071346,0.0,0.0,0.0,0.0,0.0,0.0,0.0,1.0,0.0,0.0,1.0
0.36462360586499015,1.0072687480474536,1.0143459418084617,-0.39138113233962235,-0.3741657386773941,1.879917793173656,-1.5860070939950561,-0.34980404399936865,1.2658705638292558,-0.9860849673298904,-0.7150969419341943,-0.38066618340099356,-0.5918224455920872,-0.6092076990801714,-0.6421755060191673,-0.8462440736915471,-0.32914029430219166,-1.0701220913160239,-1.162862223431414,-0.5027397465361703,-0.3871122676704779,-0.7071067811865475,-0.11786212389909248,1.038212754732994,0.4289245401321734,0.23272550888006965,0.79912683354932,0.0,0.0,0.0,0.0,0.0,0.0,0.0,1.0,1.0,0.0,0.0
-0.1098166307420553,0.7695371742817703,0.559780241628538,-0.39138113233962235,-0.3741657386773941,-0.5319381536954396,-1.5860070939950561,-0.34980404399936865,-0.3967105252314164,-0.9860849673298904,-0.7150969419341943,-0.38066618340099356,-0.5918224455920872,-0.6092076990801714,1.557206699145191,-0.8462440736915471,-0.32914029430219166,-1.0701220913160239,-1.162862223431414,-0.5027397465361703,-0.3871122676704779,-0.7071067811865475,-0.5754870976655562,1.090708886655313,0.4289245401321734,0.23272550888006965,0.79912683354932,0.0,0.0,0.0,0.0,0.0,0.0,0.0,1.0,0.0,1.0,0.0
-0.16226015752075582,-0.14584220321893687,-0.557384073204816,-0.39138113233962235,-0.3741657386773941,1.879917793173656,0.6305142037423428,-0.34980404399936865,-0.8857049631904377,0.4792703472497234,-0.7150969419341943,-0.38066618340099356,-0.5918224455920872,-0.6092076990801714,-0.6421755060191673,-0.8462440736915471,-0.32914029430219166,0.9344728121351193,-0.48822459762387616,1.9891007362952828,-0.3871122676704779,1.4142135623730951,-0.0696910740289383,-0.4631493541033992,0.4289245401321734,0.23272550888006965,0.79912683354932,0.0,0.0,0.0,0.0,0.0,0.0,0.0,1.0,0.0,0.0,1.0
-1.5700676527178932,-1.0402307493102667,-0.8393001420039975,-0.39138113233962235,-0.3741657386773941,1.879917793173656,-1.5860070939950561,-0.34980404399936865,0.9724739010538432,-0.9860849673298904,-0.7150969419341943,-0.38066618340099356,-0.5918224455920872,-0.6092076990801714,-0.6421755060191673,-0.8462440736915471,-0.32914029430219166,0.9344728121351193,-0.48822459762387616,-0.5027397465361703,-0.3871122676704779,-0.7071067811865475,-0.9809267674060196,-0.5872303398474883,0.4289245401321734,0.23272550888006965,0.79912683354932,0.0,0.0,0.0,0.0,0.0,0.0,0.0,1.0,1.0,0.0,0.0
-0.3774475937456997,0.5605427736776569,-0.7635530923043193,2.5550541847077235,-0.3741657386773941,1.879917793173656,-1.5860070939950561,-0.34980404399936865,0.19008280031940863,0.4792703472497234,-0.7150969419341943,-0.38066618340099356,-0.5918224455920872,-0.6092076990801714,-0.6421755060191673,-0.8462440736915471,-0.32914029430219166,-1.0701220913160239,-1.162862223431414,-0.5027397465361703,-0.3871122676704779,-0.7071067811865475,-1.5790506366270993,0.9177924745544099,0.4289245401321734,0.23272550888006965,0.79912683354932,0.0,0.0,0.0,0.0,0.0,0.0,0.0,1.0,0.0,1.0,0.0
0.9286688653676364,-0.33189175298372525,0.48783126230287527,2.5550541847077235,-0.3741657386773941,-0.5319381536954396,0.6305142037423428,-0.34980404399936865,0.8746750134620385,0.4792703472497234,-0.7150969419341943,-0.38066618340099356,-0.5918224455920872,-0.6092076990801714,1.557206699145191,-0.8462440736915471,-0.32914029430219166,0.9344728121351193,-0.48822459762387616,-0.5027397465361703,-0.3871122676704779,-0.7071067811865475,-1.0050122923410967,-0.9803782955512359,0.4289245401321734,0.23272550888006965,0.79912683354932,0.0,0.0,0.0,0.0,0.0,0.0,0.0,1.0,0.0,1.0,0.0
0.18755221226132782,0.485829686629804,-0.8463316675877083,-0.39138113233962235,-0.3741657386773941,1.879917793173656,-1.5860070939950561,-0.34980404399936865,1.4614683390128644,1.9446256618293372,-0.7150969419341943,-0.38066618340099356,-0.5918224455920872,-0.6092076990801714,-0.6421755060191673,-0.8462440736915471,-0.32914029430219166,-1.0701220913160239,-1.162862223431414,-0.5027397465361703,-0.3871122676704779,-0.7071067811865475,-0.547387318574633,0.11793748063244588,0.4289245401321734,0.23272550888006965,0.79912683354932,0.0,0.0,0.0,0.0,0.0,0.0,0.0,1.0,0.0,0.0,1.0
-0.2975140319163563,0.5627222709132699,-0.686969577833167,2.5550541847077235,-0.3741657386773941,-0.5319381536954396,0.6305142037423428,-0.34980404399936865,-0.3967105252314164,0.4792703472497234,-0.7150969419341943,-0.38066618340099356,-0.5918224455920872,-0.6092076990801714,1.557206699145191,-0.8462440736915471,-0.32914029430219166,-1.0701220913160239,-1.162862223431414,1.9891007362952828,-0.3871122676704779,-0.7071067811865475,-0.12187637805493871,0.81364864062423,0.4289245401321734,0.23272550888006965,0.79912683354932,0.0,0.0,0.0,0.0,0.0,0.0,0.0,1.0,1.0,0.0,0.0
1.0452930398444522,1.4422150852550095,1.666501796169976,-0.39138113233962235,-0.3741657386773941,-0.5319381536954396,0.6305142037423428,-0.34980404399936865,0.5812783506866259,-0.9860849673298904,1.3984117975602022,-0.38066618340099356,-0.5918224455920872,-0.6092076990801714,-0.6421755060191673,-0.8462440736915471,-0.32914029430219166,-1.0701220913160239,-1.162862223431414,-0.5027397465361703,-0.3871122676704779,-0.7071067811865475,0.5525183201272185,1.227575245864248,-2.3314124197506847,0.23272550888006965,-1.2513658133071346,0.0,0.0,0.0,0.0,0.0,0.0,0.0,1.0,0.0,1.0,0.0
0.3090371216826158,0.4203438818157229,0.9610880029717328,2.5550541847077235,-0.3741657386773941,1.879917793173656,0.6305142037423428,-0.34980404399936865,3.3196472032571442,-0.9860849673298904,-0.7150969419341943,-0.38066618340099356,-0.5918224455920872,-0.6092076990801714,-0.6421755060191673,-0.8462440736915471,-0.32914029430219166,-1.0701220913160239,-1.162862223431414,-0.5027397465361703,-0.3871122676704779,-0.7071067811865475,-0.3627316274057089,-0.08618058704959361,0.4289245401321734,0.23272550888006965,0.79912683354932,0.0,0.0,0.0,0.0,0.0,0.0,0.0,1.0,1.0,0.0,0.0
1.0046465036879038,1.292742036777871,1.6275579635388637,-0.39138113233962235,-0.3741657386773941,1.879917793173656,0.6305142037423428,-0.34980404399936865,0.19008280031940863,-0.9860849673298904,1.3984117975602022,-0.38066618340099356,-0.5918224455920872,-0.6092076990801714,-0.6421755060191673,-0.8462440736915471,-0.32914029430219166,0.9344728121351193,-0.48822459762387616,-0.5027397465361703,-0.3871122676704779,-0.7071067811865475,-1.1013543920814048,0.8775189142933231,0.4289245401321734,0.23272550888006965,0.79912683354932,0.0,0.0,0.0,0.0,0.0,0.0,0.0,1.0,1.0,0.0,0.0
-0.6063015481425353,0.39153644838134233,-0.982815223327662,-0.39138113233962235,-0.3741657386773941,1.879917793173656,0.6305142037423428,-0.34980404399936865,2.341658327339102,0.4792703472497234,-0.7150969419341943,-0.38066618340099356,-0.5918224455920872,-0.6092076990801714,-0.6421755060191673,-0.8462440736915471,-0.32914029430219166,0.9344728121351193,-0.48822459762387616,-0.5027397465361703,-0.3871122676704779,-0.7071067811865475,-0.7641570429903262,0.8035098283091886,0.4289245401321734,0.23272550888006965,0.79912683354932,0.0,0.0,0.0,0.0,0.0,0.0,0.0,1.0,0.0,0.0,1.0
-1.9496911922002853,-0.9454746609076876,-2.269880192900838,-0.39138113233962235,-0.3741657386773941,1.879917793173656,0.6305142037423428,-0.34980404399936865,-0.690107188006829,0.4792703472497234,1.3984117975602022,-0.38066618340099356,-0.5918224455920872,-0.6092076990801714,-0.6421755060191673,-0.8462440736915471,-0.32914029430219166,-1.0701220913160239,-1.162862223431414,-0.5027397465361703,-0.3871122676704779,-0.7071067811865475,-0.9006416842890962,-0.27718180571013007,0.4289245401321734,0.23272550888006965,0.79912683354932,0.0,0.0,0.0,0.0,0.0,0.0,0.0,1.0,0.0,1.0,0.0
-0.8192333672112222,-1.752349954137615,-0.11991867648736819,-0.39138113233962235,-0.3741657386773941,-0.5319381536954396,0.6305142037423428,-0.34980404399936865,0.48347946309482204,-0.9860849673298904,-0.7150969419341943,-0.38066618340099356,-0.5918224455920872,-0.6092076990801714,-0.6421755060191673,-0.8462440736915471,-0.32914029430219166,0.9344728121351193,-0.48822459762387616,-0.5027397465361703,-0.3871122676704779,-0.7071067811865475,-0.7360572638994031,-1.131379469963681,0.4289245401321734,0.23272550888006965,0.79912683354932,0.0,0.0,0.0,0.0,0.0,0.0,0.0,1.0,0.0,0.0,1.0
-1.9433572263137853,-2.1183148950768245,-2.2638119031309447,-0.39138113233962235,-0.3741657386773941,-0.5319381536954396,0.6305142037423428,-0.34980404399936865,-0.29891163763961254,0.4792703472497234,1.3984117975602022,-0.38066618340099356,-0.5918224455920872,-0.6092076990801714,-0.6421755060191673,-0.8462440736915471,-0.32914029430219166,-1.0701220913160239,-1.162862223431414,-0.5027397465361703,-0.3871122676704779,-0.7071067811865475,0.10693610882829324,-1.0648088918333711,0.4289245401321734,0.23272550888006965,-1.2513658133071346,0.0,0.0,0.0,0.0,0.0,0.0,0.0,1.0,0.0,1.0,0.0
1.3937999143429154,0.2009817357764541,2.000409545135039,-0.39138113233962235,-0.3741657386773941,-0.5319381536954396,0.6305142037423428,-0.34980404399936865,0.48347946309482204,-0.9860849673298904,-0.7150969419341943,-0.38066618340099356,-0.5918224455920872,-0.6092076990801714,-0.6421755060191673,-0.8462440736915471,3.038218101251,-1.0701220913160239,-0.15090578472010727,-0.5027397465361703,-0.3871122676704779,-0.7071067811865475,-1.2418532875360209,-0.8434260722204187,0.4289245401321734,0.23272550888006965,0.79912683354932,0.0,0.0,0.0,0.0,0.0,0.0,0.0,1.0,1.0,0.0,0.0
-0.7054170708421674,-1.0211480092986187,-0.01087020112852927,-0.39138113233962235,-0.3741657386773941,1.879917793173656,0.6305142037423428,-0.34980404399936865,0.8746750134620385,-0.9860849673298904,-0.7150969419341943,-0.38066618340099356,-0.5918224455920872,1.6414763002993509,1.557206699145191,-0.8462440736915471,-0.32914029430219166,-1.0701220913160239,-1.162862223431414,1.9891007362952828,-0.3871122676704779,-0.7071067811865475,-0.04159129493801526,-0.8903380774964326,0.4289245401321734,0.23272550888006965,0.79912683354932,0.0,0.0,0.0,0.0,0.0,0.0,0.0,1.0,1.0,0.0,0.0
-0.9930706247476051,-0.28286504697274834,-0.286473805231291,-0.39138113233962235,-0.3741657386773941,-0.5319381536954396,-1.5860070939950561,-0.34980404399936865,1.5592672266046683,-0.9860849673298904,-0.7150969419341943,-0.38066618340099356,-0.5918224455920872,-0.6092076990801714,-0.6421755060191673,-0.8462440736915471,-0.32914029430219166,-1.0701220913160239,-1.162862223431414,-0.5027397465361703,2.5832299400318433,-0.7071067811865475,-1.2017107459775591,-0.08428850722954924,0.4289245401321734,0.23272550888006965,0.79912683354932,0.0,0.0,0.0,0.0,0.0,0.0,0.0,1.0,0.0,1.0,0.0
-0.05219170009515357,-1.933745552135864,-0.45192833627378903,-0.39138113233962235,-0.3741657386773941,1.879917793173656,0.6305142037423428,-0.34980404399936865,0.8746750134620385,0.4792703472497234,1.3984117975602022,-0.38066618340099356,-0.5918224455920872,-0.6092076990801714,-0.6421755060191673,1.1816921749746827,-0.32914029430219166,-1.0701220913160239,0.5237318410874306,-0.5027397465361703,-0.3871122676704779,-0.7071067811865475,-0.5594300810421715,-1.2344300744946937,0.4289245401321734,0.23272550888006965,0.79912683354932,0.0,0.0,0.0,0.0,0.0,0.0,0.0,1.0,0.0,1.0,0.0
0.2696157177183127,-0.03242695290228442,-0.14360644979164727,-0.39138113233962235,-0.3741657386773941,-0.5319381536954396,0.6305142037423428,-0.34980404399936865,1.0702727886456471,0.4792703472497234,-0.7150969419341943,-0.38066618340099356,-0.5918224455920872,-0.6092076990801714,-0.6421755060191673,-0.8462440736915471,-0.32914029430219166,0.9344728121351193,-0.48822459762387616,-0.5027397465361703,-0.3871122676704779,-0.7071067811865475,-0.1901186987043235,-0.5762956083169872,0.4289245401321734,0.23272550888006965,0.79912683354932,0.0,0.0,0.0,0.0,0.0,0.0,0.0,1.0,0.0,0.0,1.0
-0.577774200712579,0.6828543402140385,0.11142564596988648,-0.39138113233962235,-0.3741657386773941,-0.5319381536954396,0.6305142037423428,-0.34980404399936865,-0.983503850782242,-0.9860849673298904,1.3984117975602022,-0.38066618340099356,-0.5918224455920872,-0.6092076990801714,-0.6421755060191673,-0.8462440736915471,-0.32914029430219166,0.9344728121351193,-0.48822459762387616,-0.5027397465361703,-0.3871122676704779,-0.7071067811865475,-0.7681712971461725,1.6037086648383807,0.4289245401321734,0.23272550888006965,0.79912683354932,0.0,0.0,0.0,0.0,0.0,0.0,0.0,1.0,0.0,0.0,1.0
-0.04757080813349626,0.6984500485495975,-0.4475010926499659,-0.39138113233962235,-0.3741657386773941,1.879917793173656,0.6305142037423428,-0.34980404399936865,-0.3967105252314164,0.4792703472497234,-0.7150969419341943,-0.38066618340099356,-0.5918224455920872,-0.6092076990801714,-0.6421755060191673,1.1816921749746827,-0.32914029430219166,0.9344728121351193,1.1983694668949685,1.9891007362952828,-0.3871122676704779,-0.7071067811865475,-1.5790506366270993,0.8148496237999647,0.4289245401321734,0.23272550888006965,0.79912683354932,0.0,0.0,0.0,0.0,0.0,0.0,0.0,1.0,1.0,0.0,0.0
-0.7092570772639897,-0.2826546704555454,-0.014549347779990012,2.5550541847077235,-0.3741657386773941,1.879917793173656,0.6305142037423428,-0.34980404399936865,0.09228391272760475,-0.9860849673298904,-0.7150969419341943,-0.38066618340099356,-0.5918224455920872,-0.6092076990801714,-0.6421755060191673,-0.8462440736915471,-0.32914029430219166,0.9344728121351193,-0.48822459762387616,-0.5027397465361703,-0.3871122676704779,-0.7071067811865475,-0.28646079844463157,-0.2872018545964039,0.4289245401321734,0.23272550888006965,0.79912683354932,0.0,0.0,0.0,0.0,0.0,0.0,0.0,1.0,1.0,0.0,0.0
-0.995926711597032,-1.8166064934366746,-1.9801838565155752,-0.39138113233962235,-0.3741657386773941,1.879917793173656,0.6305142037423428,2.858743394063806,0.7768761258702346,1.9446256618293372,-0.7150969419341943,-0.38066618340099356,-0.5918224455920872,-0.6092076990801714,-0.6421755060191673,1.1816921749746827,-0.32914029430219166,0.9344728121351193,1.1983694668949685,-0.5027397465361703,-0.3871122676704779,-0.7071067811865475,-0.6638006890941719,-1.1237741879506977,0.4289245401321734,0.23272550888006965,0.79912683354932,0.0,0.0,0.0,0.0,0.0,0.0,0.0,1.0,0.0,1.0,0.0
-0.7448246561117059,0.35279325577922965,-0.04862698313874594,-0.39138113233962235,-0.3741657386773941,-0.5319381536954396,0.6305142037423428,-0.34980404399936865,-0.10331386245600391,-0.9860849673298904,-0.7150969419341943,-0.38066618340099356,-0.5918224455920872,-0.6092076990801714,-0.6421755060191673,-0.8462440736915471,-0.32914029430219166,-1.0701220913160239,-1.162862223431414,-0.5027397465361703,-0.3871122676704779,-0.7071067811865475,-0.42294543974340154,0.8946367777936495,0.4289245401321734,0.23272550888006965,0.79912683354932,0.0,0.0,0.0,0.0,0.0,0.0,0.0,1.0,0.0,0.0,1.0
-0.4093869989387614,0.8039713096474747,-0.7941538818619083,-0.39138113233962235,-0.3741657386773941,-0.5319381536954396,0.6305142037423428,-0.34980404399936865,0.2878816879112134,0.4792703472497234,-0.7150969419341943,-0.38066618340099356,-0.5918224455920872,-0.6092076990801714,1.557206699145191,-0.8462440736915471,3.038218101251,0.9344728121351193,0.5237318410874306,-0.5027397465361703,-0.3871122676704779,-0.7071067811865475,-0.9528269883150963,1.707040679657193,0.4289245401321734,0.23272550888006965,0.79912683354932,0.0,0.0,0.0,0.0,0.0,0.0,0.0,1.0,0.0,1.0,0.0
0.46594438783499015,0.6945991289946556,1.111422346053486,-0.39138113233962235,-0.3741657386773941,1.879917793173656,0.6305142037423428,-0.34980404399936865,0.38568057550301726,-0.9860849673298904,-0.7150969419341943,-0.38066618340099356,-0.5918224455920872,-0.6092076990801714,-0.6421755060191673,-0.8462440736915471,-0.32914029430219166,-1.0701220913160239,-1.162862223431414,-0.5027397465361703,-0.3871122676704779,-0.7071067811865475,-0.9447984800034039,0.21869545501738952,0.4289245401321734,0.23272550888006965,0.79912683354932,0.0,0.0,0.0,0.0,0.0,0.0,0.0,1.0,1.0,0.0,0.0
-1.2255615175020393,-0.2324868123903929,-0.5092255393720576,-0.39138113233962235,-0.3741657386773941,-0.5319381536954396,0.6305142037423428,-0.34980404399936865,0.9724739010538432,-0.9860849673298904,1.3984117975602022,-0.38066618340099356,-0.5918224455920872,-0.6092076990801714,-0.6421755060191673,-0.8462440736915471,3.038218101251,0.9344728121351193,0.5237318410874306,-0.5027397465361703,-0.3871122676704779,-0.7071067811865475,-0.4390024563667863,0.19759230202154338,-2.3314124197506847,0.23272550888006965,0.79912683354932,0.0,0.0,0.0,0.0,0.0,0.0,0.0,1.0,0.0,1.0,0.0
-0.4719750015167046,-0.2651687423983319,-0.8541187137795917,-0.39138113233962235,-0.3741657386773941,1.879917793173656,-1.5860070939950561,-0.34980404399936865,0.7768761258702346,0.4792703472497234,-0.7150969419341943,-0.38066618340099356,-0.5918224455920872,-0.6092076990801714,1.557206699145191,-0.8462440736915471,-0.32914029430219166,0.9344728121351193,-0.48822459762387616,-0.5027397465361703,-0.3871122676704779,-0.7071067811865475,-0.57147284350971,-0.4131709828753017,0.4289245401321734,0.23272550888006965,0.79912683354932,0.0,0.0,0.0,0.0,0.0,0.0,0.0,1.0,0.0,1.0,0.0
-0.3499594177764771,0.4984399117138501,0.32969715484795264,-0.39138113233962235,-0.3741657386773941,1.879917793173656,0.6305142037423428,-0.34980404399936865,0.6790772382784298,-0.9860849673298904,-0.7150969419341943,-0.38066618340099356,-0.5918224455920872,-0.6092076990801714,-0.6421755060191673,-0.8462440736915471,-0.32914029430219166,0.9344728121351193,-0.48822459762387616,1.9891007362952828,-0.3871122676704779,-0.7071067811865475,-0.619643893379864,0.7265520075659433,0.4289245401321734,0.23272550888006965,0.79912683354932,0.0,0.0,0.0,0.0,0.0,0.0,0.0,1.0,0.0,0.0,1.0
-0.1744890559561706,0.4052619987632383,-0.569100477982338,-0.39138113233962235,-0.3741657386773941,1.879917793173656,0.6305142037423428,-0.34980404399936865,-0.5923083004150251,0.4792703472497234,-0.7150969419341943,-0.38066618340099356,-0.5918224455920872,-0.6092076990801714,-0.6421755060191673,1.1816921749746827,-0.32914029430219166,-1.0701220913160239,0.5237318410874306,-0.5027397465361703,-0.3871122676704779,-0.7071067811865475,-0.6357009100032487,0.3246230876399558,0.4289245401321734,0.23272550888006965,0.79912683354932,0.0,0.0,0.0,0.0,0.0,0.0,0.0,1.0,1.0,0.0,0.0
-0.07468820519001498,0.8476814118942996,0.5934371200406174,-0.39138113233962235,-0.3741657386773941,-0.5319381536954396,0.6305142037423428,-0.34980404399936865,-0.8857049631904377,-0.9860849673298904,-0.7150969419341943,-0.38066618340099356,-0.5918224455920872,-0.6092076990801714,-0.6421755060191673,-0.8462440736915471,-0.32914029430219166,0.9344728121351193,-0.48822459762387616,1.9891007362952828,-0.3871122676704779,-0.7071067811865475,-1.2017107459775591,1.2617391541372616,0.4289245401321734,0.23272550888006965,0.79912683354932,0.0,0.0,0.0,0.0,0.0,0.0,0.0,1.0,0.0,0.0,1.0
0.2910293177909732,0.41565409181663293,0.943834554901545,-0.39138113233962235,-0.3741657386773941,-0.5319381536954396,0.6305142037423428,-0.34980404399936865,0.38568057550301726,-0.9860849673298904,1.3984117975602022,-0.38066618340099356,-0.5918224455920872,-0.6092076990801714,-0.6421755060191673,-0.8462440736915471,-0.32914029430219166,-1.0701220913160239,-1.162862223431414,1.9891007362952828,-0.3871122676704779,-0.7071067811865475,-0.9969837840294042,-0.07887618576220558,0.4289245401321734,0.23272550888006965,0.79912683354932,0.0,0.0,0.0,0.0,0.0,0.0,0.0,1.0,0.0,1.0,0.0
0.742913248363401,0.32895731805997136,0.309858821992188,-0.39138113233962235,2.6726124191242437,-0.5319381536954396,0.6305142037423428,-0.34980404399936865,0.48347946309482204,0.4792703472497234,-0.7150969419341943,-0.38066618340099356,-0.5918224455920872,-0.6092076990801714,-0.6421755060191673,-0.8462440736915471,-0.32914029430219166,0.9344728121351193,-0.48822459762387616,-0.5027397465361703,-0.3871122676704779,-0.7071067811865475,-0.7320430097435568,-0.4780866872744233,0.4289245401321734,0.23272550888006965,0.79912683354932,0.0,0.0,0.0,0.0,0.0,0.0,0.0,1.0,0.0,0.0,1.0
-0.6928740150792818,0.35083543729929734,0.0011474198178456625,-0.39138113233962235,-0.3741657386773941,-0.5319381536954396,0.6305142037423428,-0.34980404399936865,-0.49450941282322075,-0.9860849673298904,-0.7150969419341943,-0.38066618340099356,-0.5918224455920872,-0.6092076990801714,-0.6421755060191673,-0.8462440736915471,-0.32914029430219166,0.9344728121351193,-0.48822459762387616,-0.5027397465361703,-0.3871122676704779,-0.7071067811865475,-0.017505770002938164,0.8187012338686972,0.4289245401321734,0.23272550888006965,0.79912683354932,0.0,0.0,0.0,0.0,0.0,0.0,0.0,1.0,0.0,1.0,0.0
-0.23418575424186955,0.3050293297613746,0.44062100229260315,-0.39138113233962235,-0.3741657386773941,-0.5319381536954396,-1.5860070939950561,-0.34980404399936865,0.9724739010538432,-0.9860849673298904,-0.7150969419341943,-0.38066618340099356,-0.5918224455920872,-0.6092076990801714,1.557206699145191,-0.8462440736915471,-0.32914029430219166,0.9344728121351193,-0.48822459762387616,-0.5027397465361703,-0.3871122676704779,-0.7071067811865475,-1.2338247792243284,0.19957225908391493,0.4289245401321734,0.23272550888006965,0.79912683354932,0.0,0.0,0.0,0.0,0.0,0.0,0.0,1.0,0.0,1.0,0.0
-0.6813533452353365,-0.5804880302267875,-1.0547212560005406,-0.39138113233962235,-0.3741657386773941,1.879917793173656,0.6305142037423428,-0.34980404399936865,0.6790772382784298,0.4792703472497234,-0.7150969419341943,-0.38066618340099356,-0.5918224455920872,-0.6092076990801714,-0.6421755060191673,-0.8462440736915471,-0.32914029430219166,0.9344728121351193,-0.48822459762387616,1.9891007362952828,-0.3871122676704779,-0.7071067811865475,-0.8163423470163265,-0.6051823828888391,0.4289245401321734,0.23272550888006965,0.79912683354932,0.0,0.0,0.0,0.0,0.0,0.0,0.0,1.0,0.0,1.0,0.0
-0.9286134817809629,0.24336183930012928,-1.9156943639934672,-0.39138113233962235,-0.3741657386773941,-0.5319381536954396,0.6305142037423428,-0.34980404399936865,1.0702727886456471,1.9446256618293372,1.3984117975602022,-0.38066618340099356,-0.5918224455920872,-0.6092076990801714,-0.6421755060191673,-0.8462440736915471,-0.32914029430219166,-1.0701220913160239,-1.162862223431414,-0.5027397465361703,-0.3871122676704779,-0.7071067811865475,-0.7039432306526336,0.8691241678928422,0.4289245401321734,0.23272550888006965,0.79912683354932,0.0,0.0,0.0,0.0,0.0,0.0,0.0,1.0,0.0,0.0,1.0
0.1629016960164691,0.866555343413565,-0.8699488484487399,-0.39138113233962235,-0.3741657386773941,1.879917793173656,0.6305142037423428,-0.34980404399936865,-0.690107188006829,1.9446256618293372,-0.7150969419341943,-0.38066618340099356,-0.5918224455920872,-0.6092076990801714,1.557206699145191,-0.8462440736915471,-0.32914029430219166,-1.0701220913160239,-1.162862223431414,-0.5027397465361703,-0.3871122676704779,-0.7071067811865475,-0.89662743013325,0.953457444125757,0.4289245401321734,0.23272550888006965,0.79912683354932,0.0,0.0,0.0,0.0,0.0,0.0,0.0,1.0,0.0,0.0,1.0
0.3498792748497394,1.4394937176625546,-0.06670624055679783,-0.39138113233962235,-0.3741657386773941,1.879917793173656,0.6305142037423428,-0.34980404399936865,0.5812783506866259,0.4792703472497234,-0.7150969419341943,-0.38066618340099356,-0.5918224455920872,-0.6092076990801714,-0.6421755060191673,-0.8462440736915471,-0.32914029430219166,0.9344728121351193,-0.48822459762387616,-0.5027397465361703,-0.3871122676704779,-0.7071067811865475,-0.37477438987324746,2.6053601035000367,0.4289245401321734,0.23272550888006965,0.79912683354932,0.0,0.0,0.0,0.0,0.0,0.0,0.0,1.0,0.0,0.0,1.0
-0.0972714249718374,0.6476949869754703,-0.4951188873705573,-0.39138113233962235,-0.3741657386773941,1.879917793173656,0.6305142037423428,-0.34980404399936865,1.3636694514210597,0.4792703472497234,1.3984117975602022,2.626973562678144,-0.5918224455920872,1.6414763002993509,1.557206699145191,-0.8462440736915471,-0.32914029430219166,0.9344728121351193,-0.48822459762387616,1.9891007362952828,-0.3871122676704779,1.4142135623730951,-0.7882425679254033,0.7565331477488899,-2.3314124197506847,0.23272550888006965,0.79912683354932,0.0,0.0,0.0,0.0,0.0,0.0,0.0,1.0,1.0,0.0,0.0
0.9932288691701437,-0.07103631499981101,0.5496862429618158,-0.39138113233962235,-0.3741657386773941,-0.5319381536954396,-1.5860070939950561,-0.34980404399936865,-0.49450941282322075,0.4792703472497234,-0.7150969419341943,-0.38066618340099356,-0.5918224455920872,-0.6092076990801714,-0.6421755060191673,-0.8462440736915471,-0.32914029430219166,0.9344728121351193,-0.48822459762387616,-0.5027397465361703,-0.3871122676704779,-0.7071067811865475,-0.7320430097435568,-0.8739584821928028,0.4289245401321734,0.23272550888006965,0.79912683354932,0.0,0.0,0.0,0.0,0.0,0.0,0.0,1.0,0.0,1.0,0.0
