business_id,round,chosen_action,reward
V2V0001,1,A01,0.445
V2V0003,1,A01,0.522
V2V0004,1,A02,0.512
V2V0005,1,A03,0.791
V2V0006,1,A03,0.825
V2V0007,1,A04,0.307
V2V0008,1,A05,0.363
V2V0009,1,A03,0.564
V2V0010,1,A06,0.16
V2V0011,1,A07,0.495
V2V0012,1,A02,0.744
V2V0013,1,A07,0.729
V2V0014,1,A08,0.85
V2V0016,1,A08,0.246
V2V0017,1,A09,0.598
V2V0018,1,A09,0.904
V2V0019,1,A10,0.404
V2V0021,1,A10,0.761
V2V0022,1,A05,0.491
V2V0023,1,A10,0.71
V2V0024,1,A08,0.449
V2V0025,1,A03,0.935
V2V0027,1,A04,0.209
V2V0028,1,A09,0.879
V2V0029,1,A10,0.184
V2V0030,1,A09,0.72
V2V0031,1,A06,0.462
V2V0032,1,A04,0.649
V2V0035,1,A07,0.509
V2V0036,1,A03,0.997
V2V0037,1,A02,0.344
V2V0038,1,A05,0.32
V2V0039,1,A01,0.474
V2V0040,1,A08,0.318
V2V0041,1,A01,0.542
V2V0042,1,A05,0.452
V2V0044,1,A07,0.279
V2V0045,1,A03,0.526
V2V0046,1,A07,0.562
V2V0047,1,A09,0.382
V2V0048,1,A06,0.162
V2V0049,1,A05,0.974
V2V0050,1,A06,0.217
V2V0052,1,A07,0.938
V2V0053,1,A01,0.316
V2V0055,1,A04,0.596
V2V0056,1,A02,0.709
V2V0057,1,A02,1.0
V2V0060,1,A10,0.526
V2V0061,1,A08,0.87
V2V0063,1,A02,1.0
V2V0065,1,A03,0.961
V2V0067,1,A09,0.748
V2V0068,1,A10,0.27
V2V0069,1,A10,0.365
V2V0070,1,A06,0.987
V2V0074,1,A04,0.923
V2V0075,1,A03,0.966
V2V0076,1,A05,0.94
V2V0077,1,A09,0.885
V2V0078,1,A06,1.0
V2V0081,1,A03,0.836
V2V0083,1,A08,0.628
V2V0084,1,A09,0.874
V2V0085,1,A05,0.609
V2V0086,1,A02,0.968
V2V0087,1,A04,0.897
V2V0088,1,A03,0.75
V2V0089,1,A02,0.863
V2V0090,1,A07,0.879
V2V0091,1,A04,0.729
V2V0092,1,A08,0.798
V2V0093,1,A07,0.266
V2V0094,1,A08,0.612
V2V0097,1,A06,0.681
V2V0098,1,A06,0.966
V2V0100,1,A05,0.525
V2V0101,1,A03,0.277
V2V0102,1,A02,0.946
V2V0104,1,A09,0.326
V2V0105,1,A01,0.434
V2V0106,1,A02,0.906
V2V0108,1,A05,0.524
V2V0110,1,A06,0.905
V2V0111,1,A09,0.239
V2V0113,1,A01,0.992
V2V0114,1,A04,0.751
V2V0115,1,A04,0.399
V2V0116,1,A07,0.288
V2V0117,1,A01,0.205
V2V0118,1,A04,0.435
V2V0119,1,A08,0.938
V2V0120,1,A03,0.985
V2V0122,1,A04,0.501
V2V0124,1,A06,0.501
V2V0125,1,A02,0.791
V2V0126,1,A01,0.993
V2V0127,1,A05,0.423
V2V0128,1,A10,0.26
V2V0129,1,A06,1.0
V2V0131,1,A10,0.268
V2V0132,1,A06,0.998
V2V0133,1,A04,0.889
V2V0134,1,A10,0.505
V2V0135,1,A05,0.873
V2V0137,1,A08,0.844
V2V0138,1,A01,0.458
V2V0139,1,A10,0.228
V2V0140,1,A01,1.0
V2V0141,1,A02,0.949
V2V0142,1,A07,0.318
V2V0144,1,A05,0.94
V2V0145,1,A09,0.922
V2V0147,1,A09,0.732
V2V0149,1,A09,0.646
V2V0150,1,A03,1.0
V2V0152,1,A01,0.866
V2V0153,1,A08,0.421
V2V0154,1,A01,0.857
V2V0155,1,A04,0.724
V2V0156,1,A07,0.562
V2V0157,1,A05,0.916
V2V0158,1,A03,0.865
V2V0160,1,A08,0.913
V2V0161,1,A01,0.937
V2V0162,1,A02,0.944
V2V0163,1,A01,0.691
V2V0164,1,A05,0.978
V2V0165,1,A06,1.0
V2V0166,1,A06,0.886
V2V0167,1,A04,0.584
V2V0168,1,A08,0.794
V2V0169,1,A02,0.95
V2V0170,1,A06,0.644
V2V0171,1,A06,0.588
V2V0172,1,A10,0.21
V2V0174,1,A01,0.91
V2V0175,1,A02,0.678
V2V0176,1,A07,0.543
V2V0177,1,A09,0.923
V2V0179,1,A09,0.977
V2V0180,1,A02,0.873
V2V0181,1,A09,0.935
V2V0182,1,A04,0.948
V2V0183,1,A10,0.47
V2V0184,1,A06,0.601
V2V0185,1,A03,0.72
V2V0186,1,A10,0.889
V2V0187,1,A09,0.883
V2V0189,1,A04,0.625
V2V0190,1,A05,0.984
V2V0192,1,A07,0.59
V2V0193,1,A07,0.238
V2V0194,1,A03,0.964
V2V0196,1,A01,0.244
V2V0199,1,A04,0.446
V2V0200,1,A08,0.856
V2V0202,1,A06,0.985
V2V0203,1,A08,0.931
V2V0204,1,A08,0.879
V2V0205,1,A05,0.851
V2V0206,1,A05,0.87
V2V0207,1,A07,0.434
V2V0208,1,A07,0.776
V2V0209,1,A03,0.484
V2V0210,1,A09,0.982
V2V0213,1,A10,0.537
V2V0214,1,A08,0.493
V2V0215,1,A07,0.472
V2V0216,1,A04,0.705
V2V0217,1,A05,0.916
V2V0218,1,A01,0.902
V2V0219,1,A01,0.985
V2V0220,1,A05,0.87
V2V0221,1,A03,0.995
V2V0223,1,A10,0.507
V2V0224,1,A01,0.967
V2V0225,1,A03,0.951
V2V0227,1,A08,0.782
V2V0228,1,A04,0.83
V2V0229,1,A06,0.884
V2V0231,1,A02,1.0
V2V0232,1,A08,0.694
V2V0233,1,A09,0.718
V2V0234,1,A08,0.843
V2V0236,1,A03,0.978
V2V0237,1,A05,0.833
V2V0238,1,A06,0.823
V2V0239,1,A01,0.652
V2V0241,1,A02,0.869
V2V0242,1,A02,0.977
V2V0243,1,A07,0.86
V2V0244,1,A10,0.292
V2V0245,1,A02,0.91
V2V0246,1,A10,0.269
V2V0248,1,A08,0.604
V2V0250,1,A03,0.918
V2V0251,1,A01,0.808
V2V0252,1,A05,0.479
V2V0253,1,A09,0.909
V2V0254,1,A08,0.741
V2V0256,1,A04,0.326
V2V0258,1,A07,0.112
V2V0259,1,A10,0.141
V2V0260,1,A07,0.554
V2V0261,1,A02,0.946
V2V0262,1,A08,0.933
V2V0264,1,A05,0.91
V2V0265,1,A06,0.962
V2V0266,1,A10,0.45
V2V0269,1,A09,0.865
V2V0270,1,A03,1.0
V2V0271,1,A07,0.821
V2V0272,1,A06,0.609
V2V0273,1,A05,0.908
V2V0274,1,A05,0.935
V2V0275,1,A06,0.945
V2V0276,1,A04,0.25
V2V0277,1,A09,0.9
V2V0279,1,A09,0.845
V2V0280,1,A02,0.657
V2V0281,1,A05,0.978
V2V0282,1,A08,0.789
V2V0285,1,A07,0.552
V2V0288,1,A10,0.273
V2V0289,1,A04,0.793
V2V0290,1,A04,0.876
V2V0291,1,A02,0.921
V2V0292,1,A03,1.0
V2V0293,1,A06,0.979
V2V0294,1,A01,0.75
V2V0295,1,A06,1.0
V2V0297,1,A03,0.912
V2V0298,1,A07,0.778
V2V0300,1,A10,0.332
V2V0302,1,A10,0.128
V2V0303,1,A02,0.8
V2V0304,1,A06,1.0
V2V0305,1,A09,0.893
V2V0306,1,A08,0.79
V2V0307,1,A05,0.943
V2V0308,1,A03,0.97
V2V0309,1,A02,0.94
V2V0310,1,A07,0.568
V2V0312,1,A09,0.907
V2V0313,1,A08,0.577
V2V0316,1,A02,1.0
V2V0317,1,A02,0.969
V2V0319,1,A09,0.985
V2V0320,1,A05,0.696
V2V0321,1,A09,0.985
V2V0324,1,A03,0.973
V2V0325,1,A04,0.9
V2V0326,1,A07,0.866
V2V0327,1,A10,0.384
V2V0329,1,A10,0.193
V2V0330,1,A01,0.259
V2V0331,1,A07,0.512
V2V0332,1,A06,0.918
V2V0333,1,A03,1.0
V2V0334,1,A08,0.722
V2V0335,1,A04,0.452
V2V0337,1,A09,0.853
V2V0338,1,A10,0.21
V2V0339,1,A03,1.0
V2V0342,1,A01,1.0
V2V0343,1,A08,0.556
V2V0344,1,A09,0.865
V2V0348,1,A01,0.631
V2V0349,1,A08,0.67
V2V0350,1,A01,0.334
V2V0351,1,A06,0.882
V2V0353,1,A03,0.966
V2V0354,1,A10,0.625
V2V0355,1,A10,0.242
V2V0358,1,A06,0.895
V2V0359,1,A02,0.959
V2V0362,1,A07,0.855
V2V0363,1,A09,0.677
V2V0366,1,A06,0.474
V2V0368,1,A02,0.989
V2V0370,1,A03,0.91
V2V0371,1,A02,0.937
V2V0373,1,A01,0.989
V2V0375,1,A02,0.951
V2V0376,1,A01,0.981
V2V0377,1,A02,0.882
V2V0378,1,A05,0.946
V2V0379,1,A07,0.742
V2V0380,1,A03,0.906
V2V0381,1,A03,0.904
V2V0382,1,A09,0.864
V2V0383,1,A06,1.0
V2V0384,1,A08,0.793
V2V0385,1,A01,0.61
V2V0386,1,A05,0.606
V2V0387,1,A03,0.732
V2V0388,1,A03,0.93
V2V0389,1,A08,0.954
V2V0390,1,A04,0.939
V2V0391,1,A01,0.977
V2V0392,1,A09,0.93
V2V0393,1,A05,0.911
V2V0394,1,A04,0.519
V2V0395,1,A10,0.457
V2V0397,1,A07,0.949
V2V0398,1,A09,0.965
V2V0399,1,A07,0.911
V2V0400,1,A04,0.686
V2V0401,1,A06,0.926
V2V0402,1,A01,0.927
V2V0403,1,A06,0.875
V2V0404,1,A05,0.874
V2V0405,1,A08,0.608
V2V0407,1,A09,0.813
V2V0408,1,A01,0.954
V2V0409,1,A07,0.753
V2V0410,1,A01,0.917
V2V0412,1,A05,0.977
V2V0413,1,A02,0.666
V2V0414,1,A06,0.983
V2V0415,1,A10,0.398
V2V0416,1,A09,0.961
V2V0417,1,A02,0.827
V2V0418,1,A06,0.98
V2V0419,1,A05,0.977
V2V0420,1,A07,0.895
V2V0421,1,A06,0.921
V2V0424,1,A09,0.791
V2V0425,1,A04,0.794
V2V0426,1,A04,0.238
V2V0427,1,A05,0.739
V2V0429,1,A08,0.812
V2V0430,1,A09,0.777
V2V0432,1,A06,0.933
V2V0433,1,A03,0.923
V2V0434,1,A03,0.669
V2V0435,1,A05,0.937
V2V0436,1,A07,0.764
V2V0438,1,A05,0.849
V2V0439,1,A08,0.784
V2V0440,1,A02,0.989
V2V0441,1,A09,0.886
V2V0443,1,A08,0.856
V2V0444,1,A06,0.836
V2V0445,1,A01,0.903
V2V0446,1,A07,0.8
V2V0448,1,A02,0.854
V2V0449,1,A03,0.881
V2V0450,1,A01,0.913
V2V0451,1,A06,0.8
V2V0452,1,A05,0.856
V2V0453,1,A09,0.735
V2V0454,1,A05,0.935
V2V0455,1,A01,1.0
V2V0456,1,A02,0.93
V2V0457,1,A05,0.567
V2V0458,1,A02,0.901
V2V0460,1,A07,0.69
V2V0461,1,A09,0.636
V2V0463,1,A03,0.933
V2V0464,1,A04,0.129
V2V0465,1,A01,0.993
V2V0466,1,A08,0.886
V2V0467,1,A03,0.732
V2V0468,1,A03,0.879
V2V0469,1,A03,0.931
V2V0470,1,A05,0.991
V2V0471,1,A01,0.938
V2V0472,1,A03,0.95
V2V0473,1,A10,0.311
V2V0474,1,A06,0.993
V2V0475,1,A08,0.408
V2V0476,1,A07,0.555
V2V0477,1,A03,0.964
V2V0478,1,A09,0.841
V2V0479,1,A02,0.704
V2V0480,1,A07,0.833
V2V0481,1,A02,0.902
V2V0482,1,A02,1.0
V2V0483,1,A10,0.571
V2V0484,1,A04,0.945
V2V0487,1,A06,1.0
V2V0488,1,A09,0.834
V2V0489,1,A10,0.469
V2V0490,1,A08,0.786
V2V0491,1,A01,0.987
V2V0492,1,A02,0.889
V2V0493,1,A01,0.789
V2V0494,1,A02,0.899
V2V0495,1,A08,0.93
V2V0497,1,A10,0.144
V2V0498,1,A04,0.67
V2V0499,1,A02,0.89
V2V0500,1,A08,0.569
V2V0501,1,A01,0.71
V2V0502,1,A02,0.84
V2V0505,1,A04,0.639
V2V0506,1,A05,0.791
V2V0507,1,A06,0.963
V2V0509,1,A07,0.87
V2V0510,1,A09,0.898
V2V0512,1,A06,0.929
V2V0513,1,A03,0.922
V2V0514,1,A03,0.638
V2V0515,1,A05,0.85
V2V0517,1,A10,0.215
V2V0519,1,A08,0.644
V2V0520,1,A09,0.936
V2V0522,1,A07,0.705
V2V0523,1,A03,0.927
V2V0524,1,A09,0.913
V2V0525,1,A06,0.739
V2V0526,1,A08,0.745
V2V0527,1,A04,0.754
V2V0528,1,A08,0.234
V2V0529,1,A06,0.969
V2V0530,1,A07,0.833
V2V0531,1,A09,0.979
V2V0532,1,A02,0.887
V2V0533,1,A05,0.952
V2V0535,1,A09,0.813
V2V0536,1,A02,0.957
V2V0537,1,A09,0.836
V2V0539,1,A01,0.873
V2V0540,1,A08,0.575
V2V0541,1,A05,0.894
V2V0542,1,A02,0.897
V2V0543,1,A05,0.886
V2V0544,1,A06,0.957
V2V0545,1,A06,0.945
V2V0546,1,A04,0.262
V2V0547,1,A06,0.891
V2V0549,1,A05,0.855
V2V0550,1,A05,0.946
V2V0551,1,A03,0.997
V2V0552,1,A02,0.732
V2V0553,1,A07,0.861
V2V0555,1,A02,0.807
V2V0556,1,A07,0.861
V2V0557,1,A09,0.872
V2V0558,1,A02,0.9
V2V0559,1,A06,0.926
V2V0560,1,A06,0.996
V2V0561,1,A06,0.824
V2V0562,1,A10,0.284
V2V0563,1,A06,0.964
V2V0564,1,A09,0.828
V2V0566,1,A03,0.96
V2V0568,1,A08,0.907
V2V0570,1,A02,0.875
V2V0572,1,A03,0.845
V2V0573,1,A09,0.765
V2V0574,1,A09,0.985
V2V0575,1,A01,0.98
V2V0576,1,A03,0.993
V2V0577,1,A05,0.855
V2V0578,1,A06,0.933
V2V0580,1,A06,1.0
V2V0581,1,A07,0.574
V2V0582,1,A07,0.792
V2V0583,1,A08,0.87
V2V0584,1,A04,0.874
V2V0585,1,A01,0.947
V2V0586,1,A01,0.96
V2V0587,1,A02,0.729
V2V0588,1,A02,0.979
V2V0589,1,A03,0.926
V2V0590,1,A09,0.841
V2V0591,1,A04,0.581
V2V0592,1,A01,0.88
V2V0593,1,A01,0.975
V2V0595,1,A02,0.932
V2V0596,1,A02,0.952
V2V0598,1,A07,0.186
V2V0599,1,A03,0.843
V2V0600,1,A06,0.955
V2V0601,1,A07,0.521
V2V0602,1,A02,0.917
V2V0603,1,A09,0.882
V2V0604,1,A04,0.435
V2V0605,1,A05,0.914
V2V0606,1,A01,0.925
V2V0607,1,A02,0.98
V2V0608,1,A01,0.904
V2V0610,1,A08,0.831
V2V0611,1,A02,0.959
V2V0612,1,A02,1.0
V2V0613,1,A01,0.89
V2V0614,1,A06,0.636
V2V0615,1,A05,0.894
V2V0616,1,A04,0.935
V2V0617,1,A07,0.843
V2V0618,1,A02,0.696
V2V0620,1,A01,0.906
V2V0621,1,A03,0.969
V2V0622,1,A03,0.984
V2V0623,1,A09,0.921
V2V0624,1,A01,0.915
V2V0625,1,A07,0.596
V2V0626,1,A04,0.849
V2V0627,1,A01,0.867
V2V0628,1,A07,0.793
V2V0629,1,A08,0.921
V2V0631,1,A09,0.613
V2V0632,1,A10,0.285
V2V0633,1,A02,0.725
V2V0636,1,A06,0.659
V2V0638,1,A03,0.993
V2V0639,1,A08,0.603
V2V0640,1,A03,0.949
V2V0641,1,A03,0.886
V2V0642,1,A08,0.865
V2V0643,1,A10,0.258
V2V0644,1,A04,0.611
V2V0645,1,A01,0.31
V2V0646,1,A07,0.948
V2V0647,1,A03,0.935
V2V0648,1,A07,0.887
V2V0649,1,A03,0.947
V2V0651,1,A03,0.986
V2V0652,1,A04,0.887
V2V0653,1,A01,0.92
V2V0655,1,A09,0.956
V2V0656,1,A05,0.534
V2V0657,1,A09,0.865
V2V0658,1,A04,0.759
V2V0659,1,A03,0.558
V2V0660,1,A02,0.873
V2V0661,1,A06,0.971
V2V0662,1,A07,0.658
V2V0663,1,A10,0.219
V2V0664,1,A07,0.852
V2V0665,1,A02,0.868
V2V0666,1,A10,0.195
V2V0667,1,A08,0.594
V2V0668,1,A09,0.871
V2V0670,1,A09,0.717
V2V0671,1,A08,0.838
V2V0672,1,A01,0.912
V2V0673,1,A02,0.864
V2V0674,1,A08,0.556
V2V0675,1,A01,0.635
V2V0676,1,A04,0.777
V2V0677,1,A04,0.814
V2V0678,1,A06,0.977
V2V0680,1,A03,1.0
V2V0681,1,A07,0.88
V2V0682,1,A03,0.956
V2V0683,1,A08,0.333
V2V0685,1,A01,0.975
V2V0686,1,A06,0.948
V2V0687,1,A07,0.318
V2V0688,1,A03,1.0
V2V0689,1,A03,0.897
V2V0690,1,A09,0.706
V2V0691,1,A01,0.922
V2V0692,1,A04,0.898
V2V0693,1,A07,0.834
V2V0694,1,A04,0.866
V2V0695,1,A03,0.981
V2V0697,1,A10,0.821
V2V0698,1,A03,0.879
V2V0699,1,A10,0.193
V2V0700,1,A02,0.892
V2V0701,1,A06,0.987
V2V0702,1,A04,0.579
V2V0704,1,A01,1.0
V2V0705,1,A02,0.854
V2V0707,1,A02,0.861
V2V0708,1,A04,0.755
V2V0709,1,A03,0.923
V2V0710,1,A07,0.734
V2V0711,1,A03,0.707
V2V0712,1,A03,0.94
V2V0713,1,A09,0.902
V2V0714,1,A06,0.725
V2V0715,1,A04,0.891
V2V0716,1,A10,0.512
V2V0718,1,A04,0.955
V2V0719,1,A08,0.745
V2V0720,1,A04,0.787
V2V0721,1,A05,0.417
V2V0722,1,A01,1.0
V2V0723,1,A04,0.585
V2V0724,1,A02,0.598
V2V0725,1,A10,0.535
V2V0726,1,A03,0.872
V2V0728,1,A03,0.807
V2V0731,1,A09,0.858
V2V0732,1,A03,0.804
V2V0734,1,A02,0.657
V2V0736,1,A05,0.378
V2V0737,1,A01,0.875
V2V0739,1,A09,0.837
V2V0740,1,A07,0.834
V2V0742,1,A08,0.845
V2V0743,1,A09,0.956
V2V0744,1,A08,0.84
V2V0745,1,A03,0.892
V2V0747,1,A01,0.927
V2V0748,1,A10,0.851
V2V0749,1,A09,0.794
V2V0750,1,A09,0.87
V2V0751,1,A06,1.0
V2V0752,1,A02,0.988
V2V0754,1,A09,0.847
V2V0755,1,A04,0.837
V2V0756,1,A01,0.916
V2V0757,1,A08,0.784
V2V0759,1,A05,0.825
V2V0760,1,A03,0.678
V2V0761,1,A05,0.971
V2V0762,1,A06,0.917
V2V0763,1,A06,0.75
V2V0764,1,A01,0.983
V2V0765,1,A04,0.845
V2V0766,1,A01,0.828
V2V0768,1,A08,0.531
V2V0770,1,A10,0.175
V2V0771,1,A05,0.864
V2V0772,1,A07,0.672
V2V0773,1,A09,0.946
V2V0774,1,A05,0.855
V2V0775,1,A06,0.896
V2V0776,1,A04,0.821
V2V0777,1,A02,0.766
V2V0778,1,A01,0.906
V2V0780,1,A06,0.89
V2V0781,1,A01,0.895
V2V0784,1,A04,0.863
V2V0786,1,A08,0.631
V2V0789,1,A09,0.898
V2V0790,1,A05,0.702
V2V0791,1,A05,0.924
V2V0793,1,A07,0.84
V2V0794,1,A04,0.955
V2V0795,1,A02,0.87
V2V0796,1,A09,0.937
V2V0798,1,A03,0.956
V2V0799,1,A06,0.895
V2V0800,1,A04,0.822
V2V0801,1,A05,1.0
V2V0803,1,A02,0.914
V2V0804,1,A01,0.933
V2V0805,1,A07,0.549
V2V0806,1,A03,0.838
V2V0807,1,A06,0.898
V2V0808,1,A01,0.959
V2V0809,1,A05,0.877
V2V0810,1,A06,0.926
V2V0811,1,A02,0.96
V2V0812,1,A03,0.922
V2V0813,1,A09,0.952
V2V0814,1,A03,0.859
V2V0815,1,A06,0.893
V2V0816,1,A05,0.998
V2V0817,1,A10,0.933
V2V0818,1,A02,0.899
V2V0819,1,A10,0.894
V2V0821,1,A02,0.963
V2V0822,1,A10,0.149
V2V0823,1,A06,0.879
V2V0824,1,A05,0.878
V2V0825,1,A09,0.878
V2V0826,1,A09,0.963
V2V0828,1,A04,0.894
V2V0829,1,A06,0.917
V2V0830,1,A02,0.992
V2V0831,1,A04,0.665
V2V0832,1,A03,0.929
V2V0833,1,A01,0.852
V2V0834,1,A04,0.936
V2V0835,1,A04,0.919
V2V0837,1,A06,0.931
V2V0838,1,A08,0.907
V2V0839,1,A06,0.914
V2V0840,1,A02,0.989
V2V0841,1,A10,0.856
V2V0842,1,A01,0.89
V2V0843,1,A06,0.983
V2V0845,1,A01,0.885
V2V0846,1,A10,0.199
V2V0847,1,A02,0.911
V2V0848,1,A02,0.906
V2V0849,1,A02,0.965
V2V0850,1,A03,0.898
V2V0851,1,A01,0.932
V2V0855,1,A01,0.788
V2V0857,1,A06,0.82
V2V0859,1,A09,0.931
V2V0862,1,A09,0.938
V2V0863,1,A08,0.87
V2V0864,1,A08,0.751
V2V0865,1,A10,0.417
V2V0866,1,A09,0.624
V2V0867,1,A08,0.676
V2V0868,1,A04,0.848
V2V0869,1,A02,0.927
V2V0870,1,A02,0.99
V2V0871,1,A09,0.671
V2V0872,1,A01,0.959
V2V0873,1,A03,0.882
V2V0874,1,A03,0.743
V2V0875,1,A01,0.962
V2V0876,1,A03,0.951
V2V0879,1,A09,0.629
V2V0880,1,A05,0.862
V2V0881,1,A02,1.0
V2V0882,1,A06,0.765
V2V0883,1,A07,0.85
V2V0887,1,A05,0.777
V2V0888,1,A02,0.895
V2V0892,1,A08,0.552
V2V0893,1,A04,0.906
V2V0894,1,A03,1.0
V2V0895,1,A05,0.871
V2V0896,1,A03,0.954
V2V0897,1,A01,0.94
V2V0898,1,A01,0.654
V2V0899,1,A07,0.867
V2V0900,1,A02,0.917
V2V0902,1,A06,0.874
V2V0903,1,A01,0.826
V2V0904,1,A02,0.851
V2V0905,1,A01,0.837
V2V0906,1,A07,0.843
V2V0910,1,A05,0.718
V2V0911,1,A08,0.864
V2V0912,1,A04,0.855
V2V0913,1,A03,0.939
V2V0915,1,A03,0.999
V2V0917,1,A10,0.246
V2V0919,1,A05,0.909
V2V0921,1,A05,0.639
V2V0922,1,A06,0.879
V2V0923,1,A02,0.918
V2V0925,1,A02,0.813
V2V0926,1,A03,0.811
V2V0927,1,A07,0.951
V2V0928,1,A09,0.585
V2V0931,1,A08,0.879
V2V0932,1,A07,0.711
V2V0933,1,A01,0.985
V2V0934,1,A06,0.777
V2V0935,1,A07,0.759
V2V0936,1,A06,0.996
V2V0937,1,A01,0.957
V2V0938,1,A02,0.816
V2V0939,1,A09,0.881
V2V0940,1,A06,0.968
V2V0943,1,A01,0.935
V2V0944,1,A03,0.885
V2V0945,1,A01,0.958
V2V0946,1,A03,0.904
V2V0947,1,A03,0.983
V2V0948,1,A02,0.987
V2V0949,1,A07,0.649
V2V0950,1,A02,0.896
V2V0951,1,A08,0.855
V2V0952,1,A02,0.888
V2V0957,1,A03,0.75
V2V0958,1,A01,1.0
V2V0959,1,A01,0.998
V2V0960,1,A08,0.632
V2V0961,1,A08,0.677
V2V0962,1,A06,1.0
V2V0963,1,A02,0.912
V2V0964,1,A01,0.92
V2V0965,1,A06,1.0
V2V0966,1,A08,0.557
V2V0967,1,A03,0.954
V2V0968,1,A04,0.938
V2V0969,1,A07,0.741
V2V0970,1,A05,0.882
V2V0971,1,A09,0.627
V2V0972,1,A06,1.0
V2V0975,1,A02,0.85
V2V0976,1,A05,0.886
V2V0977,1,A05,0.982
V2V0979,1,A03,0.864
V2V0981,1,A02,0.856
V2V0983,1,A03,0.88
V2V0984,1,A06,0.88
V2V0985,1,A04,0.782
V2V0986,1,A06,0.976
V2V0987,1,A06,0.75
V2V0988,1,A06,0.715
V2V0989,1,A08,0.325
V2V0990,1,A01,0.9
V2V0991,1,A02,0.962
V2V0992,1,A05,0.976
V2V0993,1,A03,0.75
V2V0994,1,A01,0.794
V2V0995,1,A04,0.83
V2V0996,1,A05,1.0
V2V0997,1,A05,0.878
V2V0998,1,A02,0.965
V2V0001,2,A04,0.918
V2V0003,2,A08,0.332
V2V0004,2,A06,0.975
V2V0005,2,A08,0.948
V2V0006,2,A06,0.907
V2V0007,2,A07,0.214
V2V0008,2,A02,0.842
V2V0009,2,A02,0.958
V2V0010,2,A08,0.349
V2V0011,2,A09,0.891
V2V0012,2,A10,0.538
V2V0013,2,A08,0.812
V2V0014,2,A01,0.52
V2V0016,2,A05,0.678
V2V0017,2,A06,0.96
V2V0018,2,A09,0.834
V2V0019,2,A06,0.898
V2V0021,2,A03,0.865
V2V0022,2,A06,0.817
V2V0023,2,A02,0.885
V2V0024,2,A03,1.0
V2V0025,2,A08,0.794
V2V0027,2,A06,0.929
V2V0028,2,A04,0.827
V2V0029,2,A05,0.941
V2V0030,2,A01,0.972
V2V0031,2,A10,0.887
V2V0032,2,A09,0.951
V2V0035,2,A03,0.924
V2V0036,2,A04,0.829
V2V0037,2,A08,0.858
V2V0038,2,A04,0.581
V2V0039,2,A03,0.734
V2V0040,2,A09,0.982
V2V0041,2,A03,0.813
V2V0042,2,A09,0.985
V2V0044,2,A10,0.984
V2V0045,2,A06,0.926
V2V0046,2,A09,0.913
V2V0047,2,A10,0.983
V2V0048,2,A09,0.985
V2V0049,2,A05,0.982
V2V0050,2,A07,0.628
V2V0052,2,A09,0.932
V2V0053,2,A09,0.894
V2V0055,2,A10,0.918
V2V0056,2,A10,0.451
V2V0057,2,A02,0.979
V2V0060,2,A03,0.841
V2V0061,2,A09,0.942
V2V0063,2,A10,0.442
V2V0065,2,A06,0.716
V2V0067,2,A03,0.723
V2V0068,2,A09,0.978
V2V0069,2,A01,0.784
V2V0070,2,A01,0.857
V2V0074,2,A10,0.546
V2V0075,2,A04,0.541
V2V0076,2,A02,0.637
V2V0077,2,A02,1.0
V2V0078,2,A04,0.612
V2V0081,2,A09,0.638
V2V0083,2,A03,0.981
V2V0084,2,A08,0.618
V2V0085,2,A10,0.355
V2V0086,2,A01,1.0
V2V0087,2,A08,0.859
V2V0088,2,A10,0.953
V2V0089,2,A09,0.819
V2V0090,2,A05,0.924
V2V0091,2,A10,0.923
V2V0092,2,A07,0.509
V2V0093,2,A08,0.772
V2V0094,2,A02,0.919
V2V0097,2,A09,0.928
V2V0098,2,A02,0.936
V2V0100,2,A02,0.84
V2V0101,2,A10,0.937
V2V0102,2,A04,0.955
V2V0104,2,A01,0.183
V2V0105,2,A03,0.883
V2V0106,2,A09,0.904
V2V0108,2,A10,0.563
V2V0110,2,A06,1.0
V2V0111,2,A08,0.424
V2V0113,2,A03,0.925
V2V0114,2,A10,0.571
V2V0115,2,A09,0.957
V2V0116,2,A06,0.832
V2V0117,2,A06,0.73
V2V0118,2,A02,0.937
V2V0119,2,A03,0.974
V2V0120,2,A06,0.972
V2V0122,2,A10,0.545
V2V0124,2,A09,0.896
V2V0125,2,A01,0.602
V2V0126,2,A02,0.922
V2V0127,2,A09,0.894
V2V0128,2,A01,0.979
V2V0129,2,A05,0.936
V2V0131,2,A01,0.73
V2V0132,2,A04,0.827
V2V0133,2,A08,0.606
V2V0134,2,A05,0.946
V2V0135,2,A04,0.847
V2V0137,2,A06,0.994
V2V0138,2,A05,0.983
V2V0139,2,A05,0.866
V2V0140,2,A02,0.888
V2V0141,2,A05,0.941
V2V0142,2,A08,0.907
V2V0144,2,A03,0.979
V2V0145,2,A05,0.965
V2V0147,2,A05,0.995
V2V0149,2,A03,0.925
V2V0150,2,A09,0.714
V2V0152,2,A03,0.833
V2V0153,2,A06,0.907
V2V0154,2,A03,0.722
V2V0155,2,A01,0.661
V2V0156,2,A01,0.978
V2V0157,2,A06,0.871
V2V0158,2,A03,0.945
V2V0160,2,A07,0.6
V2V0161,2,A02,0.967
V2V0162,2,A05,0.917
V2V0163,2,A03,0.947
V2V0164,2,A09,0.985
V2V0165,2,A06,0.919
V2V0166,2,A05,0.972
V2V0167,2,A02,0.961
V2V0168,2,A05,0.65
V2V0169,2,A06,0.935
V2V0170,2,A01,0.924
V2V0171,2,A02,0.914
V2V0172,2,A05,0.914
V2V0174,2,A03,0.98
V2V0175,2,A01,0.841
V2V0176,2,A09,0.907
V2V0177,2,A01,0.928
V2V0179,2,A05,0.997
V2V0180,2,A01,0.996
V2V0181,2,A02,0.993
V2V0182,2,A05,0.918
V2V0183,2,A01,0.927
V2V0184,2,A04,0.774
V2V0185,2,A02,0.688
V2V0186,2,A04,0.634
V2V0187,2,A02,0.958
V2V0189,2,A05,0.844
V2V0190,2,A02,1.0
V2V0192,2,A05,0.997
V2V0193,2,A05,0.87
V2V0194,2,A04,0.729
V2V0196,2,A09,0.925
V2V0199,2,A09,0.917
V2V0200,2,A06,0.976
V2V0202,2,A06,0.962
V2V0203,2,A02,0.96
V2V0204,2,A01,0.869
V2V0205,2,A06,0.922
V2V0206,2,A03,0.641
V2V0207,2,A02,0.873
V2V0208,2,A05,0.909
V2V0209,2,A01,1.0
V2V0210,2,A08,0.379
V2V0213,2,A03,0.823
V2V0214,2,A01,0.999
V2V0215,2,A01,0.859
V2V0216,2,A09,0.961
V2V0217,2,A09,0.669
V2V0218,2,A05,0.8
V2V0219,2,A05,1.0
V2V0220,2,A06,0.926
V2V0221,2,A02,0.985
V2V0223,2,A07,0.737
V2V0224,2,A03,0.971
V2V0225,2,A01,0.87
V2V0227,2,A08,0.772
V2V0228,2,A06,0.904
V2V0229,2,A05,0.958
V2V0231,2,A05,0.917
V2V0232,2,A03,0.926
V2V0233,2,A06,0.968
V2V0234,2,A05,0.905
V2V0236,2,A04,0.801
V2V0237,2,A09,0.89
V2V0238,2,A01,0.642
V2V0239,2,A09,0.937
V2V0241,2,A06,0.973
V2V0242,2,A10,0.24
V2V0243,2,A01,0.995
V2V0244,2,A09,0.825
V2V0245,2,A01,0.891
V2V0246,2,A01,0.977
V2V0248,2,A04,0.557
V2V0250,2,A09,0.939
V2V0251,2,A03,0.979
V2V0252,2,A07,0.704
V2V0253,2,A07,0.734
V2V0254,2,A03,0.804
V2V0256,2,A09,0.975
V2V0258,2,A03,0.953
V2V0259,2,A05,0.948
V2V0260,2,A06,0.969
V2V0261,2,A05,0.861
V2V0262,2,A03,0.936
V2V0264,2,A06,0.885
V2V0265,2,A05,0.867
V2V0266,2,A06,0.874
V2V0269,2,A03,0.789
V2V0270,2,A04,0.641
V2V0271,2,A01,0.908
V2V0272,2,A02,0.919
V2V0273,2,A03,1.0
V2V0274,2,A03,0.924
V2V0275,2,A03,0.84
V2V0276,2,A06,0.831
V2V0277,2,A02,0.697
V2V0279,2,A02,0.931
V2V0280,2,A09,0.765
V2V0281,2,A07,0.955
V2V0282,2,A03,0.821
V2V0285,2,A05,0.633
V2V0288,2,A05,0.785
V2V0289,2,A03,0.926
V2V0290,2,A07,0.827
V2V0291,2,A07,0.871
V2V0292,2,A08,0.651
V2V0293,2,A07,0.875
V2V0294,2,A04,0.916
V2V0295,2,A05,0.974
V2V0297,2,A09,0.954
V2V0298,2,A01,0.912
V2V0300,2,A03,0.999
V2V0302,2,A02,0.75
V2V0303,2,A06,0.912
V2V0304,2,A03,0.711
V2V0305,2,A03,0.886
V2V0306,2,A09,0.985
V2V0307,2,A02,0.83
V2V0308,2,A07,0.851
V2V0309,2,A05,0.857
V2V0310,2,A08,0.449
V2V0312,2,A06,0.612
V2V0313,2,A09,0.957
V2V0316,2,A09,0.959
V2V0317,2,A03,0.882
V2V0319,2,A02,0.944
V2V0320,2,A09,0.975
V2V0321,2,A07,0.537
V2V0324,2,A07,0.838
V2V0325,2,A09,0.891
V2V0326,2,A04,0.898
V2V0327,2,A05,1.0
V2V0329,2,A05,0.934
V2V0330,2,A09,0.893
V2V0331,2,A01,0.842
V2V0332,2,A07,0.847
V2V0333,2,A06,0.713
V2V0334,2,A08,0.758
V2V0335,2,A06,0.985
V2V0337,2,A10,0.852
V2V0338,2,A05,0.859
V2V0339,2,A08,0.84
V2V0342,2,A03,0.713
V2V0343,2,A07,0.784
V2V0344,2,A03,0.955
V2V0348,2,A03,0.899
V2V0349,2,A03,0.935
V2V0350,2,A05,0.75
V2V0351,2,A09,0.803
V2V0353,2,A02,0.866
V2V0354,2,A01,0.721
V2V0355,2,A03,0.856
V2V0358,2,A09,0.856
V2V0359,2,A06,0.663
V2V0362,2,A06,0.983
V2V0363,2,A04,0.913
V2V0366,2,A04,0.79
V2V0368,2,A06,0.989
V2V0370,2,A06,0.578
V2V0371,2,A02,1.0
V2V0373,2,A09,0.912
V2V0375,2,A04,0.542
V2V0376,2,A06,0.866
V2V0377,2,A07,0.517
V2V0378,2,A06,0.941
V2V0379,2,A06,0.984
V2V0380,2,A06,0.823
V2V0381,2,A09,0.666
V2V0382,2,A06,0.946
V2V0383,2,A02,0.993
V2V0384,2,A03,0.976
V2V0385,2,A08,0.914
V2V0386,2,A01,0.91
V2V0387,2,A02,0.808
V2V0388,2,A01,0.954
V2V0389,2,A06,0.941
V2V0390,2,A06,0.953
V2V0391,2,A01,0.875
V2V0392,2,A08,0.569
V2V0393,2,A06,0.914
V2V0394,2,A01,0.929
V2V0395,2,A06,0.923
V2V0397,2,A01,0.975
V2V0398,2,A06,0.984
V2V0399,2,A05,0.773
V2V0400,2,A08,0.809
V2V0401,2,A06,0.861
V2V0402,2,A07,0.862
V2V0403,2,A01,0.994
V2V0404,2,A01,0.774
V2V0405,2,A01,0.937
V2V0407,2,A08,0.627
V2V0408,2,A01,1.0
V2V0409,2,A02,1.0
V2V0410,2,A05,0.959
V2V0412,2,A05,0.792
V2V0413,2,A06,0.975
V2V0414,2,A02,1.0
V2V0415,2,A04,0.605
V2V0416,2,A03,0.964
V2V0417,2,A02,0.934
V2V0418,2,A03,0.97
V2V0419,2,A06,0.94
V2V0420,2,A04,0.843
V2V0421,2,A07,0.824
V2V0424,2,A01,0.678
V2V0425,2,A09,0.866
V2V0426,2,A07,0.759
V2V0427,2,A02,0.922
V2V0429,2,A06,0.939
V2V0430,2,A01,0.946
V2V0432,2,A03,0.912
V2V0433,2,A02,0.974
V2V0434,2,A06,0.75
V2V0435,2,A05,0.993
V2V0436,2,A02,0.951
V2V0438,2,A07,0.874
V2V0439,2,A06,0.979
V2V0440,2,A08,0.796
V2V0441,2,A08,0.81
V2V0443,2,A01,0.924
V2V0444,2,A05,0.852
V2V0445,2,A01,0.93
V2V0446,2,A08,0.353
V2V0448,2,A03,0.98
V2V0449,2,A05,0.928
V2V0450,2,A01,0.925
V2V0451,2,A04,0.705
V2V0452,2,A05,1.0
V2V0453,2,A02,0.884
V2V0454,2,A05,0.828
V2V0455,2,A07,0.791
V2V0456,2,A07,0.746
V2V0457,2,A03,0.94
V2V0458,2,A06,0.903
V2V0460,2,A06,0.802
V2V0461,2,A01,0.91
V2V0463,2,A03,0.949
V2V0464,2,A07,0.857
V2V0465,2,A05,0.987
V2V0466,2,A09,0.825
V2V0467,2,A07,0.688
V2V0468,2,A05,0.798
V2V0469,2,A03,0.995
V2V0470,2,A07,0.808
V2V0471,2,A06,0.864
V2V0472,2,A02,0.991
V2V0473,2,A03,0.966
V2V0474,2,A05,0.934
V2V0475,2,A06,0.993
V2V0476,2,A02,0.968
V2V0477,2,A01,0.995
V2V0478,2,A09,0.96
V2V0479,2,A03,0.855
V2V0480,2,A06,0.917
V2V0481,2,A03,0.988
V2V0482,2,A02,0.697
V2V0483,2,A01,0.984
V2V0484,2,A01,0.904
V2V0487,2,A03,0.848
V2V0488,2,A03,0.989
V2V0489,2,A01,0.886
V2V0490,2,A02,0.852
V2V0491,2,A03,0.96
V2V0492,2,A08,0.629
V2V0493,2,A01,0.866
V2V0494,2,A03,0.7
V2V0495,2,A03,0.922
V2V0497,2,A05,1.0
V2V0498,2,A05,0.921
V2V0499,2,A06,0.879
V2V0500,2,A06,0.96
V2V0501,2,A01,0.803
V2V0502,2,A03,0.653
V2V0505,2,A05,0.918
V2V0506,2,A06,1.0
V2V0507,2,A05,1.0
V2V0509,2,A03,0.995
V2V0510,2,A02,0.634
V2V0512,2,A01,0.898
V2V0513,2,A05,0.983
V2V0514,2,A09,0.925
V2V0515,2,A03,0.883
V2V0517,2,A05,0.966
V2V0519,2,A09,0.686
V2V0520,2,A03,0.914
V2V0522,2,A05,0.921
V2V0523,2,A09,0.944
V2V0524,2,A06,0.918
V2V0525,2,A08,0.627
V2V0526,2,A07,0.945
V2V0527,2,A06,0.944
V2V0528,2,A06,0.91
V2V0529,2,A09,0.735
V2V0530,2,A05,0.897
V2V0531,2,A02,0.941
V2V0532,2,A05,0.946
V2V0533,2,A05,0.794
V2V0535,2,A02,0.858
V2V0536,2,A03,0.986
V2V0537,2,A06,0.986
V2V0539,2,A08,0.243
V2V0540,2,A09,0.979
V2V0541,2,A09,0.881
V2V0542,2,A03,0.929
V2V0543,2,A03,0.993
V2V0544,2,A06,0.925
V2V0545,2,A03,0.891
V2V0546,2,A02,0.904
V2V0547,2,A05,0.688
V2V0549,2,A06,0.91
V2V0550,2,A06,0.89
V2V0551,2,A01,1.0
V2V0552,2,A05,0.979
V2V0553,2,A03,1.0
V2V0555,2,A01,0.98
V2V0556,2,A05,0.79
V2V0557,2,A06,0.75
V2V0558,2,A03,1.0
V2V0559,2,A01,0.922
V2V0560,2,A03,0.911
V2V0561,2,A06,0.915
V2V0562,2,A06,0.881
V2V0563,2,A04,0.873
V2V0564,2,A02,0.993
V2V0566,2,A09,0.815
V2V0568,2,A02,0.858
V2V0570,2,A09,0.908
V2V0572,2,A05,0.957
V2V0573,2,A02,0.847
V2V0574,2,A03,0.967
V2V0575,2,A01,1.0
V2V0576,2,A03,0.95
V2V0577,2,A02,0.628
V2V0578,2,A02,1.0
V2V0580,2,A09,0.974
V2V0581,2,A06,0.736
V2V0582,2,A09,0.917
V2V0583,2,A03,0.995
V2V0584,2,A09,0.908
V2V0585,2,A03,0.992
V2V0586,2,A03,0.885
V2V0587,2,A08,0.811
V2V0588,2,A09,0.912
V2V0589,2,A02,0.879
V2V0590,2,A03,0.932
V2V0591,2,A10,0.145
V2V0592,2,A06,1.0
V2V0593,2,A07,0.863
V2V0595,2,A03,0.935
V2V0596,2,A05,0.985
V2V0598,2,A05,0.981
V2V0599,2,A02,0.976
V2V0600,2,A07,0.864
V2V0601,2,A01,0.928
V2V0602,2,A07,0.927
V2V0603,2,A07,0.487
V2V0604,2,A07,0.906
V2V0605,2,A07,0.716
V2V0606,2,A02,0.892
V2V0607,2,A09,0.899
V2V0608,2,A06,0.849
V2V0610,2,A05,0.919
V2V0611,2,A05,0.949
V2V0612,2,A04,0.82
V2V0613,2,A03,0.702
V2V0614,2,A03,0.997
V2V0615,2,A05,0.911
V2V0616,2,A08,0.887
V2V0617,2,A05,0.499
V2V0618,2,A09,0.769
V2V0620,2,A05,1.0
V2V0621,2,A06,0.905
V2V0622,2,A02,0.882
V2V0623,2,A08,0.582
V2V0624,2,A07,0.955
V2V0625,2,A02,0.75
V2V0626,2,A03,0.911
V2V0627,2,A02,0.944
V2V0628,2,A06,0.931
V2V0629,2,A07,0.878
V2V0631,2,A04,0.924
V2V0632,2,A04,0.868
V2V0633,2,A09,0.895
V2V0636,2,A03,0.928
V2V0638,2,A09,0.869
V2V0639,2,A03,0.982
V2V0640,2,A09,0.905
V2V0641,2,A08,0.836
V2V0642,2,A02,0.813
V2V0643,2,A08,0.777
V2V0644,2,A09,0.829
V2V0645,2,A03,0.984
V2V0646,2,A03,0.878
V2V0647,2,A04,0.558
V2V0648,2,A08,0.842
V2V0649,2,A08,0.648
V2V0651,2,A03,0.858
V2V0652,2,A04,0.659
V2V0653,2,A01,0.98
V2V0655,2,A04,0.61
V2V0656,2,A06,0.977
V2V0657,2,A01,0.914
V2V0658,2,A10,0.232
V2V0659,2,A08,0.873
V2V0660,2,A06,0.948
V2V0661,2,A06,1.0
V2V0662,2,A04,0.899
V2V0663,2,A01,0.87
V2V0664,2,A01,0.88
V2V0665,2,A09,0.983
V2V0666,2,A03,0.878
V2V0667,2,A09,0.711
V2V0668,2,A07,0.787
V2V0670,2,A08,0.477
V2V0671,2,A09,0.899
V2V0672,2,A01,0.985
V2V0673,2,A01,0.925
V2V0674,2,A03,0.875
V2V0675,2,A02,0.931
V2V0676,2,A02,1.0
V2V0677,2,A03,0.823
V2V0678,2,A06,1.0
V2V0680,2,A03,0.865
V2V0681,2,A07,0.88
V2V0682,2,A02,0.807
V2V0683,2,A06,0.673
V2V0685,2,A01,0.959
V2V0686,2,A01,0.975
V2V0687,2,A09,0.878
V2V0688,2,A09,0.643
V2V0689,2,A08,0.911
V2V0690,2,A03,0.915
V2V0691,2,A10,0.837
V2V0692,2,A08,0.798
V2V0693,2,A07,0.831
V2V0694,2,A01,0.951
V2V0695,2,A04,0.686
V2V0697,2,A02,1.0
V2V0698,2,A09,0.985
V2V0699,2,A09,0.985
V2V0700,2,A09,0.95
V2V0701,2,A06,1.0
V2V0702,2,A08,0.559
V2V0704,2,A03,0.895
V2V0705,2,A06,1.0
V2V0707,2,A01,0.864
V2V0708,2,A09,0.901
V2V0709,2,A03,0.827
V2V0710,2,A07,0.752
V2V0711,2,A06,0.999
V2V0712,2,A03,0.88
V2V0713,2,A09,0.985
V2V0714,2,A01,0.978
V2V0715,2,A08,0.638
V2V0716,2,A02,0.604
V2V0718,2,A02,0.942
V2V0719,2,A10,0.127
V2V0720,2,A04,0.837
V2V0721,2,A07,0.745
V2V0722,2,A01,0.903
V2V0723,2,A10,0.094
V2V0724,2,A01,0.948
V2V0725,2,A04,0.851
V2V0726,2,A02,1.0
V2V0728,2,A03,0.993
V2V0731,2,A07,0.89
V2V0732,2,A07,0.666
V2V0734,2,A04,0.467
V2V0736,2,A03,0.949
V2V0737,2,A06,0.889
V2V0739,2,A03,0.882
V2V0740,2,A09,0.97
V2V0742,2,A10,0.478
V2V0743,2,A07,0.604
V2V0744,2,A03,1.0
V2V0745,2,A03,0.778
V2V0747,2,A03,0.74
V2V0748,2,A02,0.918
V2V0749,2,A04,0.786
V2V0750,2,A02,0.981
V2V0751,2,A04,0.791
V2V0752,2,A08,0.887
V2V0754,2,A02,0.865
V2V0755,2,A02,0.712
V2V0756,2,A02,0.998
V2V0757,2,A09,0.487
V2V0759,2,A02,1.0
V2V0760,2,A05,0.833
V2V0761,2,A05,0.929
V2V0762,2,A03,0.908
V2V0763,2,A05,0.975
V2V0764,2,A05,0.886
V2V0765,2,A01,0.863
V2V0766,2,A04,0.61
V2V0768,2,A02,0.948
V2V0770,2,A02,0.93
V2V0771,2,A04,0.73
V2V0772,2,A02,0.996
V2V0773,2,A07,0.801
V2V0774,2,A06,0.966
V2V0775,2,A05,0.877
V2V0776,2,A05,0.729
V2V0777,2,A09,0.98
V2V0778,2,A09,0.924
V2V0780,2,A07,0.77
V2V0781,2,A01,0.991
V2V0784,2,A08,0.628
V2V0786,2,A01,0.793
V2V0789,2,A02,0.877
V2V0790,2,A02,0.888
V2V0791,2,A02,0.983
V2V0793,2,A02,0.967
V2V0794,2,A10,0.889
V2V0795,2,A02,0.94
V2V0796,2,A09,0.924
V2V0798,2,A02,0.988
V2V0799,2,A05,0.883
V2V0800,2,A02,0.888
V2V0801,2,A02,0.725
V2V0803,2,A10,0.921
V2V0804,2,A04,0.778
V2V0805,2,A06,0.93
V2V0806,2,A06,0.885
V2V0807,2,A06,0.936
V2V0808,2,A01,0.861
V2V0809,2,A03,0.913
V2V0810,2,A05,0.78
V2V0811,2,A01,0.952
V2V0812,2,A05,0.853
V2V0813,2,A09,0.667
V2V0814,2,A10,0.431
V2V0815,2,A06,0.892
V2V0816,2,A07,0.953
V2V0817,2,A02,0.951
V2V0818,2,A06,0.989
V2V0819,2,A07,0.882
V2V0821,2,A07,0.81
V2V0822,2,A07,0.743
V2V0823,2,A06,0.843
V2V0824,2,A01,1.0
V2V0825,2,A02,0.718
V2V0826,2,A09,0.964
V2V0828,2,A06,0.976
V2V0829,2,A02,0.896
V2V0830,2,A10,0.941
V2V0831,2,A08,0.559
V2V0832,2,A10,0.678
V2V0833,2,A02,1.0
V2V0834,2,A04,0.864
V2V0835,2,A04,0.779
V2V0837,2,A06,0.978
V2V0838,2,A06,0.96
V2V0839,2,A05,0.837
V2V0840,2,A09,0.962
V2V0841,2,A09,0.822
V2V0842,2,A06,1.0
V2V0843,2,A01,0.917
V2V0845,2,A03,0.994
V2V0846,2,A03,1.0
V2V0847,2,A04,0.742
V2V0848,2,A05,0.913
V2V0849,2,A05,0.938
V2V0850,2,A06,0.795
V2V0851,2,A03,0.995
V2V0855,2,A01,0.982
V2V0857,2,A02,0.956
V2V0859,2,A05,0.899
V2V0862,2,A01,0.935
V2V0863,2,A04,0.88
V2V0864,2,A09,0.8
V2V0865,2,A02,0.822
V2V0866,2,A02,0.93
V2V0867,2,A09,0.794
V2V0868,2,A09,0.806
V2V0869,2,A03,0.92
V2V0870,2,A02,0.889
V2V0871,2,A05,0.723
V2V0872,2,A01,0.902
V2V0873,2,A05,0.863
V2V0874,2,A04,0.786
V2V0875,2,A05,0.681
V2V0876,2,A02,0.892
V2V0879,2,A06,0.991
V2V0880,2,A03,0.872
V2V0881,2,A04,0.842
V2V0882,2,A07,0.606
V2V0883,2,A01,0.84
V2V0887,2,A06,0.986
V2V0888,2,A05,0.959
V2V0892,2,A05,0.756
V2V0893,2,A01,0.913
V2V0894,2,A03,0.94
V2V0895,2,A01,0.829
V2V0896,2,A02,0.824
V2V0897,2,A03,0.943
V2V0898,2,A01,0.889
V2V0899,2,A06,0.636
V2V0900,2,A05,0.894
V2V0902,2,A07,0.84
V2V0903,2,A09,0.83
V2V0904,2,A06,0.995
V2V0905,2,A02,0.876
V2V0906,2,A04,0.281
V2V0910,2,A03,0.968
V2V0911,2,A04,0.849
V2V0912,2,A04,0.828
V2V0913,2,A06,0.976
V2V0915,2,A01,0.88
V2V0917,2,A05,0.941
V2V0919,2,A01,0.928
V2V0921,2,A01,1.0
V2V0922,2,A05,0.737
V2V0923,2,A06,0.637
V2V0925,2,A05,0.99
V2V0926,2,A01,0.851
V2V0927,2,A06,0.908
V2V0928,2,A05,0.84
V2V0931,2,A06,0.934
V2V0932,2,A02,0.976
V2V0933,2,A01,0.873
V2V0934,2,A02,1.0
V2V0935,2,A07,0.871
V2V0936,2,A02,0.975
V2V0937,2,A07,0.669
V2V0938,2,A06,0.865
V2V0939,2,A02,0.967
V2V0940,2,A01,0.998
V2V0943,2,A06,0.975
V2V0944,2,A01,0.88
V2V0945,2,A02,0.993
V2V0946,2,A01,0.649
V2V0947,2,A02,0.943
V2V0948,2,A02,0.936
V2V0949,2,A01,0.985
V2V0950,2,A08,0.931
V2V0951,2,A06,1.0
V2V0952,2,A02,1.0
V2V0957,2,A08,0.867
V2V0958,2,A02,0.59
V2V0959,2,A06,0.878
V2V0960,2,A10,0.568
V2V0961,2,A02,0.956
V2V0962,2,A03,0.921
V2V0963,2,A03,0.924
V2V0964,2,A06,0.975
V2V0965,2,A03,0.871
V2V0966,2,A03,0.972
V2V0967,2,A05,0.926
V2V0968,2,A04,0.581
V2V0969,2,A07,0.579
V2V0970,2,A06,0.961
V2V0971,2,A08,0.794
V2V0972,2,A05,0.959
V2V0975,2,A09,0.881
V2V0976,2,A03,0.974
V2V0977,2,A09,0.981
V2V0979,2,A01,0.967
V2V0981,2,A05,0.924
V2V0983,2,A03,0.941
V2V0984,2,A06,0.834
V2V0985,2,A03,0.892
V2V0986,2,A03,0.972
V2V0987,2,A09,0.902
V2V0988,2,A05,0.818
V2V0989,2,A02,0.965
V2V0990,2,A03,0.982
V2V0991,2,A02,0.932
V2V0992,2,A06,0.869
V2V0993,2,A09,0.858
V2V0994,2,A01,1.0
V2V0995,2,A01,0.998
V2V0996,2,A03,0.669
V2V0997,2,A09,0.894
V2V0998,2,A08,0.472
V2V0001,3,A04,0.876
V2V0003,3,A10,0.939
V2V0004,3,A10,0.968
V2V0005,3,A08,0.855
V2V0006,3,A10,0.245
V2V0007,3,A10,0.884
V2V0008,3,A02,0.944
V2V0009,3,A09,0.894
V2V0010,3,A03,1.0
V2V0011,3,A10,0.661
V2V0012,3,A03,0.947
V2V0013,3,A10,0.101
V2V0014,3,A03,0.836
V2V0016,3,A10,0.972
V2V0017,3,A03,0.856
V2V0018,3,A02,0.769
V2V0019,3,A09,0.95
V2V0021,3,A06,0.957
V2V0022,3,A06,0.977
V2V0023,3,A10,0.62
V2V0024,3,A03,0.923
V2V0025,3,A08,0.857
V2V0027,3,A06,0.993
V2V0028,3,A10,0.227
V2V0029,3,A05,0.914
V2V0030,3,A02,1.0
V2V0031,3,A02,0.604
V2V0032,3,A09,0.798
V2V0035,3,A03,0.852
V2V0036,3,A01,0.712
V2V0037,3,A03,0.935
V2V0038,3,A10,0.935
V2V0039,3,A07,0.934
V2V0040,3,A09,0.859
V2V0041,3,A06,0.99
V2V0042,3,A09,0.963
V2V0044,3,A02,0.988
V2V0045,3,A04,0.936
V2V0046,3,A06,0.886
V2V0047,3,A10,0.885
V2V0048,3,A10,0.923
V2V0049,3,A05,0.642
V2V0050,3,A09,0.895
V2V0052,3,A10,0.965
V2V0053,3,A09,0.766
V2V0055,3,A03,0.923
V2V0056,3,A04,0.901
V2V0057,3,A03,0.954
V2V0060,3,A06,0.937
V2V0061,3,A09,0.625
V2V0063,3,A03,1.0
V2V0065,3,A03,0.832
V2V0067,3,A02,0.849
V2V0068,3,A09,0.847
V2V0069,3,A01,0.888
V2V0070,3,A04,0.78
V2V0074,3,A06,0.9
V2V0075,3,A03,1.0
V2V0076,3,A05,0.935
V2V0077,3,A09,0.785
V2V0078,3,A06,0.873
V2V0081,3,A04,0.83
V2V0083,3,A03,0.986
V2V0084,3,A09,0.829
V2V0085,3,A08,0.894
V2V0086,3,A08,0.88
V2V0087,3,A09,0.846
V2V0088,3,A04,0.889
V2V0089,3,A09,0.707
V2V0090,3,A05,0.874
V2V0091,3,A09,0.582
V2V0092,3,A10,0.39
V2V0093,3,A08,0.569
V2V0094,3,A10,0.893
V2V0097,3,A09,0.879
V2V0098,3,A04,0.874
V2V0100,3,A02,0.789
V2V0101,3,A04,0.88
V2V0102,3,A04,0.826
V2V0104,3,A10,0.869
V2V0105,3,A10,0.837
V2V0106,3,A03,0.968
V2V0108,3,A08,0.588
V2V0110,3,A06,0.876
V2V0111,3,A04,0.874
V2V0113,3,A01,0.982
V2V0114,3,A09,0.806
V2V0115,3,A07,0.853
V2V0116,3,A04,0.855
V2V0117,3,A06,0.768
V2V0118,3,A02,0.794
V2V0119,3,A08,0.819
V2V0120,3,A03,0.75
V2V0122,3,A09,0.975
V2V0124,3,A04,0.954
V2V0125,3,A02,0.988
V2V0126,3,A10,0.261
V2V0127,3,A02,0.97
V2V0128,3,A02,0.903
V2V0129,3,A02,0.913
V2V0131,3,A06,0.942
V2V0132,3,A03,0.788
V2V0133,3,A05,0.985
V2V0134,3,A06,0.887
V2V0135,3,A06,1.0
V2V0137,3,A06,0.866
V2V0138,3,A05,0.973
V2V0139,3,A02,0.75
V2V0140,3,A09,0.961
V2V0141,3,A05,0.82
V2V0142,3,A01,0.93
V2V0144,3,A02,0.873
V2V0145,3,A09,0.984
V2V0147,3,A05,0.988
V2V0149,3,A05,0.897
V2V0150,3,A05,0.898
V2V0152,3,A06,0.992
V2V0153,3,A03,0.927
V2V0154,3,A01,0.897
V2V0155,3,A02,0.929
V2V0156,3,A02,0.925
V2V0157,3,A05,0.925
V2V0158,3,A10,0.467
V2V0160,3,A06,0.965
V2V0161,3,A02,0.908
V2V0162,3,A09,0.935
V2V0163,3,A05,0.989
V2V0164,3,A03,0.94
V2V0165,3,A10,0.214
V2V0166,3,A07,0.88
V2V0167,3,A05,0.966
V2V0168,3,A06,1.0
V2V0169,3,A05,0.985
V2V0170,3,A01,0.943
V2V0171,3,A02,0.919
V2V0172,3,A06,0.968
V2V0174,3,A05,0.988
V2V0175,3,A01,0.882
V2V0176,3,A05,0.707
V2V0177,3,A01,0.927
V2V0179,3,A08,0.896
V2V0180,3,A05,0.695
V2V0181,3,A06,0.81
V2V0182,3,A05,0.885
V2V0183,3,A06,0.92
V2V0184,3,A09,0.699
V2V0185,3,A05,0.778
V2V0186,3,A01,0.833
V2V0187,3,A02,0.953
V2V0189,3,A03,0.989
V2V0190,3,A05,0.995
V2V0192,3,A05,0.646
V2V0193,3,A08,0.384
V2V0194,3,A02,0.965
V2V0196,3,A06,0.919
V2V0199,3,A02,0.968
V2V0200,3,A05,0.96
V2V0202,3,A01,1.0
V2V0203,3,A03,0.965
V2V0204,3,A02,0.82
V2V0205,3,A05,0.856
V2V0206,3,A06,0.871
V2V0207,3,A05,0.869
V2V0208,3,A09,0.831
V2V0209,3,A01,0.719
V2V0210,3,A04,0.69
V2V0213,3,A03,0.826
V2V0214,3,A01,0.901
V2V0215,3,A06,0.633
V2V0216,3,A03,0.768
V2V0217,3,A03,0.857
V2V0218,3,A02,0.996
V2V0219,3,A02,0.937
V2V0220,3,A01,0.903
V2V0221,3,A01,0.884
V2V0223,3,A09,0.877
V2V0224,3,A02,0.845
V2V0225,3,A09,0.853
V2V0227,3,A09,0.648
V2V0228,3,A09,0.838
V2V0229,3,A01,0.997
V2V0231,3,A06,0.979
V2V0232,3,A03,0.838
V2V0233,3,A05,0.938
V2V0234,3,A05,0.957
V2V0236,3,A05,0.92
V2V0237,3,A05,0.937
V2V0238,3,A03,0.982
V2V0239,3,A05,0.848
V2V0241,3,A06,0.932
V2V0242,3,A08,0.689
V2V0243,3,A01,0.811
V2V0244,3,A01,0.924
V2V0245,3,A05,0.643
V2V0246,3,A01,0.842
V2V0248,3,A02,0.803
V2V0250,3,A09,0.94
V2V0251,3,A01,0.95
V2V0252,3,A03,0.859
V2V0253,3,A09,0.89
V2V0254,3,A02,0.88
V2V0256,3,A08,0.657
V2V0258,3,A09,0.811
V2V0259,3,A02,1.0
V2V0260,3,A05,0.926
V2V0261,3,A03,0.973
V2V0262,3,A09,0.944
V2V0264,3,A09,0.66
V2V0265,3,A02,0.989
V2V0266,3,A07,0.539
V2V0269,3,A05,0.803
V2V0270,3,A02,0.956
V2V0271,3,A08,0.834
V2V0272,3,A02,0.828
V2V0273,3,A09,0.802
V2V0274,3,A05,0.961
V2V0275,3,A03,0.933
V2V0276,3,A03,0.95
V2V0277,3,A02,0.925
V2V0279,3,A05,0.97
V2V0280,3,A03,0.973
V2V0281,3,A09,0.963
V2V0282,3,A01,0.707
V2V0285,3,A03,1.0
V2V0288,3,A02,0.991
V2V0289,3,A04,0.852
V2V0290,3,A01,0.947
V2V0291,3,A04,0.818
V2V0292,3,A05,0.863
V2V0293,3,A02,0.747
V2V0294,3,A03,0.948
V2V0295,3,A03,0.983
V2V0297,3,A03,0.81
V2V0298,3,A01,1.0
V2V0300,3,A01,0.985
V2V0302,3,A03,0.877
V2V0303,3,A03,0.972
V2V0304,3,A06,0.951
V2V0305,3,A01,0.879
V2V0306,3,A05,0.978
V2V0307,3,A06,0.958
V2V0308,3,A02,0.734
V2V0309,3,A09,0.936
V2V0310,3,A05,0.924
V2V0312,3,A03,0.931
V2V0313,3,A03,0.935
V2V0316,3,A02,0.895
V2V0317,3,A04,0.891
V2V0319,3,A03,1.0
V2V0320,3,A01,0.981
V2V0321,3,A09,0.912
V2V0324,3,A01,0.999
V2V0325,3,A02,0.95
V2V0326,3,A04,0.827
V2V0327,3,A09,0.847
V2V0329,3,A05,0.75
V2V0330,3,A09,0.833
V2V0331,3,A06,0.75
V2V0332,3,A07,0.955
V2V0333,3,A08,0.786
V2V0334,3,A01,0.845
V2V0335,3,A05,0.996
V2V0337,3,A01,0.993
V2V0338,3,A02,0.797
V2V0339,3,A08,0.82
V2V0342,3,A07,0.485
V2V0343,3,A01,0.897
V2V0344,3,A05,0.725
V2V0348,3,A03,0.779
V2V0349,3,A02,0.896
V2V0350,3,A07,0.8
V2V0351,3,A01,0.994
V2V0353,3,A09,0.843
V2V0354,3,A10,0.88
V2V0355,3,A09,0.901
V2V0358,3,A08,0.857
V2V0359,3,A09,0.985
V2V0362,3,A01,0.891
V2V0363,3,A03,0.816
V2V0366,3,A01,0.831
V2V0368,3,A01,0.965
V2V0370,3,A03,0.967
V2V0371,3,A01,0.879
V2V0373,3,A09,0.827
V2V0375,3,A08,0.909
V2V0376,3,A10,0.3
V2V0377,3,A01,0.894
V2V0378,3,A01,0.904
V2V0379,3,A01,1.0
V2V0380,3,A09,0.924
V2V0381,3,A02,0.899
V2V0382,3,A01,0.88
V2V0383,3,A03,0.817
V2V0384,3,A06,0.981
V2V0385,3,A06,0.973
V2V0386,3,A08,0.831
V2V0387,3,A01,0.915
V2V0388,3,A08,0.793
V2V0389,3,A06,0.889
V2V0390,3,A06,0.888
V2V0391,3,A07,0.798
V2V0392,3,A03,0.904
V2V0393,3,A06,1.0
V2V0394,3,A01,0.909
V2V0395,3,A01,0.911
V2V0397,3,A06,0.835
V2V0398,3,A06,0.945
V2V0399,3,A06,0.826
V2V0400,3,A08,0.845
V2V0401,3,A06,0.992
V2V0402,3,A05,0.948
V2V0403,3,A07,0.629
V2V0404,3,A01,1.0
V2V0405,3,A09,0.943
V2V0407,3,A01,0.952
V2V0408,3,A01,0.889
V2V0409,3,A05,0.954
V2V0410,3,A05,0.962
V2V0412,3,A09,0.878
V2V0413,3,A06,0.893
V2V0414,3,A02,0.998
V2V0415,3,A06,1.0
V2V0416,3,A03,0.813
V2V0417,3,A09,0.939
V2V0418,3,A03,0.893
V2V0419,3,A01,0.93
V2V0420,3,A04,0.839
V2V0421,3,A03,0.853
V2V0424,3,A01,0.703
V2V0425,3,A06,0.906
V2V0426,3,A06,0.929
V2V0427,3,A08,0.841
V2V0429,3,A03,0.897
V2V0430,3,A06,0.905
V2V0432,3,A05,0.945
V2V0433,3,A01,0.856
V2V0434,3,A02,0.995
V2V0435,3,A05,0.952
V2V0436,3,A06,0.954
V2V0438,3,A07,0.792
V2V0439,3,A07,0.774
V2V0440,3,A02,0.954
V2V0441,3,A03,0.995
V2V0443,3,A02,0.845
V2V0444,3,A06,0.744
V2V0445,3,A01,0.932
V2V0446,3,A09,0.899
V2V0448,3,A05,0.84
V2V0449,3,A08,0.386
V2V0450,3,A01,0.997
V2V0451,3,A07,0.779
V2V0452,3,A02,0.997
V2V0453,3,A02,0.707
V2V0454,3,A09,0.847
V2V0455,3,A02,0.93
V2V0456,3,A01,1.0
V2V0457,3,A01,0.793
V2V0458,3,A01,0.77
V2V0460,3,A01,0.905
V2V0461,3,A01,1.0
V2V0463,3,A05,0.75
V2V0464,3,A05,0.967
V2V0465,3,A05,0.895
V2V0466,3,A07,0.79
V2V0467,3,A07,0.649
V2V0468,3,A09,0.923
V2V0469,3,A02,0.972
V2V0470,3,A06,0.98
V2V0471,3,A07,0.793
V2V0472,3,A05,0.987
V2V0473,3,A03,0.841
V2V0474,3,A06,0.934
V2V0475,3,A07,0.921
V2V0476,3,A10,0.194
V2V0477,3,A06,0.904
V2V0478,3,A06,0.638
V2V0479,3,A01,0.988
V2V0480,3,A08,0.883
V2V0481,3,A05,1.0
V2V0482,3,A05,0.921
V2V0483,3,A01,0.998
V2V0484,3,A04,0.648
V2V0487,3,A06,0.993
V2V0488,3,A05,0.876
V2V0489,3,A02,0.979
V2V0490,3,A09,0.985
V2V0491,3,A05,0.915
V2V0492,3,A06,0.985
V2V0493,3,A05,0.889
V2V0494,3,A01,0.75
V2V0495,3,A03,1.0
V2V0497,3,A02,0.691
V2V0498,3,A05,0.918
V2V0499,3,A05,0.852
V2V0500,3,A02,0.627
V2V0501,3,A01,0.896
V2V0502,3,A03,0.995
V2V0505,3,A03,0.979
V2V0506,3,A06,0.88
V2V0507,3,A03,0.933
V2V0509,3,A01,1.0
V2V0510,3,A05,1.0
V2V0512,3,A01,0.963
V2V0513,3,A06,0.857
V2V0514,3,A01,0.989
V2V0515,3,A05,0.812
V2V0517,3,A05,0.984
V2V0519,3,A05,0.921
V2V0520,3,A01,0.865
V2V0522,3,A05,0.916
V2V0523,3,A03,0.942
V2V0524,3,A07,0.714
V2V0525,3,A03,0.75
V2V0526,3,A01,0.918
V2V0527,3,A04,0.83
V2V0528,3,A06,0.627
V2V0529,3,A03,0.93
V2V0530,3,A09,0.783
V2V0531,3,A04,0.474
V2V0532,3,A05,0.952
V2V0533,3,A03,1.0
V2V0535,3,A04,0.925
V2V0536,3,A01,0.914
V2V0537,3,A03,0.932
V2V0539,3,A01,0.847
V2V0540,3,A07,0.81
V2V0541,3,A03,0.989
V2V0542,3,A01,0.869
V2V0543,3,A08,0.843
V2V0544,3,A01,0.827
V2V0545,3,A03,0.963
V2V0546,3,A01,0.912
V2V0547,3,A07,0.699
V2V0549,3,A01,0.995
V2V0550,3,A03,0.824
V2V0551,3,A01,0.857
V2V0552,3,A04,0.906
V2V0553,3,A01,0.957
V2V0555,3,A01,0.879
V2V0556,3,A03,0.99
V2V0557,3,A05,0.789
V2V0558,3,A03,0.978
V2V0559,3,A01,0.835
V2V0560,3,A03,0.962
V2V0561,3,A06,0.954
V2V0562,3,A03,0.972
V2V0563,3,A04,0.573
V2V0564,3,A09,0.854
V2V0566,3,A03,1.0
V2V0568,3,A05,0.766
V2V0570,3,A03,0.9
V2V0572,3,A05,0.916
V2V0573,3,A06,0.967
V2V0574,3,A03,0.731
V2V0575,3,A03,0.923
V2V0576,3,A06,0.932
V2V0577,3,A05,0.973
V2V0578,3,A09,0.917
V2V0580,3,A09,0.817
V2V0581,3,A05,1.0
V2V0582,3,A06,0.885
V2V0583,3,A05,0.658
V2V0584,3,A07,0.844
V2V0585,3,A02,0.985
V2V0586,3,A03,0.994
V2V0587,3,A03,0.976
V2V0588,3,A03,0.952
V2V0589,3,A05,0.857
V2V0590,3,A03,0.869
V2V0591,3,A06,0.999
V2V0592,3,A06,0.929
V2V0593,3,A03,0.885
V2V0595,3,A05,0.919
V2V0596,3,A02,0.958
V2V0598,3,A05,0.918
V2V0599,3,A09,0.903
V2V0600,3,A06,0.913
V2V0601,3,A02,0.898
V2V0602,3,A03,0.88
V2V0603,3,A03,0.933
V2V0604,3,A09,0.808
V2V0605,3,A06,0.894
V2V0606,3,A01,0.897
V2V0607,3,A03,0.953
V2V0608,3,A01,0.848
V2V0610,3,A06,0.802
V2V0611,3,A02,0.973
V2V0612,3,A05,0.909
V2V0613,3,A01,0.867
V2V0614,3,A09,0.908
V2V0615,3,A03,0.959
V2V0616,3,A03,0.938
V2V0617,3,A06,0.963
V2V0618,3,A03,1.0
V2V0620,3,A03,0.993
V2V0621,3,A05,0.876
V2V0622,3,A03,0.889
V2V0623,3,A03,0.974
V2V0624,3,A01,0.866
V2V0625,3,A03,0.84
V2V0626,3,A02,0.842
V2V0627,3,A01,0.872
V2V0628,3,A06,0.826
V2V0629,3,A01,0.566
V2V0631,3,A06,0.989
V2V0632,3,A07,0.774
V2V0633,3,A09,0.985
V2V0636,3,A09,0.58
V2V0638,3,A09,0.863
V2V0639,3,A06,0.898
V2V0640,3,A09,0.955
V2V0641,3,A08,0.797
V2V0642,3,A09,0.583
V2V0643,3,A08,0.838
V2V0644,3,A03,0.929
V2V0645,3,A06,0.879
V2V0646,3,A06,0.968
V2V0647,3,A07,0.91
V2V0648,3,A01,0.89
V2V0649,3,A03,0.813
V2V0651,3,A03,0.818
V2V0652,3,A04,0.838
V2V0653,3,A01,0.904
V2V0655,3,A02,0.895
V2V0656,3,A06,0.953
V2V0657,3,A08,0.862
V2V0658,3,A03,0.88
V2V0659,3,A08,0.807
V2V0660,3,A06,0.886
V2V0661,3,A06,0.901
V2V0662,3,A04,0.953
V2V0663,3,A07,0.586
V2V0664,3,A01,0.936
V2V0665,3,A02,0.978
V2V0666,3,A03,0.959
V2V0667,3,A01,0.887
V2V0668,3,A06,0.832
V2V0670,3,A03,0.863
V2V0671,3,A09,0.907
V2V0672,3,A01,0.898
V2V0673,3,A01,0.895
V2V0674,3,A08,0.545
V2V0675,3,A02,0.991
V2V0676,3,A09,0.853
V2V0677,3,A01,0.863
V2V0678,3,A09,0.624
V2V0680,3,A03,0.7
V2V0681,3,A02,1.0
V2V0682,3,A02,0.894
V2V0683,3,A07,0.955
V2V0685,3,A01,0.71
V2V0686,3,A06,0.995
V2V0687,3,A03,0.983
V2V0688,3,A03,0.885
V2V0689,3,A03,0.896
V2V0690,3,A07,0.759
V2V0691,3,A10,0.97
V2V0692,3,A08,0.87
V2V0693,3,A01,0.907
V2V0694,3,A01,0.955
V2V0695,3,A04,0.56
V2V0697,3,A02,0.576
V2V0698,3,A04,0.828
V2V0699,3,A09,0.776
V2V0700,3,A03,0.979
V2V0701,3,A06,0.874
V2V0702,3,A03,1.0
V2V0704,3,A08,0.85
V2V0705,3,A03,0.986
V2V0707,3,A01,0.946
V2V0708,3,A03,0.929
V2V0709,3,A08,0.766
V2V0710,3,A10,0.904
V2V0711,3,A06,0.821
V2V0712,3,A02,0.639
V2V0713,3,A02,0.967
V2V0714,3,A06,0.985
V2V0715,3,A09,0.89
V2V0716,3,A06,0.625
V2V0718,3,A09,0.776
V2V0719,3,A03,0.88
V2V0720,3,A02,0.987
V2V0721,3,A07,0.769
V2V0722,3,A02,0.905
V2V0723,3,A02,0.75
V2V0724,3,A02,1.0
V2V0725,3,A03,0.984
V2V0726,3,A02,0.987
V2V0728,3,A02,0.766
V2V0731,3,A07,0.766
V2V0732,3,A09,0.917
V2V0734,3,A04,0.786
V2V0736,3,A02,0.984
V2V0737,3,A06,0.918
V2V0739,3,A02,0.99
V2V0740,3,A02,0.876
V2V0742,3,A02,0.843
V2V0743,3,A06,0.929
V2V0744,3,A04,0.705
V2V0745,3,A03,0.925
V2V0747,3,A01,0.896
V2V0748,3,A02,0.95
V2V0749,3,A09,0.841
V2V0750,3,A02,0.671
V2V0751,3,A07,0.921
V2V0752,3,A02,0.868
V2V0754,3,A03,0.717
V2V0755,3,A10,0.266
V2V0756,3,A07,0.75
V2V0757,3,A01,0.889
V2V0759,3,A02,0.97
V2V0760,3,A02,0.885
V2V0761,3,A01,0.95
V2V0762,3,A08,0.649
V2V0763,3,A01,1.0
V2V0764,3,A03,0.96
V2V0765,3,A01,0.816
V2V0766,3,A08,0.59
V2V0768,3,A02,0.937
V2V0770,3,A01,0.756
V2V0771,3,A07,0.865
V2V0772,3,A06,0.951
V2V0773,3,A06,0.939
V2V0774,3,A03,0.85
V2V0775,3,A06,0.919
V2V0776,3,A06,0.773
V2V0777,3,A02,0.922
V2V0778,3,A07,0.832
V2V0780,3,A01,0.875
V2V0781,3,A02,0.997
V2V0784,3,A04,0.715
V2V0786,3,A02,0.972
V2V0789,3,A08,0.613
V2V0790,3,A02,0.973
V2V0791,3,A03,0.958
V2V0793,3,A07,0.753
V2V0794,3,A04,0.923
V2V0795,3,A09,0.985
V2V0796,3,A03,0.634
V2V0798,3,A02,0.881
V2V0799,3,A05,0.884
V2V0800,3,A04,0.61
V2V0801,3,A02,0.968
V2V0803,3,A10,0.791
V2V0804,3,A08,0.888
V2V0805,3,A09,0.634
V2V0806,3,A07,0.826
V2V0807,3,A02,0.902
V2V0808,3,A01,0.93
V2V0809,3,A06,0.892
V2V0810,3,A01,0.904
V2V0811,3,A03,0.52
V2V0812,3,A06,0.93
V2V0813,3,A01,0.929
V2V0814,3,A06,0.881
V2V0815,3,A04,0.576
V2V0816,3,A07,0.762
V2V0817,3,A03,0.913
V2V0818,3,A06,0.922
V2V0819,3,A02,0.954
V2V0821,3,A06,1.0
V2V0822,3,A01,0.95
V2V0823,3,A06,0.862
V2V0824,3,A02,0.98
V2V0825,3,A07,0.696
V2V0826,3,A06,0.959
V2V0828,3,A06,0.866
V2V0829,3,A02,0.937
V2V0830,3,A06,1.0
V2V0831,3,A05,1.0
V2V0832,3,A10,0.974
V2V0833,3,A02,0.897
V2V0834,3,A10,0.352
V2V0835,3,A04,0.814
V2V0837,3,A06,0.967
V2V0838,3,A06,0.887
V2V0839,3,A06,0.848
V2V0840,3,A09,0.973
V2V0841,3,A07,0.861
V2V0842,3,A06,0.892
V2V0843,3,A01,0.963
V2V0845,3,A01,0.926
V2V0846,3,A02,0.939
V2V0847,3,A10,0.16
V2V0848,3,A02,0.888
V2V0849,3,A02,0.932
V2V0850,3,A06,0.745
V2V0851,3,A01,0.84
V2V0855,3,A02,0.893
V2V0857,3,A05,0.62
V2V0859,3,A02,0.898
V2V0862,3,A01,0.895
V2V0863,3,A02,0.991
V2V0864,3,A04,0.647
V2V0865,3,A09,0.961
V2V0866,3,A07,0.792
V2V0867,3,A09,0.943
V2V0868,3,A07,0.66
V2V0869,3,A09,0.917
V2V0870,3,A02,0.626
V2V0871,3,A02,1.0
V2V0872,3,A09,0.847
V2V0873,3,A02,0.996
V2V0874,3,A05,1.0
V2V0875,3,A02,1.0
V2V0876,3,A02,0.807
V2V0879,3,A03,0.88
V2V0880,3,A02,0.724
V2V0881,3,A03,0.995
V2V0882,3,A01,0.811
V2V0883,3,A06,0.992
V2V0887,3,A07,0.805
V2V0888,3,A06,0.924
V2V0892,3,A06,0.973
V2V0893,3,A06,0.92
V2V0894,3,A02,0.927
V2V0895,3,A03,0.955
V2V0896,3,A01,0.99
V2V0897,3,A03,0.984
V2V0898,3,A01,0.948
V2V0899,3,A01,0.974
V2V0900,3,A07,0.936
V2V0902,3,A09,0.867
V2V0903,3,A02,0.653
V2V0904,3,A06,0.856
V2V0905,3,A05,0.989
V2V0906,3,A08,0.797
V2V0910,3,A01,0.914
V2V0911,3,A08,0.853
V2V0912,3,A03,0.954
V2V0913,3,A05,0.87
V2V0915,3,A07,0.746
V2V0917,3,A05,1.0
V2V0919,3,A06,0.972
V2V0921,3,A03,0.881
V2V0922,3,A03,1.0
V2V0923,3,A01,0.75
V2V0925,3,A05,0.837
V2V0926,3,A01,0.909
V2V0927,3,A07,0.839
V2V0928,3,A05,0.96
V2V0931,3,A06,0.786
V2V0932,3,A02,0.947
V2V0933,3,A01,0.958
V2V0934,3,A03,0.854
V2V0935,3,A01,1.0
V2V0936,3,A03,0.872
V2V0937,3,A06,0.993
V2V0938,3,A08,0.851
V2V0939,3,A03,0.896
V2V0940,3,A03,0.917
V2V0943,3,A06,0.886
V2V0944,3,A01,0.805
V2V0945,3,A01,1.0
V2V0946,3,A10,0.501
V2V0947,3,A02,1.0
V2V0948,3,A01,0.652
V2V0949,3,A01,0.961
V2V0950,3,A08,0.594
V2V0951,3,A03,0.988
V2V0952,3,A01,0.948
V2V0957,3,A03,0.831
V2V0958,3,A03,1.0
V2V0959,3,A01,0.909
V2V0960,3,A02,0.954
V2V0961,3,A03,0.82
V2V0962,3,A03,0.995
V2V0963,3,A09,0.9
V2V0964,3,A07,0.849
V2V0965,3,A03,0.939
V2V0966,3,A09,0.95
V2V0967,3,A03,0.872
V2V0968,3,A04,0.922
V2V0969,3,A01,0.67
V2V0970,3,A05,0.744
V2V0971,3,A03,0.892
V2V0972,3,A05,0.997
V2V0975,3,A03,0.938
V2V0976,3,A02,0.867
V2V0977,3,A06,0.865
V2V0979,3,A02,0.958
V2V0981,3,A01,0.384
V2V0983,3,A03,0.821
V2V0984,3,A06,0.82
V2V0985,3,A03,0.903
V2V0986,3,A02,0.972
V2V0987,3,A07,0.893
V2V0988,3,A02,0.974
V2V0989,3,A05,0.813
V2V0990,3,A02,0.912
V2V0991,3,A02,0.964
V2V0992,3,A03,1.0
V2V0993,3,A09,0.945
V2V0994,3,A06,0.945
V2V0995,3,A01,0.905
V2V0996,3,A02,0.851
V2V0997,3,A05,0.953
V2V0998,3,A03,1.0
V2V0001,4,A04,0.824
V2V0003,4,A10,0.845
V2V0004,4,A06,0.614
V2V0005,4,A03,0.92
V2V0006,4,A06,0.879
V2V0007,4,A10,0.901
V2V0008,4,A02,0.905
V2V0009,4,A02,0.845
V2V0010,4,A03,0.894
V2V0011,4,A03,0.905
V2V0012,4,A04,0.72
V2V0013,4,A07,0.79
V2V0014,4,A03,0.785
V2V0016,4,A10,0.977
V2V0017,4,A03,0.996
V2V0018,4,A09,0.865
V2V0019,4,A09,0.904
V2V0021,4,A06,0.986
V2V0022,4,A10,0.406
V2V0023,4,A10,0.813
V2V0024,4,A03,0.684
V2V0025,4,A01,0.952
V2V0027,4,A06,0.855
V2V0028,4,A04,0.905
V2V0029,4,A05,0.918
V2V0030,4,A01,0.982
V2V0031,4,A09,0.848
V2V0032,4,A02,0.951
V2V0035,4,A04,0.577
V2V0036,4,A02,0.916
V2V0037,4,A03,0.873
V2V0038,4,A04,0.551
V2V0039,4,A07,0.8
V2V0040,4,A02,0.852
V2V0041,4,A06,0.884
V2V0042,4,A09,0.681
V2V0044,4,A01,0.878
V2V0045,4,A04,0.83
V2V0046,4,A06,0.964
V2V0047,4,A10,0.975
V2V0048,4,A10,0.846
V2V0049,4,A07,0.874
V2V0050,4,A02,0.888
V2V0052,4,A09,0.93
V2V0053,4,A09,0.92
V2V0055,4,A03,0.993
V2V0056,4,A08,0.762
V2V0057,4,A02,0.991
V2V0060,4,A06,0.799
V2V0061,4,A07,0.701
V2V0063,4,A06,0.886
V2V0065,4,A10,0.855
V2V0067,4,A03,0.913
V2V0068,4,A09,0.856
V2V0069,4,A01,0.953
V2V0070,4,A08,0.931
V2V0074,4,A07,0.556
V2V0075,4,A03,0.95
V2V0076,4,A05,0.856
V2V0077,4,A02,0.978
V2V0078,4,A07,0.508
V2V0081,4,A08,0.289
V2V0083,4,A03,0.863
V2V0084,4,A09,0.86
V2V0085,4,A08,0.627
V2V0086,4,A08,0.838
V2V0087,4,A04,0.835
V2V0088,4,A04,0.856
V2V0089,4,A02,0.841
V2V0090,4,A06,0.879
V2V0091,4,A03,0.981
V2V0092,4,A08,0.564
V2V0093,4,A09,0.626
V2V0094,4,A10,0.874
V2V0097,4,A09,0.94
V2V0098,4,A04,0.806
V2V0100,4,A06,0.625
V2V0101,4,A04,0.723
V2V0102,4,A04,0.922
V2V0104,4,A10,0.897
V2V0105,4,A10,0.733
V2V0106,4,A03,0.891
V2V0108,4,A03,0.62
V2V0110,4,A06,0.841
V2V0111,4,A04,0.628
V2V0113,4,A01,1.0
V2V0114,4,A10,0.847
V2V0115,4,A09,0.822
V2V0116,4,A03,0.952
V2V0117,4,A03,0.819
V2V0118,4,A02,0.911
V2V0119,4,A08,0.682
V2V0120,4,A06,0.908
V2V0122,4,A09,0.86
V2V0124,4,A03,0.655
V2V0125,4,A02,0.871
V2V0126,4,A02,0.922
V2V0127,4,A09,0.896
V2V0128,4,A02,0.886
V2V0129,4,A02,0.626
V2V0131,4,A01,0.747
V2V0132,4,A06,0.896
V2V0133,4,A05,0.958
V2V0134,4,A03,0.994
V2V0135,4,A04,0.832
V2V0137,4,A06,1.0
V2V0138,4,A05,0.961
V2V0139,4,A05,0.792
V2V0140,4,A09,0.895
V2V0141,4,A02,0.971
V2V0142,4,A08,0.805
V2V0144,4,A05,0.918
V2V0145,4,A02,0.904
V2V0147,4,A05,0.954
V2V0149,4,A05,0.801
V2V0150,4,A01,0.841
V2V0152,4,A03,0.834
V2V0153,4,A03,0.928
V2V0154,4,A01,0.975
V2V0155,4,A01,1.0
V2V0156,4,A02,0.782
V2V0157,4,A02,0.939
V2V0158,4,A02,0.934
V2V0160,4,A06,0.926
V2V0161,4,A01,0.848
V2V0162,4,A03,0.953
V2V0163,4,A02,0.841
V2V0164,4,A03,0.973
V2V0165,4,A05,0.829
V2V0166,4,A06,0.887
V2V0167,4,A02,0.782
V2V0168,4,A06,0.968
V2V0169,4,A06,0.651
V2V0170,4,A01,0.991
V2V0171,4,A09,0.954
V2V0172,4,A07,0.598
V2V0174,4,A02,0.984
V2V0175,4,A06,0.978
V2V0176,4,A09,0.817
V2V0177,4,A03,0.986
V2V0179,4,A05,0.924
V2V0180,4,A03,0.888
V2V0181,4,A03,0.841
V2V0182,4,A05,0.748
V2V0183,4,A09,0.82
V2V0184,4,A04,0.768
V2V0185,4,A03,0.892
V2V0186,4,A03,0.903
V2V0187,4,A01,1.0
V2V0189,4,A03,0.859
V2V0190,4,A01,0.972
V2V0192,4,A06,0.817
V2V0193,4,A05,0.999
V2V0194,4,A06,0.73
V2V0196,4,A07,0.792
V2V0199,4,A01,0.997
V2V0200,4,A05,0.961
V2V0202,4,A01,0.861
V2V0203,4,A08,0.894
V2V0204,4,A01,0.952
V2V0205,4,A05,0.982
V2V0206,4,A03,0.911
V2V0207,4,A05,0.969
V2V0208,4,A02,1.0
V2V0209,4,A06,0.976
V2V0210,4,A01,0.858
V2V0213,4,A04,0.563
V2V0214,4,A01,0.679
V2V0215,4,A03,0.56
V2V0216,4,A02,0.965
V2V0217,4,A03,0.893
V2V0218,4,A05,0.865
V2V0219,4,A05,0.961
V2V0220,4,A06,0.826
V2V0221,4,A01,0.834
V2V0223,4,A09,0.893
V2V0224,4,A02,0.999
V2V0225,4,A05,0.904
V2V0227,4,A09,0.908
V2V0228,4,A09,0.913
V2V0229,4,A09,0.638
V2V0231,4,A08,0.631
V2V0232,4,A03,0.896
V2V0233,4,A08,0.897
V2V0234,4,A05,0.978
V2V0236,4,A02,0.592
V2V0237,4,A05,0.968
V2V0238,4,A05,0.808
V2V0239,4,A09,0.985
V2V0241,4,A07,0.837
V2V0242,4,A04,0.885
V2V0243,4,A01,0.889
V2V0244,4,A09,0.649
V2V0245,4,A01,0.978
V2V0246,4,A06,0.849
V2V0248,4,A02,0.91
V2V0250,4,A10,0.904
V2V0251,4,A02,0.996
V2V0252,4,A03,0.936
V2V0253,4,A09,0.864
V2V0254,4,A01,0.956
V2V0256,4,A02,0.951
V2V0258,4,A02,0.922
V2V0259,4,A05,0.935
V2V0260,4,A05,0.865
V2V0261,4,A09,0.961
V2V0262,4,A09,0.743
V2V0264,4,A03,0.844
V2V0265,4,A09,0.882
V2V0266,4,A05,0.837
V2V0269,4,A07,0.929
V2V0270,4,A02,1.0
V2V0271,4,A01,0.948
V2V0272,4,A06,0.915
V2V0273,4,A09,0.831
V2V0274,4,A05,0.897
V2V0275,4,A03,1.0
V2V0276,4,A03,0.931
V2V0277,4,A08,0.874
V2V0279,4,A02,0.891
V2V0280,4,A06,0.843
V2V0281,4,A02,0.969
V2V0282,4,A02,0.925
V2V0285,4,A03,1.0
V2V0288,4,A09,0.863
V2V0289,4,A04,0.638
V2V0290,4,A01,0.896
V2V0291,4,A03,0.963
V2V0292,4,A05,0.892
V2V0293,4,A06,0.836
V2V0294,4,A06,0.866
V2V0295,4,A03,0.902
V2V0297,4,A02,0.944
V2V0298,4,A01,0.929
V2V0300,4,A01,0.731
V2V0302,4,A02,0.874
V2V0303,4,A03,0.888
V2V0304,4,A05,0.84
V2V0305,4,A09,0.985
V2V0306,4,A08,0.828
V2V0307,4,A05,0.996
V2V0308,4,A09,0.856
V2V0309,4,A02,0.915
V2V0310,4,A03,0.872
V2V0312,4,A03,0.889
V2V0313,4,A03,0.886
V2V0316,4,A02,0.896
V2V0317,4,A04,0.877
V2V0319,4,A03,0.937
V2V0320,4,A01,0.997
V2V0321,4,A04,0.912
V2V0324,4,A07,0.852
V2V0325,4,A02,0.992
V2V0326,4,A06,0.917
V2V0327,4,A05,0.975
V2V0329,4,A08,0.837
V2V0330,4,A09,0.836
V2V0331,4,A03,0.86
V2V0332,4,A07,0.806
V2V0333,4,A05,1.0
V2V0334,4,A08,0.789
V2V0335,4,A05,0.852
V2V0337,4,A07,0.426
V2V0338,4,A09,0.586
V2V0339,4,A08,0.556
V2V0342,4,A03,0.853
V2V0343,4,A02,0.975
V2V0344,4,A03,0.693
V2V0348,4,A02,0.971
V2V0349,4,A10,0.941
V2V0350,4,A02,0.911
V2V0351,4,A04,0.829
V2V0353,4,A03,0.963
V2V0354,4,A09,0.6
V2V0355,4,A03,0.937
V2V0358,4,A06,1.0
V2V0359,4,A07,0.455
V2V0362,4,A06,0.996
V2V0363,4,A05,0.977
V2V0366,4,A08,0.783
V2V0368,4,A02,0.956
V2V0370,4,A08,0.696
V2V0371,4,A01,0.967
V2V0373,4,A02,1.0
V2V0375,4,A05,0.985
V2V0376,4,A01,0.843
V2V0377,4,A02,0.922
V2V0378,4,A03,0.885
V2V0379,4,A06,1.0
V2V0380,4,A05,0.745
V2V0381,4,A01,0.994
V2V0382,4,A06,0.979
V2V0383,4,A06,0.937
V2V0384,4,A09,0.882
V2V0385,4,A06,0.928
V2V0386,4,A05,0.987
V2V0387,4,A06,0.707
V2V0388,4,A05,0.949
V2V0389,4,A06,0.949
V2V0390,4,A06,0.911
V2V0391,4,A06,0.94
V2V0392,4,A05,0.988
V2V0393,4,A09,0.686
V2V0394,4,A01,0.891
V2V0395,4,A01,0.961
V2V0397,4,A06,1.0
V2V0398,4,A06,0.968
V2V0399,4,A06,0.931
V2V0400,4,A01,0.994
V2V0401,4,A06,0.661
V2V0402,4,A08,0.952
V2V0403,4,A01,0.978
V2V0404,4,A01,0.997
V2V0405,4,A09,0.632
V2V0407,4,A01,0.963
V2V0408,4,A01,0.999
V2V0409,4,A02,0.607
V2V0410,4,A05,0.828
V2V0412,4,A09,0.919
V2V0413,4,A06,1.0
V2V0414,4,A05,0.959
V2V0415,4,A06,0.901
V2V0416,4,A08,0.582
V2V0417,4,A05,0.885
V2V0418,4,A01,0.991
V2V0419,4,A06,0.885
V2V0420,4,A04,0.937
V2V0421,4,A06,0.963
V2V0424,4,A01,1.0
V2V0425,4,A06,0.877
V2V0426,4,A07,0.523
V2V0427,4,A08,0.831
V2V0429,4,A03,0.965
V2V0430,4,A06,1.0
V2V0432,4,A08,0.873
V2V0433,4,A03,0.998
V2V0434,4,A01,0.704
V2V0435,4,A05,0.998
V2V0436,4,A06,0.97
V2V0438,4,A06,1.0
V2V0439,4,A06,0.859
V2V0440,4,A09,0.714
V2V0441,4,A03,0.92
V2V0443,4,A05,0.922
V2V0444,4,A06,0.769
V2V0445,4,A01,0.678
V2V0446,4,A09,0.948
V2V0448,4,A01,0.937
V2V0449,4,A05,1.0
V2V0450,4,A01,1.0
V2V0451,4,A04,0.545
V2V0452,4,A03,1.0
V2V0453,4,A01,0.727
V2V0454,4,A09,0.894
V2V0455,4,A01,0.996
V2V0456,4,A03,1.0
V2V0457,4,A03,0.653
V2V0458,4,A06,0.928
V2V0460,4,A01,0.982
V2V0461,4,A01,0.85
V2V0463,4,A05,0.977
V2V0464,4,A05,0.875
V2V0465,4,A05,0.935
V2V0466,4,A09,0.859
V2V0467,4,A06,0.973
V2V0468,4,A01,0.882
V2V0469,4,A03,1.0
V2V0470,4,A07,0.955
V2V0471,4,A01,0.979
V2V0472,4,A01,0.962
V2V0473,4,A05,0.687
V2V0474,4,A05,0.986
V2V0475,4,A01,0.916
V2V0476,4,A01,1.0
V2V0477,4,A01,0.95
V2V0478,4,A09,0.985
V2V0479,4,A01,0.944
V2V0480,4,A08,0.824
V2V0481,4,A05,0.885
V2V0482,4,A05,0.701
V2V0483,4,A01,0.909
V2V0484,4,A04,0.857
V2V0487,4,A06,0.837
V2V0488,4,A05,0.962
V2V0489,4,A05,0.914
V2V0490,4,A05,0.929
V2V0491,4,A05,0.939
V2V0492,4,A03,0.95
V2V0493,4,A05,1.0
V2V0494,4,A02,0.973
V2V0495,4,A03,0.946
V2V0497,4,A05,0.936
V2V0498,4,A05,0.847
V2V0499,4,A03,0.969
V2V0500,4,A05,1.0
V2V0501,4,A01,1.0
V2V0502,4,A03,1.0
V2V0505,4,A03,0.998
V2V0506,4,A03,0.805
V2V0507,4,A03,0.613
V2V0509,4,A02,0.946
V2V0510,4,A02,1.0
V2V0512,4,A03,0.838
V2V0513,4,A09,0.801
V2V0514,4,A01,0.922
V2V0515,4,A05,0.995
V2V0517,4,A05,0.91
V2V0519,4,A06,0.934
V2V0520,4,A01,0.69
V2V0522,4,A05,0.967
V2V0523,4,A08,0.945
V2V0524,4,A04,0.91
V2V0525,4,A03,0.844
V2V0526,4,A06,0.592
V2V0527,4,A04,0.858
V2V0528,4,A07,0.886
V2V0529,4,A09,0.942
V2V0530,4,A05,0.943
V2V0531,4,A06,0.883
V2V0532,4,A02,0.885
V2V0533,4,A03,0.913
V2V0535,4,A05,0.972
V2V0536,4,A01,0.877
V2V0537,4,A03,0.985
V2V0539,4,A09,0.964
V2V0540,4,A09,0.778
V2V0541,4,A09,0.856
V2V0542,4,A02,0.999
V2V0543,4,A08,0.741
V2V0544,4,A02,0.915
V2V0545,4,A03,0.789
V2V0546,4,A01,0.98
V2V0547,4,A05,1.0
V2V0549,4,A09,0.924
V2V0550,4,A03,0.929
V2V0551,4,A06,0.939
V2V0552,4,A03,0.647
V2V0553,4,A02,0.971
V2V0555,4,A02,0.844
V2V0556,4,A08,0.955
V2V0557,4,A06,0.885
V2V0558,4,A03,0.904
V2V0559,4,A01,0.9
V2V0560,4,A05,0.94
V2V0561,4,A06,0.961
V2V0562,4,A08,0.549
V2V0563,4,A06,0.917
V2V0564,4,A09,0.776
V2V0566,4,A09,0.837
V2V0568,4,A08,0.788
V2V0570,4,A09,0.985
V2V0572,4,A05,0.886
V2V0573,4,A05,0.776
V2V0574,4,A04,0.869
V2V0575,4,A02,0.927
V2V0576,4,A03,0.967
V2V0577,4,A07,0.822
V2V0578,4,A02,0.944
V2V0580,4,A08,0.682
V2V0581,4,A05,1.0
V2V0582,4,A06,0.929
V2V0583,4,A03,0.888
V2V0584,4,A09,0.902
V2V0585,4,A06,0.842
V2V0586,4,A04,0.858
V2V0587,4,A03,0.859
V2V0588,4,A03,0.815
V2V0589,4,A03,0.927
V2V0590,4,A03,0.955
V2V0591,4,A05,1.0
V2V0592,4,A06,0.995
V2V0593,4,A09,0.632
V2V0595,4,A02,0.956
V2V0596,4,A05,0.992
V2V0598,4,A08,0.925
V2V0599,4,A02,0.882
V2V0600,4,A07,0.939
V2V0601,4,A04,0.557
V2V0602,4,A03,0.96
V2V0603,4,A03,1.0
V2V0604,4,A05,0.989
V2V0605,4,A07,0.569
V2V0606,4,A02,1.0
V2V0607,4,A09,0.985
V2V0608,4,A01,0.875
V2V0610,4,A06,0.934
V2V0611,4,A05,0.855
V2V0612,4,A02,0.897
V2V0613,4,A01,0.915
V2V0614,4,A03,0.79
V2V0615,4,A05,0.975
V2V0616,4,A05,0.965
V2V0617,4,A06,0.985
V2V0618,4,A09,0.936
V2V0620,4,A03,0.964
V2V0621,4,A05,0.996
V2V0622,4,A03,1.0
V2V0623,4,A05,0.974
V2V0624,4,A01,0.975
V2V0625,4,A05,0.856
V2V0626,4,A03,0.884
V2V0627,4,A02,0.985
V2V0628,4,A06,0.896
V2V0629,4,A07,0.783
V2V0631,4,A06,0.909
V2V0632,4,A04,0.627
V2V0633,4,A02,0.938
V2V0636,4,A03,0.644
V2V0638,4,A03,1.0
V2V0639,4,A06,0.923
V2V0640,4,A02,1.0
V2V0641,4,A03,0.86
V2V0642,4,A02,0.954
V2V0643,4,A08,0.73
V2V0644,4,A02,0.867
V2V0645,4,A03,0.91
V2V0646,4,A06,1.0
V2V0647,4,A07,0.865
V2V0648,4,A01,0.732
V2V0649,4,A02,1.0
V2V0651,4,A02,0.977
V2V0652,4,A02,0.992
V2V0653,4,A02,0.983
V2V0655,4,A10,0.944
V2V0656,4,A06,0.972
V2V0657,4,A02,0.937
V2V0658,4,A03,0.997
V2V0659,4,A02,0.955
V2V0660,4,A03,0.879
V2V0661,4,A06,0.63
V2V0662,4,A04,0.531
V2V0663,4,A01,0.909
V2V0664,4,A02,0.995
V2V0665,4,A02,1.0
V2V0666,4,A02,1.0
V2V0667,4,A02,0.945
V2V0668,4,A06,0.825
V2V0670,4,A02,0.861
V2V0671,4,A03,0.91
V2V0672,4,A02,0.995
V2V0673,4,A01,0.83
V2V0674,4,A08,0.618
V2V0675,4,A02,0.89
V2V0676,4,A09,0.973
V2V0677,4,A01,1.0
V2V0678,4,A06,1.0
V2V0680,4,A02,0.959
V2V0681,4,A07,0.66
V2V0682,4,A02,0.957
V2V0683,4,A01,0.629
V2V0685,4,A02,0.999
V2V0686,4,A02,0.941
V2V0687,4,A02,0.939
V2V0688,4,A03,0.907
V2V0689,4,A03,0.935
V2V0690,4,A02,0.836
V2V0691,4,A10,0.879
V2V0692,4,A03,0.908
V2V0693,4,A06,0.844
V2V0694,4,A02,0.81
V2V0695,4,A02,0.999
V2V0697,4,A02,0.914
V2V0698,4,A02,0.978
V2V0699,4,A03,0.977
V2V0700,4,A03,1.0
V2V0701,4,A09,0.706
V2V0702,4,A03,0.83
V2V0704,4,A01,0.901
V2V0705,4,A02,0.989
V2V0707,4,A02,0.918
V2V0708,4,A08,0.657
V2V0709,4,A08,0.733
V2V0710,4,A10,0.882
V2V0711,4,A06,0.999
V2V0712,4,A03,0.577
V2V0713,4,A02,0.93
V2V0714,4,A02,0.91
V2V0715,4,A08,0.759
V2V0716,4,A08,0.845
V2V0718,4,A02,0.872
V2V0719,4,A02,0.947
V2V0720,4,A09,0.907
V2V0721,4,A03,0.987
V2V0722,4,A02,0.879
V2V0723,4,A09,0.89
V2V0724,4,A02,0.816
V2V0725,4,A02,0.931
V2V0726,4,A02,0.964
V2V0728,4,A02,1.0
V2V0731,4,A09,0.888
V2V0732,4,A02,0.923
V2V0734,4,A04,0.828
V2V0736,4,A02,0.941
V2V0737,4,A06,0.861
V2V0739,4,A03,0.887
V2V0740,4,A03,0.855
V2V0742,4,A02,0.909
V2V0743,4,A06,0.873
V2V0744,4,A03,0.928
V2V0745,4,A02,0.825
V2V0747,4,A02,0.978
V2V0748,4,A02,0.979
V2V0749,4,A07,0.809
V2V0750,4,A09,0.735
V2V0751,4,A08,0.712
V2V0752,4,A02,0.999
V2V0754,4,A03,0.898
V2V0755,4,A06,0.903
V2V0756,4,A07,0.909
V2V0757,4,A02,0.813
V2V0759,4,A09,0.941
V2V0760,4,A09,0.878
V2V0761,4,A02,0.902
V2V0762,4,A02,0.907
V2V0763,4,A02,0.915
V2V0764,4,A01,1.0
V2V0765,4,A01,0.987
V2V0766,4,A02,0.959
V2V0768,4,A09,0.918
V2V0770,4,A02,0.918
V2V0771,4,A07,0.872
V2V0772,4,A01,0.889
V2V0773,4,A06,1.0
V2V0774,4,A09,0.573
V2V0775,4,A06,0.944
V2V0776,4,A02,0.761
V2V0777,4,A09,0.911
V2V0778,4,A08,0.473
V2V0780,4,A01,0.75
V2V0781,4,A05,0.949
V2V0784,4,A02,0.941
V2V0786,4,A01,0.941
V2V0789,4,A02,0.929
V2V0790,4,A02,0.91
V2V0791,4,A09,0.887
V2V0793,4,A07,0.669
V2V0794,4,A04,0.779
V2V0795,4,A02,1.0
V2V0796,4,A09,0.964
V2V0798,4,A02,0.818
V2V0799,4,A05,0.959
V2V0800,4,A02,0.86
V2V0801,4,A09,0.845
V2V0803,4,A10,0.549
V2V0804,4,A03,0.843
V2V0805,4,A09,0.971
V2V0806,4,A06,0.899
V2V0807,4,A01,0.994
V2V0808,4,A01,0.898
V2V0809,4,A08,0.601
V2V0810,4,A06,0.871
V2V0811,4,A06,0.896
V2V0812,4,A08,0.678
V2V0813,4,A01,0.983
V2V0814,4,A06,0.974
V2V0815,4,A06,0.82
V2V0816,4,A07,0.809
V2V0817,4,A03,0.916
V2V0818,4,A06,0.665
V2V0819,4,A09,0.932
V2V0821,4,A07,0.842
V2V0822,4,A05,0.938
V2V0823,4,A03,0.831
V2V0824,4,A02,0.613
V2V0825,4,A03,0.75
V2V0826,4,A02,0.821
V2V0828,4,A06,0.72
V2V0829,4,A02,0.843
V2V0830,4,A06,0.943
V2V0831,4,A05,0.937
V2V0832,4,A10,0.916
V2V0833,4,A01,0.896
V2V0834,4,A04,0.7
V2V0835,4,A09,0.893
V2V0837,4,A06,0.944
V2V0838,4,A06,0.946
V2V0839,4,A05,0.997
V2V0840,4,A06,0.941
V2V0841,4,A09,0.979
V2V0842,4,A06,0.952
V2V0843,4,A01,0.842
V2V0845,4,A01,1.0
V2V0846,4,A08,0.52
V2V0847,4,A04,0.774
V2V0848,4,A01,0.745
V2V0849,4,A05,0.966
V2V0850,4,A02,0.953
V2V0851,4,A01,0.979
V2V0855,4,A01,0.643
V2V0857,4,A02,0.912
V2V0859,4,A05,0.853
V2V0862,4,A01,0.866
V2V0863,4,A02,0.748
V2V0864,4,A06,0.771
V2V0865,4,A05,1.0
V2V0866,4,A06,0.923
V2V0867,4,A09,0.918
V2V0868,4,A04,0.594
V2V0869,4,A09,0.952
V2V0870,4,A02,0.875
V2V0871,4,A09,0.798
V2V0872,4,A01,0.835
V2V0873,4,A09,0.955
V2V0874,4,A05,0.727
V2V0875,4,A09,0.982
V2V0876,4,A01,0.913
V2V0879,4,A09,0.806
V2V0880,4,A06,0.96
V2V0881,4,A09,0.614
V2V0882,4,A03,0.779
V2V0883,4,A06,0.953
V2V0887,4,A06,0.845
V2V0888,4,A02,0.885
V2V0892,4,A06,0.92
V2V0893,4,A04,0.747
V2V0894,4,A03,0.983
V2V0895,4,A05,0.959
V2V0896,4,A03,0.948
V2V0897,4,A03,0.968
V2V0898,4,A02,0.97
V2V0899,4,A07,0.904
V2V0900,4,A06,0.926
V2V0902,4,A07,0.738
V2V0903,4,A06,0.858
V2V0904,4,A03,1.0
V2V0905,4,A05,0.962
V2V0906,4,A06,0.996
V2V0910,4,A02,0.708
V2V0911,4,A08,0.696
V2V0912,4,A03,0.622
V2V0913,4,A05,0.996
V2V0915,4,A01,0.75
V2V0917,4,A05,0.956
V2V0919,4,A06,0.989
V2V0921,4,A07,0.689
V2V0922,4,A08,0.924
V2V0923,4,A05,0.938
V2V0925,4,A05,0.806
V2V0926,4,A03,0.938
V2V0927,4,A06,0.629
V2V0928,4,A05,0.889
V2V0931,4,A07,0.822
V2V0932,4,A09,0.955
V2V0933,4,A02,0.876
V2V0934,4,A03,0.926
V2V0935,4,A07,0.857
V2V0936,4,A09,0.985
V2V0937,4,A01,0.931
V2V0938,4,A07,0.831
V2V0939,4,A09,0.941
V2V0940,4,A02,1.0
V2V0943,4,A06,0.999
V2V0944,4,A01,0.929
V2V0945,4,A09,0.647
V2V0946,4,A03,0.963
V2V0947,4,A03,0.942
V2V0948,4,A02,0.934
V2V0949,4,A02,0.862
V2V0950,4,A05,0.96
V2V0951,4,A03,0.88
V2V0952,4,A01,0.792
V2V0957,4,A04,0.869
V2V0958,4,A02,0.925
V2V0959,4,A07,0.777
V2V0960,4,A02,0.856
V2V0961,4,A01,0.917
V2V0962,4,A03,0.973
V2V0963,4,A02,0.937
V2V0964,4,A06,0.863
V2V0965,4,A03,0.983
V2V0966,4,A03,1.0
V2V0967,4,A03,1.0
V2V0968,4,A04,0.868
V2V0969,4,A07,0.843
V2V0970,4,A09,0.922
V2V0971,4,A03,0.724
V2V0972,4,A05,0.917
V2V0975,4,A05,0.917
V2V0976,4,A05,0.864
V2V0977,4,A06,0.899
V2V0979,4,A03,0.96
V2V0981,4,A03,0.856
V2V0983,4,A03,0.92
V2V0984,4,A09,0.836
V2V0985,4,A02,0.939
V2V0986,4,A02,0.892
V2V0987,4,A09,0.649
V2V0988,4,A05,0.987
V2V0989,4,A05,0.882
V2V0990,4,A02,0.81
V2V0991,4,A05,0.72
V2V0992,4,A06,0.951
V2V0993,4,A05,0.98
V2V0994,4,A01,0.912
V2V0995,4,A01,0.976
V2V0996,4,A03,0.947
V2V0997,4,A05,0.903
V2V0998,4,A06,0.598
V2V0001,5,A04,0.832
V2V0003,5,A10,0.912
V2V0004,5,A10,0.961
V2V0005,5,A03,0.969
V2V0006,5,A06,1.0
V2V0007,5,A10,0.972
V2V0008,5,A09,0.985
V2V0009,5,A09,0.815
V2V0010,5,A03,0.751
V2V0011,5,A10,0.767
V2V0012,5,A03,0.912
V2V0013,5,A08,0.868
V2V0014,5,A02,0.896
V2V0016,5,A10,0.851
V2V0017,5,A03,0.87
V2V0018,5,A09,0.87
V2V0019,5,A06,0.869
V2V0021,5,A06,0.792
V2V0022,5,A06,0.999
V2V0023,5,A10,0.796
V2V0024,5,A02,0.888
V2V0025,5,A01,0.981
V2V0027,5,A06,0.836
V2V0028,5,A04,0.775
V2V0029,5,A05,0.967
V2V0030,5,A10,0.907
V2V0031,5,A09,0.94
V2V0032,5,A02,1.0
V2V0035,5,A10,0.872
V2V0036,5,A01,0.913
V2V0037,5,A03,0.998
V2V0038,5,A10,0.895
V2V0039,5,A03,0.95
V2V0040,5,A04,0.905
V2V0041,5,A06,0.983
V2V0042,5,A03,0.932
V2V0044,5,A01,0.962
V2V0045,5,A04,0.874
V2V0046,5,A06,0.963
V2V0047,5,A10,0.841
V2V0048,5,A10,0.889
V2V0049,5,A05,0.951
V2V0050,5,A07,0.562
V2V0052,5,A09,0.885
V2V0053,5,A09,0.848
V2V0055,5,A02,0.901
V2V0056,5,A04,0.84
V2V0057,5,A02,0.882
V2V0060,5,A03,0.941
V2V0061,5,A09,0.834
V2V0063,5,A06,0.939
V2V0065,5,A10,0.931
V2V0067,5,A03,0.965
V2V0068,5,A09,0.951
V2V0069,5,A01,0.994
V2V0070,5,A01,0.919
V2V0074,5,A06,0.706
V2V0075,5,A03,0.897
V2V0076,5,A05,0.987
V2V0077,5,A02,0.86
V2V0078,5,A06,0.874
V2V0081,5,A04,0.857
V2V0083,5,A03,0.919
V2V0084,5,A09,0.699
V2V0085,5,A02,0.524
V2V0086,5,A01,0.958
V2V0087,5,A04,0.922
V2V0088,5,A10,0.868
V2V0089,5,A02,0.824
V2V0090,5,A05,0.948
V2V0091,5,A04,0.766
V2V0092,5,A04,0.817
V2V0093,5,A02,0.92
V2V0094,5,A10,0.879
V2V0097,5,A09,0.947
V2V0098,5,A09,0.853
V2V0100,5,A06,1.0
V2V0101,5,A04,0.649
V2V0102,5,A04,0.622
V2V0104,5,A10,0.98
V2V0105,5,A10,0.901
V2V0106,5,A04,0.731
V2V0108,5,A03,0.75
V2V0110,5,A06,0.913
V2V0111,5,A04,0.712
V2V0113,5,A01,0.748
V2V0114,5,A10,0.973
V2V0115,5,A03,0.86
V2V0116,5,A04,0.95
V2V0117,5,A03,0.75
V2V0118,5,A02,0.834
V2V0119,5,A08,0.847
V2V0120,5,A06,0.939
V2V0122,5,A02,0.996
V2V0124,5,A02,0.943
V2V0125,5,A01,0.75
V2V0126,5,A01,0.533
V2V0127,5,A03,0.899
V2V0128,5,A01,0.899
V2V0129,5,A06,0.919
V2V0131,5,A03,0.915
V2V0132,5,A04,0.516
V2V0133,5,A05,0.845
V2V0134,5,A06,0.813
V2V0135,5,A01,0.996
V2V0137,5,A05,0.848
V2V0138,5,A05,0.816
V2V0139,5,A06,1.0
V2V0140,5,A08,0.697
V2V0141,5,A09,0.748
V2V0142,5,A01,0.607
V2V0144,5,A03,0.995
V2V0145,5,A02,0.922
V2V0147,5,A05,0.855
V2V0149,5,A01,0.986
V2V0150,5,A01,0.662
V2V0152,5,A01,1.0
V2V0153,5,A03,0.968
V2V0154,5,A01,0.999
V2V0155,5,A01,0.89
V2V0156,5,A03,0.957
V2V0157,5,A05,0.895
V2V0158,5,A02,0.67
V2V0160,5,A08,0.71
V2V0161,5,A02,0.97
V2V0162,5,A06,0.879
V2V0163,5,A05,0.863
V2V0164,5,A03,0.963
V2V0165,5,A05,0.581
V2V0166,5,A07,0.659
V2V0167,5,A02,0.957
V2V0168,5,A06,0.88
V2V0169,5,A02,0.956
V2V0170,5,A02,0.912
V2V0171,5,A09,0.561
V2V0172,5,A05,0.964
V2V0174,5,A01,0.847
V2V0175,5,A01,0.908
V2V0176,5,A05,0.811
V2V0177,5,A02,0.989
V2V0179,5,A05,0.903
V2V0180,5,A01,0.968
V2V0181,5,A09,0.698
V2V0182,5,A02,0.888
V2V0183,5,A02,0.996
V2V0184,5,A03,0.992
V2V0185,5,A02,0.954
V2V0186,5,A10,0.869
V2V0187,5,A01,0.999
V2V0189,5,A05,0.803
V2V0190,5,A02,0.916
V2V0192,5,A03,0.951
V2V0193,5,A05,0.67
V2V0194,5,A02,0.983
V2V0196,5,A06,0.951
V2V0199,5,A02,0.979
V2V0200,5,A05,1.0
V2V0202,5,A03,0.842
V2V0203,5,A02,0.812
V2V0204,5,A01,0.577
V2V0205,5,A06,0.958
V2V0206,5,A03,0.885
V2V0207,5,A05,0.9
V2V0208,5,A02,0.917
V2V0209,5,A06,0.981
V2V0210,5,A04,0.75
V2V0213,5,A03,0.871
V2V0214,5,A01,0.917
V2V0215,5,A03,0.915
V2V0216,5,A04,0.874
V2V0217,5,A02,0.687
V2V0218,5,A09,0.965
V2V0219,5,A05,0.883
V2V0220,5,A06,0.988
V2V0221,5,A02,1.0
V2V0223,5,A09,0.864
V2V0224,5,A02,0.82
V2V0225,5,A09,0.803
V2V0227,5,A03,0.902
V2V0228,5,A04,0.825
V2V0229,5,A06,0.906
V2V0231,5,A06,0.88
V2V0232,5,A03,0.601
V2V0233,5,A05,0.904
V2V0234,5,A05,0.948
V2V0236,5,A05,0.868
V2V0237,5,A04,0.575
V2V0238,5,A03,0.871
V2V0239,5,A09,0.921
V2V0241,5,A06,0.988
V2V0242,5,A09,0.961
V2V0243,5,A01,0.812
V2V0244,5,A03,1.0
V2V0245,5,A01,0.982
V2V0246,5,A06,0.938
V2V0248,5,A04,0.536
V2V0250,5,A10,0.916
V2V0251,5,A02,1.0
V2V0252,5,A01,0.997
V2V0253,5,A09,0.956
V2V0254,5,A02,0.846
V2V0256,5,A10,0.245
V2V0258,5,A02,0.891
V2V0259,5,A05,0.986
V2V0260,5,A06,0.866
V2V0261,5,A03,0.919
V2V0262,5,A09,0.946
V2V0264,5,A03,0.75
V2V0265,5,A01,0.971
V2V0266,5,A05,0.933
V2V0269,5,A06,0.898
V2V0270,5,A02,0.835
V2V0271,5,A01,0.965
V2V0272,5,A03,0.957
V2V0273,5,A03,0.669
V2V0274,5,A05,0.981
V2V0275,5,A03,0.877
V2V0276,5,A06,0.864
V2V0277,5,A01,1.0
V2V0279,5,A05,0.836
V2V0280,5,A03,0.982
V2V0281,5,A09,0.706
V2V0282,5,A01,0.842
V2V0285,5,A03,0.881
V2V0288,5,A02,1.0
V2V0289,5,A04,0.523
V2V0290,5,A01,0.497
V2V0291,5,A07,0.897
V2V0292,5,A02,0.997
V2V0293,5,A06,0.827
V2V0294,5,A04,0.824
V2V0295,5,A05,0.912
V2V0297,5,A02,0.879
V2V0298,5,A02,0.967
V2V0300,5,A02,0.997
V2V0302,5,A02,0.639
V2V0303,5,A09,0.777
V2V0304,5,A06,0.927
V2V0305,5,A03,0.812
V2V0306,5,A05,0.862
V2V0307,5,A05,0.957
V2V0308,5,A02,0.97
V2V0309,5,A09,0.846
V2V0310,5,A03,0.91
V2V0312,5,A06,0.877
V2V0313,5,A05,1.0
V2V0316,5,A05,0.75
V2V0317,5,A04,0.593
V2V0319,5,A02,0.97
V2V0320,5,A02,0.844
V2V0321,5,A09,0.874
V2V0324,5,A06,0.853
V2V0325,5,A09,0.938
V2V0326,5,A03,0.919
V2V0327,5,A05,0.559
V2V0329,5,A08,0.904
V2V0330,5,A09,0.983
V2V0331,5,A01,0.975
V2V0332,5,A01,0.95
V2V0333,5,A05,0.622
V2V0334,5,A02,0.683
V2V0335,5,A06,0.977
V2V0337,5,A03,0.863
V2V0338,5,A06,0.987
V2V0339,5,A02,0.934
V2V0342,5,A02,0.859
V2V0343,5,A01,0.904
V2V0344,5,A04,0.948
V2V0348,5,A02,0.94
V2V0349,5,A10,0.71
V2V0350,5,A02,0.981
V2V0351,5,A01,0.657
V2V0353,5,A09,0.819
V2V0354,5,A10,0.953
V2V0355,5,A03,0.969
V2V0358,5,A06,0.977
V2V0359,5,A06,0.779
V2V0362,5,A06,0.956
V2V0363,5,A04,0.882
V2V0366,5,A07,0.827
V2V0368,5,A06,0.934
V2V0370,5,A01,0.83
V2V0371,5,A03,1.0
V2V0373,5,A04,0.955
V2V0375,5,A05,0.906
V2V0376,5,A01,0.888
V2V0377,5,A01,0.923
V2V0378,5,A03,0.696
V2V0379,5,A03,0.861
V2V0380,5,A05,0.979
V2V0381,5,A01,0.939
V2V0382,5,A03,0.885
V2V0383,5,A02,1.0
V2V0384,5,A08,0.599
V2V0385,5,A06,0.884
V2V0386,5,A01,0.656
V2V0387,5,A06,0.88
V2V0388,5,A08,0.874
V2V0389,5,A01,0.859
V2V0390,5,A05,1.0
V2V0391,5,A06,0.868
V2V0392,5,A05,0.993
V2V0393,5,A06,0.891
V2V0394,5,A03,0.827
V2V0395,5,A02,0.979
V2V0397,5,A06,0.955
V2V0398,5,A01,0.843
V2V0399,5,A06,0.991
V2V0400,5,A01,0.876
V2V0401,5,A01,0.964
V2V0402,5,A07,0.947
V2V0403,5,A01,0.925
V2V0404,5,A03,0.973
V2V0405,5,A01,0.992
V2V0407,5,A06,1.0
V2V0408,5,A02,0.933
V2V0409,5,A05,0.706
V2V0410,5,A01,0.946
V2V0412,5,A09,0.968
V2V0413,5,A06,0.994
V2V0414,5,A02,0.898
V2V0415,5,A03,0.969
V2V0416,5,A01,0.924
V2V0417,5,A03,0.898
V2V0418,5,A01,1.0
V2V0419,5,A05,0.906
V2V0420,5,A03,0.879
V2V0421,5,A06,0.942
V2V0424,5,A03,0.791
V2V0425,5,A08,0.52
V2V0426,5,A09,0.962
V2V0427,5,A08,0.872
V2V0429,5,A03,0.973
V2V0430,5,A06,0.942
V2V0432,5,A03,0.995
V2V0433,5,A03,1.0
V2V0434,5,A02,0.862
V2V0435,5,A02,0.797
V2V0436,5,A06,0.979
V2V0438,5,A06,0.998
V2V0439,5,A06,0.827
V2V0440,5,A03,0.734
V2V0441,5,A03,0.881
V2V0443,5,A02,0.786
V2V0444,5,A05,0.923
V2V0445,5,A01,0.989
V2V0446,5,A05,0.996
V2V0448,5,A01,0.883
V2V0449,5,A05,0.975
V2V0450,5,A01,0.873
V2V0451,5,A09,0.841
V2V0452,5,A01,0.942
V2V0453,5,A02,0.927
V2V0454,5,A09,0.83
V2V0455,5,A06,0.697
V2V0456,5,A02,0.828
V2V0457,5,A01,0.97
V2V0458,5,A06,0.539
V2V0460,5,A01,0.991
V2V0461,5,A01,0.965
V2V0463,5,A05,0.788
V2V0464,5,A09,0.972
V2V0465,5,A01,0.82
V2V0466,5,A09,0.81
V2V0467,5,A07,0.889
V2V0468,5,A05,0.979
V2V0469,5,A01,0.944
V2V0470,5,A06,0.844
V2V0471,5,A06,0.992
V2V0472,5,A01,0.978
V2V0473,5,A05,0.778
V2V0474,5,A07,0.851
V2V0475,5,A01,0.902
V2V0476,5,A05,0.937
V2V0477,5,A01,0.883
V2V0478,5,A09,0.965
V2V0479,5,A01,0.804
V2V0480,5,A03,0.947
V2V0481,5,A05,0.684
V2V0482,5,A02,0.984
V2V0483,5,A03,0.994
V2V0484,5,A05,0.888
V2V0487,5,A06,0.996
V2V0488,5,A05,0.859
V2V0489,5,A01,0.875
V2V0490,5,A05,1.0
V2V0491,5,A03,0.621
V2V0492,5,A03,0.946
V2V0493,5,A01,0.603
V2V0494,5,A07,0.739
V2V0495,5,A01,0.912
V2V0497,5,A05,0.901
V2V0498,5,A05,0.989
V2V0499,5,A09,0.942
V2V0500,5,A05,0.99
V2V0501,5,A01,0.973
V2V0502,5,A02,0.874
V2V0505,5,A05,0.863
V2V0506,5,A05,0.891
V2V0507,5,A06,0.789
V2V0509,5,A02,0.638
V2V0510,5,A06,0.883
V2V0512,5,A06,0.677
V2V0513,5,A06,0.941
V2V0514,5,A01,0.934
V2V0515,5,A05,0.993
V2V0517,5,A05,1.0
V2V0519,5,A06,0.944
V2V0520,5,A01,0.863
V2V0522,5,A08,0.842
V2V0523,5,A01,0.893
V2V0524,5,A07,0.851
V2V0525,5,A03,0.844
V2V0526,5,A05,0.944
V2V0527,5,A04,0.826
V2V0528,5,A07,0.616
V2V0529,5,A03,0.939
V2V0530,5,A05,0.962
V2V0531,5,A09,0.879
V2V0532,5,A05,0.928
V2V0533,5,A05,0.857
V2V0535,5,A04,0.734
V2V0536,5,A01,0.953
V2V0537,5,A03,0.912
V2V0539,5,A02,1.0
V2V0540,5,A05,1.0
V2V0541,5,A09,0.931
V2V0542,5,A02,0.565
V2V0543,5,A06,0.666
V2V0544,5,A05,0.91
V2V0545,5,A05,1.0
V2V0546,5,A03,0.979
V2V0547,5,A06,0.854
V2V0549,5,A03,0.662
V2V0550,5,A05,0.67
V2V0551,5,A03,0.801
V2V0552,5,A05,0.848
V2V0553,5,A01,0.913
V2V0555,5,A01,0.938
V2V0556,5,A09,0.953
V2V0557,5,A05,0.953
V2V0558,5,A03,0.984
V2V0559,5,A01,0.938
V2V0560,5,A05,0.964
V2V0561,5,A09,0.735
V2V0562,5,A05,0.949
V2V0563,5,A04,0.77
V2V0564,5,A09,0.956
V2V0566,5,A09,0.968
V2V0568,5,A08,0.528
V2V0570,5,A09,0.91
V2V0572,5,A05,0.984
V2V0573,5,A07,0.916
V2V0574,5,A09,0.936
V2V0575,5,A01,0.737
V2V0576,5,A03,0.929
V2V0577,5,A03,0.583
V2V0578,5,A03,0.933
V2V0580,5,A09,0.942
V2V0581,5,A05,0.915
V2V0582,5,A06,0.815
V2V0583,5,A03,0.977
V2V0584,5,A09,0.925
V2V0585,5,A05,0.895
V2V0586,5,A04,0.94
V2V0587,5,A03,0.98
V2V0588,5,A03,0.873
V2V0589,5,A03,0.877
V2V0590,5,A03,0.988
V2V0591,5,A05,0.937
V2V0592,5,A06,0.837
V2V0593,5,A07,0.677
V2V0595,5,A05,1.0
V2V0596,5,A02,0.866
V2V0598,5,A08,0.832
V2V0599,5,A03,0.994
V2V0600,5,A06,0.859
V2V0601,5,A10,0.825
V2V0602,5,A06,1.0
V2V0603,5,A09,0.703
V2V0604,5,A05,0.903
V2V0605,5,A06,0.972
V2V0606,5,A03,0.874
V2V0607,5,A09,0.933
V2V0608,5,A01,0.823
V2V0610,5,A05,0.969
V2V0611,5,A09,0.905
V2V0612,5,A05,0.968
V2V0613,5,A01,0.918
V2V0614,5,A09,0.912
V2V0615,5,A06,0.787
V2V0616,5,A04,0.801
V2V0617,5,A06,0.88
V2V0618,5,A05,0.996
V2V0620,5,A03,0.912
V2V0621,5,A05,0.986
V2V0622,5,A01,0.864
V2V0623,5,A03,0.998
V2V0624,5,A07,0.852
V2V0625,5,A05,0.902
V2V0626,5,A03,0.922
V2V0627,5,A02,0.866
V2V0628,5,A07,0.856
V2V0629,5,A08,0.955
V2V0631,5,A03,0.937
V2V0632,5,A04,0.83
V2V0633,5,A09,0.977
V2V0636,5,A03,0.991
V2V0638,5,A03,0.795
V2V0639,5,A03,0.849
V2V0640,5,A02,0.95
V2V0641,5,A03,0.694
V2V0642,5,A02,0.927
V2V0643,5,A02,0.999
V2V0644,5,A02,1.0
V2V0645,5,A03,0.81
V2V0646,5,A06,0.924
V2V0647,5,A07,0.828
V2V0648,5,A04,0.847
V2V0649,5,A08,0.834
V2V0651,5,A02,0.889
V2V0652,5,A02,0.891
V2V0653,5,A02,0.584
V2V0655,5,A10,0.857
V2V0656,5,A06,0.949
V2V0657,5,A02,0.96
V2V0658,5,A03,0.988
V2V0659,5,A08,0.647
V2V0660,5,A06,0.852
V2V0661,5,A06,0.991
V2V0662,5,A01,0.894
V2V0663,5,A04,0.955
V2V0664,5,A02,0.917
V2V0665,5,A02,0.989
V2V0666,5,A02,0.833
V2V0667,5,A07,0.558
V2V0668,5,A07,0.876
V2V0670,5,A02,1.0
V2V0671,5,A09,0.802
V2V0672,5,A02,0.85
V2V0673,5,A01,0.886
V2V0674,5,A09,0.793
V2V0675,5,A02,1.0
V2V0676,5,A09,0.963
V2V0677,5,A01,0.915
V2V0678,5,A06,0.908
V2V0680,5,A02,0.716
V2V0681,5,A02,0.994
V2V0682,5,A02,0.978
V2V0683,5,A07,0.76
V2V0685,5,A02,0.844
V2V0686,5,A01,1.0
V2V0687,5,A03,0.926
V2V0688,5,A03,0.929
V2V0689,5,A03,0.942
V2V0690,5,A07,0.836
V2V0691,5,A10,0.947
V2V0692,5,A03,1.0
V2V0693,5,A01,0.66
V2V0694,5,A04,0.858
V2V0695,5,A04,0.822
V2V0697,5,A03,0.94
V2V0698,5,A04,0.804
V2V0699,5,A01,0.897
V2V0700,5,A03,0.947
V2V0701,5,A06,0.858
V2V0702,5,A03,0.909
V2V0704,5,A01,0.889
V2V0705,5,A02,1.0
V2V0707,5,A02,0.996
V2V0708,5,A03,0.964
V2V0709,5,A02,0.891
V2V0710,5,A10,0.888
V2V0711,5,A06,0.939
V2V0712,5,A03,0.95
V2V0713,5,A09,0.735
V2V0714,5,A06,0.968
V2V0715,5,A09,0.898
V2V0716,5,A08,0.865
V2V0718,5,A04,0.563
V2V0719,5,A02,1.0
V2V0720,5,A03,0.736
V2V0721,5,A02,0.89
V2V0722,5,A01,0.972
V2V0723,5,A02,0.841
V2V0724,5,A02,0.971
V2V0725,5,A02,0.725
V2V0726,5,A02,0.912
V2V0728,5,A03,0.947
V2V0731,5,A07,0.836
V2V0732,5,A02,0.974
V2V0734,5,A04,0.889
V2V0736,5,A02,0.914
V2V0737,5,A02,0.944
V2V0739,5,A08,0.829
V2V0740,5,A03,0.924
V2V0742,5,A02,0.971
V2V0743,5,A09,0.901
V2V0744,5,A03,0.976
V2V0745,5,A02,0.75
V2V0747,5,A02,0.884
V2V0748,5,A02,0.904
V2V0749,5,A09,0.925
V2V0750,5,A04,0.71
V2V0751,5,A09,0.885
V2V0752,5,A02,0.927
V2V0754,5,A04,0.767
V2V0755,5,A09,0.901
V2V0756,5,A01,0.75
V2V0757,5,A07,0.855
V2V0759,5,A02,0.875
V2V0760,5,A05,0.991
V2V0761,5,A01,0.75
V2V0762,5,A09,0.725
V2V0763,5,A06,0.801
V2V0764,5,A01,0.99
V2V0765,5,A03,0.93
V2V0766,5,A09,0.946
V2V0768,5,A09,0.93
V2V0770,5,A02,0.877
V2V0771,5,A05,0.866
V2V0772,5,A06,0.455
V2V0773,5,A07,0.873
V2V0774,5,A06,1.0
V2V0775,5,A06,0.976
V2V0776,5,A02,0.871
V2V0777,5,A09,0.841
V2V0778,5,A09,0.894
V2V0780,5,A06,0.835
V2V0781,5,A02,0.95
V2V0784,5,A04,0.897
V2V0786,5,A01,0.972
V2V0789,5,A03,0.994
V2V0790,5,A02,0.896
V2V0791,5,A09,0.976
V2V0793,5,A03,1.0
V2V0794,5,A10,0.981
V2V0795,5,A02,0.999
V2V0796,5,A03,0.731
V2V0798,5,A02,0.895
V2V0799,5,A05,0.851
V2V0800,5,A09,0.832
V2V0801,5,A09,0.891
V2V0803,5,A02,0.922
V2V0804,5,A04,0.859
V2V0805,5,A09,0.823
V2V0806,5,A03,0.927
V2V0807,5,A01,0.922
V2V0808,5,A01,0.947
V2V0809,5,A03,1.0
V2V0810,5,A01,0.987
V2V0811,5,A01,1.0
V2V0812,5,A05,0.913
V2V0813,5,A01,0.991
V2V0814,5,A03,0.856
V2V0815,5,A01,0.936
V2V0816,5,A05,0.885
V2V0817,5,A03,0.829
V2V0818,5,A09,0.895
V2V0819,5,A07,0.846
V2V0821,5,A07,0.705
V2V0822,5,A08,0.537
V2V0823,5,A02,1.0
V2V0824,5,A01,0.99
V2V0825,5,A03,0.898
V2V0826,5,A02,0.69
V2V0828,5,A07,0.872
V2V0829,5,A02,0.705
V2V0830,5,A07,0.693
V2V0831,5,A05,0.962
V2V0832,5,A10,0.96
V2V0833,5,A01,0.996
V2V0834,5,A09,0.985
V2V0835,5,A04,0.872
V2V0837,5,A06,0.841
V2V0838,5,A06,0.981
V2V0839,5,A06,0.953
V2V0840,5,A09,0.693
V2V0841,5,A09,0.735
V2V0842,5,A06,0.865
V2V0843,5,A01,0.837
V2V0845,5,A01,0.988
V2V0846,5,A03,0.945
V2V0847,5,A09,0.735
V2V0848,5,A05,0.601
V2V0849,5,A02,0.999
V2V0850,5,A06,0.627
V2V0851,5,A01,0.84
V2V0855,5,A01,0.976
V2V0857,5,A03,1.0
V2V0859,5,A02,0.929
V2V0862,5,A01,0.977
V2V0863,5,A02,0.897
V2V0864,5,A07,0.859
V2V0865,5,A02,0.957
V2V0866,5,A09,0.958
V2V0867,5,A09,0.735
V2V0868,5,A07,0.55
V2V0869,5,A09,0.73
V2V0870,5,A10,0.841
V2V0871,5,A02,0.904
V2V0872,5,A01,0.653
V2V0873,5,A09,0.932
V2V0874,5,A02,0.985
V2V0875,5,A02,0.993
V2V0876,5,A03,0.748
V2V0879,5,A03,0.854
V2V0880,5,A08,0.702
V2V0881,5,A04,0.883
V2V0882,5,A01,0.854
V2V0883,5,A06,0.943
V2V0887,5,A08,0.538
V2V0888,5,A02,0.92
V2V0892,5,A06,0.979
V2V0893,5,A03,0.993
V2V0894,5,A03,0.618
V2V0895,5,A06,0.915
V2V0896,5,A03,0.811
V2V0897,5,A03,0.99
V2V0898,5,A02,0.955
V2V0899,5,A07,0.871
V2V0900,5,A06,0.889
V2V0902,5,A01,0.975
V2V0903,5,A03,0.924
V2V0904,5,A06,0.888
V2V0905,5,A05,0.954
V2V0906,5,A06,0.856
V2V0910,5,A01,0.793
V2V0911,5,A04,0.873
V2V0912,5,A03,0.837
V2V0913,5,A05,1.0
V2V0915,5,A01,0.904
V2V0917,5,A06,0.693
V2V0919,5,A02,0.754
V2V0921,5,A03,0.901
V2V0922,5,A08,0.899
V2V0923,5,A05,0.923
V2V0925,5,A02,0.937
V2V0926,5,A01,0.68
V2V0927,5,A08,0.726
V2V0928,5,A02,0.912
V2V0931,5,A07,0.946
V2V0932,5,A02,0.867
V2V0933,5,A06,0.87
V2V0934,5,A02,1.0
V2V0935,5,A07,0.796
V2V0936,5,A06,0.876
V2V0937,5,A07,0.813
V2V0938,5,A07,0.835
V2V0939,5,A09,0.896
V2V0940,5,A03,0.997
V2V0943,5,A06,0.91
V2V0944,5,A07,0.757
V2V0945,5,A05,0.9
V2V0946,5,A03,0.957
V2V0947,5,A03,0.981
V2V0948,5,A02,0.918
V2V0949,5,A03,0.964
V2V0950,5,A02,0.882
V2V0951,5,A06,0.952
V2V0952,5,A02,0.952
V2V0957,5,A03,0.857
V2V0958,5,A01,0.815
V2V0959,5,A07,0.947
V2V0960,5,A02,0.735
V2V0961,5,A03,0.75
V2V0962,5,A02,0.928
V2V0963,5,A01,0.792
V2V0964,5,A06,0.856
V2V0965,5,A03,0.957
V2V0966,5,A04,0.504
V2V0967,5,A03,0.849
V2V0968,5,A04,0.421
V2V0969,5,A07,0.918
V2V0970,5,A09,0.926
V2V0971,5,A03,0.961
V2V0972,5,A02,0.935
V2V0975,5,A05,0.675
V2V0976,5,A05,0.886
V2V0977,5,A09,0.918
V2V0979,5,A01,0.869
V2V0981,5,A05,1.0
V2V0983,5,A01,0.904
V2V0984,5,A06,0.842
V2V0985,5,A03,0.782
V2V0986,5,A02,0.959
V2V0987,5,A06,0.875
V2V0988,5,A05,0.965
V2V0989,5,A02,0.998
V2V0990,5,A02,0.918
V2V0991,5,A02,0.844
V2V0992,5,A03,0.818
V2V0993,5,A05,0.933
V2V0994,5,A06,0.879
V2V0995,5,A01,0.686
V2V0996,5,A03,0.932
V2V0997,5,A05,0.882
V2V0998,5,A05,0.872
V2V0001,6,A02,0.915
V2V0003,6,A10,0.781
V2V0004,6,A10,0.829
V2V0005,6,A03,0.87
V2V0006,6,A06,0.726
V2V0007,6,A10,0.604
V2V0008,6,A09,0.935
V2V0009,6,A10,0.85
V2V0010,6,A03,0.925
V2V0011,6,A10,0.931
V2V0012,6,A04,0.863
V2V0013,6,A07,0.925
V2V0014,6,A02,0.685
V2V0016,6,A10,0.976
V2V0017,6,A03,0.7
V2V0018,6,A08,0.351
V2V0019,6,A09,0.974
V2V0021,6,A06,0.761
V2V0022,6,A06,0.887
V2V0023,6,A10,0.84
V2V0024,6,A02,0.947
V2V0025,6,A01,0.92
V2V0027,6,A08,0.902
V2V0028,6,A04,0.813
V2V0029,6,A05,0.809
V2V0030,6,A10,0.691
V2V0031,6,A02,0.822
V2V0032,6,A02,0.676
V2V0035,6,A10,0.862
V2V0036,6,A03,0.883
V2V0037,6,A08,0.882
V2V0038,6,A10,0.895
V2V0039,6,A02,0.914
V2V0040,6,A04,0.74
V2V0041,6,A06,0.69
V2V0042,6,A09,0.899
V2V0044,6,A01,0.866
V2V0045,6,A06,0.867
V2V0046,6,A06,0.892
V2V0047,6,A10,0.847
V2V0048,6,A10,0.985
V2V0049,6,A05,0.94
V2V0050,6,A09,0.633
V2V0052,6,A02,0.988
V2V0053,6,A09,0.969
V2V0055,6,A03,0.734
V2V0056,6,A04,0.807
V2V0057,6,A02,0.982
V2V0060,6,A03,0.891
V2V0061,6,A09,0.943
V2V0063,6,A06,0.975
V2V0065,6,A03,0.903
V2V0067,6,A03,0.88
V2V0068,6,A09,0.797
V2V0069,6,A01,0.982
V2V0070,6,A04,0.508
V2V0074,6,A07,0.58
V2V0075,6,A04,0.832
V2V0076,6,A05,0.966
V2V0077,6,A01,0.485
V2V0078,6,A06,0.936
V2V0081,6,A04,0.851
V2V0083,6,A03,0.887
V2V0084,6,A02,0.993
V2V0085,6,A08,0.583
V2V0086,6,A08,0.852
V2V0087,6,A04,0.82
V2V0088,6,A10,0.898
V2V0089,6,A02,0.682
V2V0090,6,A06,1.0
V2V0091,6,A10,0.985
V2V0092,6,A07,0.503
V2V0093,6,A02,0.925
V2V0094,6,A10,0.624
V2V0097,6,A09,0.847
V2V0098,6,A04,0.87
V2V0100,6,A06,0.954
V2V0101,6,A10,0.838
V2V0102,6,A04,0.725
V2V0104,6,A10,0.932
V2V0105,6,A10,0.949
V2V0106,6,A09,0.94
V2V0108,6,A03,1.0
V2V0110,6,A06,0.847
V2V0111,6,A10,0.762
V2V0113,6,A01,0.727
V2V0114,6,A10,0.831
V2V0115,6,A09,0.931
V2V0116,6,A04,0.842
V2V0117,6,A06,1.0
V2V0118,6,A02,0.929
V2V0119,6,A08,0.481
V2V0120,6,A03,0.913
V2V0122,6,A09,0.832
V2V0124,6,A09,0.779
V2V0125,6,A02,0.946
V2V0126,6,A01,1.0
V2V0127,6,A02,0.75
V2V0128,6,A02,0.816
V2V0129,6,A06,0.887
V2V0131,6,A03,0.901
V2V0132,6,A03,0.914
V2V0133,6,A06,0.652
V2V0134,6,A06,0.996
V2V0135,6,A06,0.947
V2V0137,6,A06,0.856
V2V0138,6,A03,0.916
V2V0139,6,A06,0.988
V2V0140,6,A03,1.0
V2V0141,6,A02,1.0
V2V0142,6,A08,0.754
V2V0144,6,A03,0.968
V2V0145,6,A09,0.657
V2V0147,6,A02,0.888
V2V0149,6,A01,0.854
V2V0150,6,A03,0.683
V2V0152,6,A03,0.715
V2V0153,6,A06,0.983
V2V0154,6,A06,0.742
V2V0155,6,A02,1.0
V2V0156,6,A01,0.636
V2V0157,6,A01,0.89
V2V0158,6,A03,0.999
V2V0160,6,A01,1.0
V2V0161,6,A06,0.952
V2V0162,6,A06,0.948
V2V0163,6,A02,0.747
V2V0164,6,A03,0.875
V2V0165,6,A06,0.881
V2V0166,6,A09,0.724
V2V0167,6,A01,1.0
V2V0168,6,A06,0.9
V2V0169,6,A06,0.951
V2V0170,6,A01,0.952
V2V0171,6,A01,0.947
V2V0172,6,A06,1.0
V2V0174,6,A01,0.907
V2V0175,6,A01,0.947
V2V0176,6,A05,1.0
V2V0177,6,A01,0.642
V2V0179,6,A08,0.668
V2V0180,6,A01,0.75
V2V0181,6,A02,0.648
V2V0182,6,A02,0.891
V2V0183,6,A06,0.87
V2V0184,6,A04,0.767
V2V0185,6,A05,0.98
V2V0186,6,A10,0.985
V2V0187,6,A01,0.621
V2V0189,6,A03,0.893
V2V0190,6,A02,0.622
V2V0192,6,A06,0.872
V2V0193,6,A05,0.978
V2V0194,6,A03,0.892
V2V0196,6,A06,0.982
V2V0199,6,A02,0.996
V2V0200,6,A05,0.945
V2V0202,6,A01,0.987
V2V0203,6,A02,0.632
V2V0204,6,A01,0.819
V2V0205,6,A05,1.0
V2V0206,6,A06,0.662
V2V0207,6,A02,0.697
V2V0208,6,A05,0.993
V2V0209,6,A01,0.896
V2V0210,6,A04,0.856
V2V0213,6,A05,0.949
V2V0214,6,A05,0.964
V2V0215,6,A01,0.901
V2V0216,6,A03,0.898
V2V0217,6,A06,0.915
V2V0218,6,A05,0.979
V2V0219,6,A05,0.994
V2V0220,6,A06,0.787
V2V0221,6,A01,0.687
V2V0223,6,A09,0.974
V2V0224,6,A06,0.854
V2V0225,6,A02,0.91
V2V0227,6,A03,0.964
V2V0228,6,A06,0.581
V2V0229,6,A05,0.9
V2V0231,6,A05,0.941
V2V0232,6,A03,0.938
V2V0233,6,A08,0.852
V2V0234,6,A05,0.944
V2V0236,6,A05,0.922
V2V0237,6,A05,0.949
V2V0238,6,A05,0.888
V2V0239,6,A05,0.937
V2V0241,6,A07,0.882
V2V0242,6,A09,0.776
V2V0243,6,A01,0.98
V2V0244,6,A09,0.819
V2V0245,6,A01,0.925
V2V0246,6,A06,0.918
V2V0248,6,A05,0.852
V2V0250,6,A10,0.853
V2V0251,6,A01,0.914
V2V0252,6,A03,0.775
V2V0253,6,A09,0.804
V2V0254,6,A01,0.904
V2V0256,6,A02,0.978
V2V0258,6,A09,0.921
V2V0259,6,A02,0.948
V2V0260,6,A06,0.958
V2V0261,6,A03,0.976
V2V0262,6,A09,0.87
V2V0264,6,A06,0.949
V2V0265,6,A01,1.0
V2V0266,6,A05,0.981
V2V0269,6,A06,0.965
V2V0270,6,A09,0.872
V2V0271,6,A04,0.837
V2V0272,6,A01,0.985
V2V0273,6,A05,0.984
V2V0274,6,A05,0.846
V2V0275,6,A03,0.875
V2V0276,6,A02,0.972
V2V0277,6,A01,0.821
V2V0279,6,A08,0.912
V2V0280,6,A03,0.99
V2V0281,6,A02,0.977
V2V0282,6,A02,1.0
V2V0285,6,A02,1.0
V2V0288,6,A02,0.864
V2V0289,6,A04,0.809
V2V0290,6,A04,0.706
V2V0291,6,A09,0.777
V2V0292,6,A02,0.576
V2V0293,6,A03,0.999
V2V0294,6,A06,0.8
V2V0295,6,A03,0.963
V2V0297,6,A02,0.928
V2V0298,6,A01,0.779
V2V0300,6,A01,0.983
V2V0302,6,A02,0.932
V2V0303,6,A09,0.648
V2V0304,6,A09,0.934
V2V0305,6,A01,0.982
V2V0306,6,A05,0.731
V2V0307,6,A06,0.929
V2V0308,6,A07,0.831
V2V0309,6,A02,0.933
V2V0310,6,A08,0.825
V2V0312,6,A08,0.955
V2V0313,6,A04,0.796
V2V0316,6,A02,0.736
V2V0317,6,A01,0.744
V2V0319,6,A03,0.856
V2V0320,6,A02,0.72
V2V0321,6,A08,0.955
V2V0324,6,A08,0.863
V2V0325,6,A09,0.955
V2V0326,6,A08,0.786
V2V0327,6,A09,0.929
V2V0329,6,A08,0.905
V2V0330,6,A08,0.945
V2V0331,6,A06,0.737
V2V0332,6,A07,0.82
V2V0333,6,A08,0.883
V2V0334,6,A08,0.654
V2V0335,6,A03,0.923
V2V0337,6,A01,0.945
V2V0338,6,A06,0.935
V2V0339,6,A08,0.878
V2V0342,6,A03,0.97
V2V0343,6,A08,0.901
V2V0344,6,A04,0.846
V2V0348,6,A03,0.935
V2V0349,6,A01,0.689
V2V0350,6,A02,0.977
V2V0351,6,A04,0.931
V2V0353,6,A09,0.985
V2V0354,6,A10,0.865
V2V0355,6,A03,0.91
V2V0358,6,A08,0.897
V2V0359,6,A09,0.95
V2V0362,6,A06,0.924
V2V0363,6,A04,0.57
V2V0366,6,A01,0.936
V2V0368,6,A01,0.986
V2V0370,6,A03,0.983
V2V0371,6,A01,0.951
V2V0373,6,A10,0.985
V2V0375,6,A08,0.865
V2V0376,6,A02,0.876
V2V0377,6,A01,0.966
V2V0378,6,A06,0.688
V2V0379,6,A01,1.0
V2V0380,6,A06,0.847
V2V0381,6,A01,0.668
V2V0382,6,A01,0.95
V2V0383,6,A05,0.872
V2V0384,6,A01,0.875
V2V0385,6,A09,0.921
V2V0386,6,A01,0.945
V2V0387,6,A06,0.676
V2V0388,6,A03,0.932
V2V0389,6,A07,0.86
V2V0390,6,A03,0.946
V2V0391,6,A01,0.75
V2V0392,6,A05,0.951
V2V0393,6,A06,0.938
V2V0394,6,A01,0.959
V2V0395,6,A05,0.998
V2V0397,6,A01,0.96
V2V0398,6,A03,0.815
V2V0399,6,A03,0.885
V2V0400,6,A08,0.932
V2V0401,6,A01,0.975
V2V0402,6,A01,0.946
V2V0403,6,A01,0.857
V2V0404,6,A01,0.802
V2V0405,6,A01,0.806
V2V0407,6,A01,1.0
V2V0408,6,A02,0.953
V2V0409,6,A07,0.819
V2V0410,6,A05,0.915
V2V0412,6,A05,0.879
V2V0413,6,A06,0.885
V2V0414,6,A03,0.877
V2V0415,6,A01,0.943
V2V0416,6,A08,0.892
V2V0417,6,A05,0.859
V2V0418,6,A05,0.913
V2V0419,6,A01,0.968
V2V0420,6,A04,0.843
V2V0421,6,A03,0.966
V2V0424,6,A02,0.81
V2V0425,6,A04,0.856
V2V0426,6,A09,0.878
V2V0427,6,A08,0.8
V2V0429,6,A03,0.873
V2V0430,6,A06,0.946
V2V0432,6,A03,0.91
V2V0433,6,A03,0.713
V2V0434,6,A02,0.973
V2V0435,6,A09,0.741
V2V0436,6,A06,0.871
V2V0438,6,A07,0.865
V2V0439,6,A06,0.861
V2V0440,6,A09,0.802
V2V0441,6,A03,1.0
V2V0443,6,A05,0.862
V2V0444,6,A06,0.908
V2V0445,6,A01,0.927
V2V0446,6,A05,0.938
V2V0448,6,A02,0.929
V2V0449,6,A05,0.957
V2V0450,6,A02,0.898
V2V0451,6,A05,1.0
V2V0452,6,A02,0.929
V2V0453,6,A03,0.855
V2V0454,6,A09,0.849
V2V0455,6,A01,0.92
V2V0456,6,A01,0.998
V2V0457,6,A01,0.89
V2V0458,6,A06,0.995
V2V0460,6,A01,0.937
V2V0461,6,A01,0.95
V2V0463,6,A01,0.93
V2V0464,6,A06,0.926
V2V0465,6,A05,0.961
V2V0466,6,A09,0.778
V2V0467,6,A07,0.817
V2V0468,6,A01,0.945
V2V0469,6,A01,0.972
V2V0470,6,A07,0.878
V2V0471,6,A01,0.976
V2V0472,6,A05,0.857
V2V0473,6,A06,0.913
V2V0474,6,A07,0.868
V2V0475,6,A06,0.927
V2V0476,6,A01,0.651
V2V0477,6,A01,1.0
V2V0478,6,A06,0.739
V2V0479,6,A01,0.91
V2V0480,6,A03,0.931
V2V0481,6,A05,0.996
V2V0482,6,A05,0.983
V2V0483,6,A05,0.897
V2V0484,6,A01,0.909
V2V0487,6,A05,0.915
V2V0488,6,A05,0.892
V2V0489,6,A05,0.94
V2V0490,6,A05,0.999
V2V0491,6,A03,0.896
V2V0492,6,A03,0.998
V2V0493,6,A05,0.829
V2V0494,6,A02,0.858
V2V0495,6,A01,0.892
V2V0497,6,A05,0.846
V2V0498,6,A05,0.914
V2V0499,6,A09,0.977
V2V0500,6,A05,0.924
V2V0501,6,A05,0.983
V2V0502,6,A03,1.0
V2V0505,6,A03,0.931
V2V0506,6,A05,1.0
V2V0507,6,A05,0.91
V2V0509,6,A01,0.972
V2V0510,6,A05,0.974
V2V0512,6,A03,0.953
V2V0513,6,A06,0.876
V2V0514,6,A01,0.828
V2V0515,6,A05,0.909
V2V0517,6,A05,0.938
V2V0519,6,A06,0.919
V2V0520,6,A05,0.958
V2V0522,6,A08,0.833
V2V0523,6,A01,0.939
V2V0524,6,A07,0.757
V2V0525,6,A03,0.988
V2V0526,6,A07,0.817
V2V0527,6,A01,1.0
V2V0528,6,A09,0.943
V2V0529,6,A05,0.912
V2V0530,6,A05,0.893
V2V0531,6,A09,0.749
V2V0532,6,A01,0.77
V2V0533,6,A05,0.881
V2V0535,6,A04,0.851
V2V0536,6,A02,0.977
V2V0537,6,A05,0.861
V2V0539,6,A09,0.695
V2V0540,6,A05,0.846
V2V0541,6,A09,0.959
V2V0542,6,A02,0.863
V2V0543,6,A03,0.968
V2V0544,6,A05,1.0
V2V0545,6,A05,0.946
V2V0546,6,A03,0.932
V2V0547,6,A05,0.958
V2V0549,6,A09,0.964
V2V0550,6,A06,0.75
V2V0551,6,A01,0.872
V2V0552,6,A04,0.816
V2V0553,6,A01,0.88
V2V0555,6,A01,1.0
V2V0556,6,A03,0.979
V2V0557,6,A05,0.861
V2V0558,6,A03,0.947
V2V0559,6,A01,0.961
V2V0560,6,A05,0.901
V2V0561,6,A06,0.944
V2V0562,6,A05,0.865
V2V0563,6,A04,0.753
V2V0564,6,A09,0.837
V2V0566,6,A03,0.947
V2V0568,6,A05,0.884
V2V0570,6,A09,0.985
V2V0572,6,A05,1.0
V2V0573,6,A07,0.87
V2V0574,6,A03,0.916
V2V0575,6,A03,1.0
V2V0576,6,A03,1.0
V2V0577,6,A05,0.816
V2V0578,6,A02,1.0
V2V0580,6,A09,0.982
V2V0581,6,A09,0.893
V2V0582,6,A03,0.874
V2V0583,6,A03,1.0
V2V0584,6,A07,0.923
V2V0585,6,A02,0.925
V2V0586,6,A04,0.784
V2V0587,6,A03,0.762
V2V0588,6,A03,0.812
V2V0589,6,A03,1.0
V2V0590,6,A03,0.744
V2V0591,6,A05,0.888
V2V0592,6,A01,0.713
V2V0593,6,A03,0.853
V2V0595,6,A05,0.93
V2V0596,6,A03,1.0
V2V0598,6,A05,0.717
V2V0599,6,A03,0.937
V2V0600,6,A07,0.827
V2V0601,6,A10,0.977
V2V0602,6,A03,0.884
V2V0603,6,A03,0.936
V2V0604,6,A05,0.896
V2V0605,6,A06,0.939
V2V0606,6,A02,0.844
V2V0607,6,A09,0.742
V2V0608,6,A03,0.779
V2V0610,6,A05,0.991
V2V0611,6,A09,0.962
V2V0612,6,A05,0.727
V2V0613,6,A01,0.953
V2V0614,6,A09,0.954
V2V0615,6,A06,0.75
V2V0616,6,A05,0.69
V2V0617,6,A06,0.72
V2V0618,6,A03,0.888
V2V0620,6,A03,0.844
V2V0621,6,A05,0.992
V2V0622,6,A02,0.964
V2V0623,6,A03,0.986
V2V0624,6,A01,0.966
V2V0625,6,A05,0.985
V2V0626,6,A02,0.832
V2V0627,6,A02,0.904
V2V0628,6,A06,1.0
V2V0629,6,A01,0.814
V2V0631,6,A03,0.742
V2V0632,6,A03,0.748
V2V0633,6,A02,0.91
V2V0636,6,A06,0.967
V2V0638,6,A09,0.963
V2V0639,6,A06,0.97
V2V0640,6,A02,0.938
V2V0641,6,A02,0.933
V2V0642,6,A02,0.825
V2V0643,6,A08,0.894
V2V0644,6,A02,0.989
V2V0645,6,A06,0.869
V2V0646,6,A06,0.67
V2V0647,6,A07,0.835
V2V0648,6,A02,0.92
V2V0649,6,A03,0.975
V2V0651,6,A03,0.538
V2V0652,6,A04,0.762
V2V0653,6,A01,0.907
V2V0655,6,A10,0.952
V2V0656,6,A06,0.728
V2V0657,6,A03,0.989
V2V0658,6,A03,0.969
V2V0659,6,A01,0.809
V2V0660,6,A02,0.924
V2V0661,6,A10,0.647
V2V0662,6,A03,0.956
V2V0663,6,A04,0.842
V2V0664,6,A04,0.917
V2V0665,6,A02,0.953
V2V0666,6,A03,0.895
V2V0667,6,A02,0.964
V2V0668,6,A07,0.57
V2V0670,6,A03,0.992
V2V0671,6,A02,0.872
V2V0672,6,A02,0.941
V2V0673,6,A03,0.899
V2V0674,6,A09,0.973
V2V0675,6,A02,0.876
V2V0676,6,A09,0.808
V2V0677,6,A01,0.916
V2V0678,6,A06,0.744
V2V0680,6,A09,0.925
V2V0681,6,A02,0.905
V2V0682,6,A09,0.691
V2V0683,6,A06,1.0
V2V0685,6,A02,0.924
V2V0686,6,A06,0.881
V2V0687,6,A03,0.825
V2V0688,6,A03,0.928
V2V0689,6,A03,0.837
V2V0690,6,A07,0.902
V2V0691,6,A10,0.899
V2V0692,6,A03,0.953
V2V0693,6,A01,0.978
V2V0694,6,A04,0.787
V2V0695,6,A08,0.644
V2V0697,6,A02,0.861
V2V0698,6,A09,0.954
V2V0699,6,A02,0.929
V2V0700,6,A03,0.914
V2V0701,6,A06,0.901
V2V0702,6,A03,0.945
V2V0704,6,A08,0.831
V2V0705,6,A02,0.872
V2V0707,6,A02,0.826
V2V0708,6,A03,0.981
V2V0709,6,A01,0.936
V2V0710,6,A10,0.821
V2V0711,6,A06,0.726
V2V0712,6,A03,0.92
V2V0713,6,A02,0.866
V2V0714,6,A02,0.889
V2V0715,6,A09,0.855
V2V0716,6,A08,0.923
V2V0718,6,A02,0.925
V2V0719,6,A03,0.937
V2V0720,6,A09,0.981
V2V0721,6,A03,0.855
V2V0722,6,A01,0.961
V2V0723,6,A07,0.689
V2V0724,6,A02,0.936
V2V0725,6,A04,0.782
V2V0726,6,A02,0.965
V2V0728,6,A03,0.947
V2V0731,6,A07,0.947
V2V0732,6,A02,0.979
V2V0734,6,A04,0.815
V2V0736,6,A02,0.593
V2V0737,6,A01,0.844
V2V0739,6,A08,0.751
V2V0740,6,A02,0.988
V2V0742,6,A02,1.0
V2V0743,6,A09,0.88
V2V0744,6,A03,0.952
V2V0745,6,A02,0.608
V2V0747,6,A03,0.829
V2V0748,6,A02,1.0
V2V0749,6,A04,0.877
V2V0750,6,A02,0.956
V2V0751,6,A09,0.94
V2V0752,6,A02,0.856
V2V0754,6,A03,0.866
V2V0755,6,A09,0.855
V2V0756,6,A07,0.611
V2V0757,6,A02,0.745
V2V0759,6,A02,0.794
V2V0760,6,A05,0.654
V2V0761,6,A05,0.897
V2V0762,6,A02,0.89
V2V0763,6,A01,0.997
V2V0764,6,A01,0.966
V2V0765,6,A01,0.948
V2V0766,6,A04,0.912
V2V0768,6,A09,0.951
V2V0770,6,A02,0.86
V2V0771,6,A05,1.0
V2V0772,6,A01,0.961
V2V0773,6,A06,0.871
V2V0774,6,A06,1.0
V2V0775,6,A06,0.987
V2V0776,6,A01,0.977
V2V0777,6,A09,0.962
V2V0778,6,A01,0.954
V2V0780,6,A01,0.712
V2V0781,6,A01,0.946
V2V0784,6,A04,0.498
V2V0786,6,A01,0.867
V2V0789,6,A03,0.996
V2V0790,6,A02,0.934
V2V0791,6,A02,0.831
V2V0793,6,A03,0.875
V2V0794,6,A10,0.972
V2V0795,6,A03,0.977
V2V0796,6,A09,0.976
V2V0798,6,A02,0.923
V2V0799,6,A06,0.987
V2V0800,6,A06,0.819
V2V0801,6,A03,0.954
V2V0803,6,A10,0.834
V2V0804,6,A03,0.923
V2V0805,6,A02,0.961
V2V0806,6,A03,0.979
V2V0807,6,A06,0.999
V2V0808,6,A01,0.982
V2V0809,6,A03,0.997
V2V0810,6,A01,0.7
V2V0811,6,A06,0.886
V2V0812,6,A03,0.892
V2V0813,6,A01,0.974
V2V0814,6,A09,0.834
V2V0815,6,A01,1.0
V2V0816,6,A07,0.533
V2V0817,6,A03,0.752
V2V0818,6,A06,0.974
V2V0819,6,A07,0.955
V2V0821,6,A06,0.948
V2V0822,6,A05,0.883
V2V0823,6,A06,0.914
V2V0824,6,A01,0.884
V2V0825,6,A03,0.867
V2V0826,6,A02,0.946
V2V0828,6,A03,0.956
V2V0829,6,A06,0.886
V2V0830,6,A10,0.86
V2V0831,6,A05,0.774
V2V0832,6,A10,0.916
V2V0833,6,A01,0.995
V2V0834,6,A09,0.854
V2V0835,6,A04,0.835
V2V0837,6,A06,0.915
V2V0838,6,A05,0.848
V2V0839,6,A06,0.972
V2V0840,6,A06,0.81
V2V0841,6,A09,0.953
V2V0842,6,A06,0.874
V2V0843,6,A03,0.944
V2V0845,6,A01,0.691
V2V0846,6,A01,0.957
V2V0847,6,A02,0.854
V2V0848,6,A03,0.963
V2V0849,6,A02,0.682
V2V0850,6,A03,0.886
V2V0851,6,A01,0.885
V2V0855,6,A10,0.985
V2V0857,6,A06,0.991
V2V0859,6,A09,0.852
V2V0862,6,A01,0.917
V2V0863,6,A04,0.763
V2V0864,6,A03,0.852
V2V0865,6,A02,0.846
V2V0866,6,A09,0.928
V2V0867,6,A09,0.888
V2V0868,6,A09,0.843
V2V0869,6,A09,0.65
V2V0870,6,A01,0.974
V2V0871,6,A03,0.912
V2V0872,6,A02,0.97
V2V0873,6,A06,0.997
V2V0874,6,A03,0.731
V2V0875,6,A02,0.983
V2V0876,6,A03,1.0
V2V0879,6,A05,0.918
V2V0880,6,A09,0.939
V2V0881,6,A03,0.958
V2V0882,6,A02,0.876
V2V0883,6,A01,0.881
V2V0887,6,A03,0.949
V2V0888,6,A05,0.624
V2V0892,6,A06,0.981
V2V0893,6,A06,0.956
V2V0894,6,A03,0.75
V2V0895,6,A02,0.912
V2V0896,6,A02,0.904
V2V0897,6,A08,0.743
V2V0898,6,A02,0.984
V2V0899,6,A05,0.734
V2V0900,6,A05,0.848
V2V0902,6,A07,0.413
V2V0903,6,A08,0.758
V2V0904,6,A06,0.892
V2V0905,6,A05,0.913
V2V0906,6,A07,0.873
V2V0910,6,A02,0.868
V2V0911,6,A04,0.859
V2V0912,6,A01,0.75
V2V0913,6,A02,0.888
V2V0915,6,A02,0.999
V2V0917,6,A03,0.897
V2V0919,6,A06,0.992
V2V0921,6,A03,0.832
V2V0922,6,A03,0.935
V2V0923,6,A02,0.935
V2V0925,6,A02,1.0
V2V0926,6,A02,0.968
V2V0927,6,A07,0.607
V2V0928,6,A02,0.881
V2V0931,6,A06,0.791
V2V0932,6,A09,0.921
V2V0933,6,A02,0.996
V2V0934,6,A02,0.88
V2V0935,6,A07,0.647
V2V0936,6,A02,0.972
V2V0937,6,A06,0.886
V2V0938,6,A08,0.506
V2V0939,6,A09,0.895
V2V0940,6,A02,0.856
V2V0943,6,A06,0.992
V2V0944,6,A02,0.916
V2V0945,6,A02,0.894
V2V0946,6,A03,0.965
V2V0947,6,A02,0.804
V2V0948,6,A03,0.963
V2V0949,6,A02,0.981
V2V0950,6,A02,0.985
V2V0951,6,A06,0.976
V2V0952,6,A02,0.919
V2V0957,6,A03,0.915
V2V0958,6,A02,0.877
V2V0959,6,A07,0.947
V2V0960,6,A10,0.931
V2V0961,6,A02,0.887
V2V0962,6,A03,0.901
V2V0963,6,A03,0.885
V2V0964,6,A06,0.53
V2V0965,6,A06,0.954
V2V0966,6,A09,0.804
V2V0967,6,A06,0.969
V2V0968,6,A04,0.632
V2V0969,6,A02,0.926
V2V0970,6,A03,0.935
V2V0971,6,A03,0.96
V2V0972,6,A05,0.892
V2V0975,6,A02,0.95
V2V0976,6,A05,0.895
V2V0977,6,A06,0.97
V2V0979,6,A02,0.688
V2V0981,6,A05,0.925
V2V0983,6,A02,0.888
V2V0984,6,A06,0.976
V2V0985,6,A03,0.925
V2V0986,6,A02,0.936
V2V0987,6,A02,0.991
V2V0988,6,A02,0.821
V2V0989,6,A02,0.992
V2V0990,6,A03,0.931
V2V0991,6,A02,0.982
V2V0992,6,A03,0.92
V2V0993,6,A02,0.888
V2V0994,6,A06,0.929
V2V0995,6,A04,0.563
V2V0996,6,A02,0.901
V2V0997,6,A10,0.165
V2V0998,6,A03,0.853
V2V0001,7,A04,0.836
V2V0003,7,A10,0.666
V2V0004,7,A10,0.906
V2V0005,7,A03,0.737
V2V0006,7,A06,0.914
V2V0007,7,A10,0.916
V2V0008,7,A09,0.864
V2V0009,7,A10,0.85
V2V0010,7,A03,0.889
V2V0011,7,A10,0.977
V2V0012,7,A04,0.944
V2V0013,7,A07,0.91
V2V0014,7,A09,0.914
V2V0016,7,A10,0.804
V2V0017,7,A06,0.901
V2V0018,7,A02,0.982
V2V0019,7,A06,0.853
V2V0021,7,A06,0.963
V2V0022,7,A06,0.885
V2V0023,7,A02,0.919
V2V0024,7,A02,0.967
V2V0025,7,A01,0.61
V2V0027,7,A08,0.787
V2V0028,7,A04,0.921
V2V0029,7,A05,0.816
V2V0030,7,A10,0.577
V2V0031,7,A03,0.916
V2V0032,7,A09,0.894
V2V0035,7,A10,0.932
V2V0036,7,A02,0.941
V2V0037,7,A03,0.73
V2V0038,7,A10,0.845
V2V0039,7,A02,0.609
V2V0040,7,A02,0.914
V2V0041,7,A06,0.952
V2V0042,7,A09,0.82
V2V0044,7,A02,0.94
V2V0045,7,A10,0.452
V2V0046,7,A06,0.871
V2V0047,7,A10,0.833
V2V0048,7,A10,0.909
V2V0049,7,A05,0.697
V2V0050,7,A02,0.89
V2V0052,7,A02,0.912
V2V0053,7,A02,0.948
V2V0055,7,A02,0.885
V2V0056,7,A02,0.988
V2V0057,7,A02,0.922
V2V0060,7,A10,0.225
V2V0061,7,A09,0.899
V2V0063,7,A02,1.0
V2V0065,7,A06,1.0
V2V0067,7,A02,0.959
V2V0068,7,A09,0.889
V2V0069,7,A01,0.866
V2V0070,7,A01,0.92
V2V0074,7,A06,0.83
V2V0075,7,A03,0.864
V2V0076,7,A05,0.886
V2V0077,7,A09,0.859
V2V0078,7,A06,0.946
V2V0081,7,A04,0.819
V2V0083,7,A06,1.0
V2V0084,7,A09,0.961
V2V0085,7,A03,0.433
V2V0086,7,A08,0.618
V2V0087,7,A02,0.852
V2V0088,7,A10,0.888
V2V0089,7,A02,1.0
V2V0090,7,A06,0.887
V2V0091,7,A10,0.86
V2V0092,7,A04,0.76
V2V0093,7,A02,0.844
V2V0094,7,A01,0.904
V2V0097,7,A09,0.968
V2V0098,7,A04,0.948
V2V0100,7,A06,0.872
V2V0101,7,A02,0.711
V2V0102,7,A09,0.836
V2V0104,7,A10,0.889
V2V0105,7,A10,0.828
V2V0106,7,A03,0.967
V2V0108,7,A03,1.0
V2V0110,7,A06,1.0
V2V0111,7,A04,0.806
V2V0113,7,A01,0.871
V2V0114,7,A10,0.927
V2V0115,7,A09,0.813
V2V0116,7,A04,0.895
V2V0117,7,A06,0.905
V2V0118,7,A02,0.998
V2V0119,7,A04,0.796
V2V0120,7,A06,0.995
V2V0122,7,A09,0.9
V2V0124,7,A04,0.707
V2V0125,7,A02,0.925
V2V0126,7,A02,0.65
V2V0127,7,A09,0.868
V2V0128,7,A05,1.0
V2V0129,7,A06,0.827
V2V0131,7,A03,1.0
V2V0132,7,A03,0.988
V2V0133,7,A05,0.908
V2V0134,7,A06,0.919
V2V0135,7,A05,0.927
V2V0137,7,A05,0.945
V2V0138,7,A05,0.938
V2V0139,7,A05,0.953
V2V0140,7,A08,0.803
V2V0141,7,A05,1.0
V2V0142,7,A08,0.846
V2V0144,7,A03,0.874
V2V0145,7,A03,0.992
V2V0147,7,A03,0.966
V2V0149,7,A05,0.947
V2V0150,7,A01,0.941
V2V0152,7,A03,0.739
V2V0153,7,A05,0.988
V2V0154,7,A01,0.897
V2V0155,7,A03,0.89
V2V0156,7,A01,0.985
V2V0157,7,A05,0.906
V2V0158,7,A03,1.0
V2V0160,7,A01,0.949
V2V0161,7,A08,0.689
V2V0162,7,A03,0.833
V2V0163,7,A03,0.909
V2V0164,7,A03,0.928
V2V0165,7,A06,0.945
V2V0166,7,A05,0.928
V2V0167,7,A05,0.982
V2V0168,7,A06,0.943
V2V0169,7,A06,0.966
V2V0170,7,A10,0.975
V2V0171,7,A05,1.0
V2V0172,7,A05,0.854
V2V0174,7,A01,0.948
V2V0175,7,A05,0.794
V2V0176,7,A05,0.622
V2V0177,7,A03,0.911
V2V0179,7,A05,0.931
V2V0180,7,A03,0.881
V2V0181,7,A05,0.853
V2V0182,7,A05,0.965
V2V0183,7,A05,0.969
V2V0184,7,A03,0.983
V2V0185,7,A05,0.636
V2V0186,7,A10,0.923
V2V0187,7,A05,0.813
V2V0189,7,A03,0.979
V2V0190,7,A01,0.967
V2V0192,7,A03,0.938
V2V0193,7,A05,0.948
V2V0194,7,A03,0.998
V2V0196,7,A07,0.873
V2V0199,7,A01,0.879
V2V0200,7,A05,1.0
V2V0202,7,A05,0.881
V2V0203,7,A01,0.959
V2V0204,7,A05,0.81
V2V0205,7,A05,0.992
V2V0206,7,A06,0.947
V2V0207,7,A05,0.922
V2V0208,7,A07,0.846
V2V0209,7,A06,0.958
V2V0210,7,A01,0.936
V2V0213,7,A05,0.919
V2V0214,7,A01,0.931
V2V0215,7,A01,0.937
V2V0216,7,A03,0.978
V2V0217,7,A03,0.982
V2V0218,7,A09,0.96
V2V0219,7,A05,0.892
V2V0220,7,A05,0.864
V2V0221,7,A05,0.943
V2V0223,7,A05,0.85
V2V0224,7,A09,0.983
V2V0225,7,A02,0.86
V2V0227,7,A03,0.685
V2V0228,7,A07,0.793
V2V0229,7,A03,0.994
V2V0231,7,A06,0.907
V2V0232,7,A01,0.993
V2V0233,7,A08,0.654
V2V0234,7,A05,0.977
V2V0236,7,A09,0.714
V2V0237,7,A05,0.947
V2V0238,7,A05,0.995
V2V0239,7,A05,0.997
V2V0241,7,A06,0.956
V2V0242,7,A08,0.917
V2V0243,7,A01,0.876
V2V0244,7,A09,0.985
V2V0245,7,A01,0.915
V2V0246,7,A01,0.972
V2V0248,7,A03,0.702
V2V0250,7,A10,0.911
V2V0251,7,A01,0.878
V2V0252,7,A03,0.718
V2V0253,7,A03,0.79
V2V0254,7,A03,1.0
V2V0256,7,A08,0.703
V2V0258,7,A03,0.874
V2V0259,7,A05,0.965
V2V0260,7,A06,0.994
V2V0261,7,A03,1.0
V2V0262,7,A09,0.985
V2V0264,7,A06,0.877
V2V0265,7,A01,0.964
V2V0266,7,A08,0.847
V2V0269,7,A06,0.938
V2V0270,7,A09,0.797
V2V0271,7,A01,0.946
V2V0272,7,A02,0.701
V2V0273,7,A05,0.876
V2V0274,7,A05,0.906
V2V0275,7,A03,0.977
V2V0276,7,A06,0.96
V2V0277,7,A01,1.0
V2V0279,7,A08,0.856
V2V0280,7,A03,0.864
V2V0281,7,A02,0.886
V2V0282,7,A01,0.961
V2V0285,7,A03,0.872
V2V0288,7,A02,0.997
V2V0289,7,A08,0.878
V2V0290,7,A10,0.429
V2V0291,7,A04,0.657
V2V0292,7,A03,0.925
V2V0293,7,A02,0.98
V2V0294,7,A01,0.912
V2V0295,7,A02,0.862
V2V0297,7,A03,0.925
V2V0298,7,A01,0.994
V2V0300,7,A01,0.971
V2V0302,7,A01,0.898
V2V0303,7,A02,0.843
V2V0304,7,A06,0.9
V2V0305,7,A01,0.673
V2V0306,7,A08,0.909
V2V0307,7,A05,0.921
V2V0308,7,A07,0.819
V2V0309,7,A03,0.896
V2V0310,7,A08,0.865
V2V0312,7,A08,0.636
V2V0313,7,A05,0.727
V2V0316,7,A02,0.945
V2V0317,7,A08,0.817
V2V0319,7,A10,0.806
V2V0320,7,A06,0.921
V2V0321,7,A08,0.686
V2V0324,7,A01,0.875
V2V0325,7,A09,0.928
V2V0326,7,A03,0.952
V2V0327,7,A09,0.973
V2V0329,7,A08,0.827
V2V0330,7,A08,0.919
V2V0331,7,A01,0.96
V2V0332,7,A07,0.883
V2V0333,7,A08,0.939
V2V0334,7,A01,0.896
V2V0335,7,A06,0.912
V2V0337,7,A02,0.896
V2V0338,7,A02,0.999
V2V0339,7,A08,0.847
V2V0342,7,A03,0.972
V2V0343,7,A02,0.932
V2V0344,7,A02,0.725
V2V0348,7,A02,0.985
V2V0349,7,A10,0.86
V2V0350,7,A02,0.733
V2V0351,7,A06,0.947
V2V0353,7,A09,0.94
V2V0354,7,A02,0.904
V2V0355,7,A03,0.948
V2V0358,7,A06,1.0
V2V0359,7,A05,0.978
V2V0362,7,A06,0.937
V2V0363,7,A03,0.872
V2V0366,7,A01,0.87
V2V0368,7,A01,0.885
V2V0370,7,A08,0.882
V2V0371,7,A01,1.0
V2V0373,7,A10,0.9
V2V0375,7,A08,0.886
V2V0376,7,A02,0.922
V2V0377,7,A02,0.894
V2V0378,7,A01,0.739
V2V0379,7,A03,0.917
V2V0380,7,A05,0.951
V2V0381,7,A01,0.962
V2V0382,7,A06,0.967
V2V0383,7,A01,0.897
V2V0384,7,A08,0.497
V2V0385,7,A01,0.918
V2V0386,7,A03,0.965
V2V0387,7,A02,0.737
V2V0388,7,A03,0.798
V2V0389,7,A07,0.861
V2V0390,7,A06,0.999
V2V0391,7,A01,1.0
V2V0392,7,A05,0.988
V2V0393,7,A06,0.918
V2V0394,7,A01,0.966
V2V0395,7,A03,1.0
V2V0397,7,A01,0.888
V2V0398,7,A01,0.897
V2V0399,7,A05,0.853
V2V0400,7,A01,0.747
V2V0401,7,A06,0.861
V2V0402,7,A05,0.873
V2V0403,7,A07,0.778
V2V0404,7,A01,0.957
V2V0405,7,A10,0.694
V2V0407,7,A03,0.862
V2V0408,7,A01,0.814
V2V0409,7,A05,0.983
V2V0410,7,A05,0.984
V2V0412,7,A09,0.948
V2V0413,7,A06,0.888
V2V0414,7,A01,0.989
V2V0415,7,A01,0.943
V2V0416,7,A09,0.852
V2V0417,7,A05,0.966
V2V0418,7,A06,0.849
V2V0419,7,A02,0.949
V2V0420,7,A04,0.817
V2V0421,7,A03,0.97
V2V0424,7,A01,0.713
V2V0425,7,A07,0.62
V2V0426,7,A09,0.864
V2V0427,7,A06,0.769
V2V0429,7,A06,1.0
V2V0430,7,A06,0.966
V2V0432,7,A03,0.899
V2V0433,7,A02,0.81
V2V0434,7,A03,0.991
V2V0435,7,A05,0.632
V2V0436,7,A01,1.0
V2V0438,7,A01,0.91
V2V0439,7,A01,1.0
V2V0440,7,A03,0.837
V2V0441,7,A03,0.94
V2V0443,7,A03,1.0
V2V0444,7,A03,0.956
V2V0445,7,A05,0.925
V2V0446,7,A07,0.831
V2V0448,7,A01,0.696
V2V0449,7,A05,0.899
V2V0450,7,A01,0.913
V2V0451,7,A04,0.66
V2V0452,7,A05,0.992
V2V0453,7,A01,0.979
V2V0454,7,A03,0.782
V2V0455,7,A02,0.867
V2V0456,7,A01,0.899
V2V0457,7,A06,0.966
V2V0458,7,A06,0.833
V2V0460,7,A05,0.884
V2V0461,7,A01,0.937
V2V0463,7,A01,0.976
V2V0464,7,A05,0.891
V2V0465,7,A05,0.984
V2V0466,7,A03,0.661
V2V0467,7,A07,0.815
V2V0468,7,A05,0.876
V2V0469,7,A01,0.94
V2V0470,7,A07,0.863
V2V0471,7,A06,0.937
V2V0472,7,A03,0.972
V2V0473,7,A06,0.941
V2V0474,7,A07,0.824
V2V0475,7,A01,0.923
V2V0476,7,A05,0.881
V2V0477,7,A06,1.0
V2V0478,7,A06,0.609
V2V0479,7,A01,0.908
V2V0480,7,A03,0.814
V2V0481,7,A01,0.881
V2V0482,7,A05,0.864
V2V0483,7,A05,0.966
V2V0484,7,A01,0.876
V2V0487,7,A06,0.952
V2V0488,7,A05,0.784
V2V0489,7,A05,0.96
V2V0490,7,A05,0.912
V2V0491,7,A10,0.332
V2V0492,7,A03,1.0
V2V0493,7,A02,0.974
V2V0494,7,A01,1.0
V2V0495,7,A01,0.917
V2V0497,7,A05,1.0
V2V0498,7,A01,1.0
V2V0499,7,A09,0.874
V2V0500,7,A03,0.897
V2V0501,7,A05,0.92
V2V0502,7,A03,1.0
V2V0505,7,A03,0.962
V2V0506,7,A05,0.904
V2V0507,7,A03,0.974
V2V0509,7,A01,0.975
V2V0510,7,A06,0.996
V2V0512,7,A06,0.905
V2V0513,7,A06,0.957
V2V0514,7,A02,0.964
V2V0515,7,A05,0.903
V2V0517,7,A03,0.946
V2V0519,7,A02,1.0
V2V0520,7,A06,0.832
V2V0522,7,A03,0.981
V2V0523,7,A03,0.995
V2V0524,7,A04,0.934
V2V0525,7,A03,0.905
V2V0526,7,A07,0.955
V2V0527,7,A01,0.993
V2V0528,7,A09,0.957
V2V0529,7,A07,0.783
V2V0530,7,A09,0.909
V2V0531,7,A09,0.977
V2V0532,7,A05,0.825
V2V0533,7,A06,0.927
V2V0535,7,A03,0.75
V2V0536,7,A01,0.869
V2V0537,7,A02,0.959
V2V0539,7,A03,0.995
V2V0540,7,A05,0.929
V2V0541,7,A02,0.888
V2V0542,7,A01,0.927
V2V0543,7,A03,0.761
V2V0544,7,A01,0.909
V2V0545,7,A05,0.853
V2V0546,7,A02,0.705
V2V0547,7,A07,0.471
V2V0549,7,A09,0.966
V2V0550,7,A03,0.978
V2V0551,7,A01,0.933
V2V0552,7,A03,0.945
V2V0553,7,A01,0.916
V2V0555,7,A01,0.938
V2V0556,7,A05,0.628
V2V0557,7,A09,0.919
V2V0558,7,A03,0.995
V2V0559,7,A01,0.909
V2V0560,7,A05,0.815
V2V0561,7,A02,1.0
V2V0562,7,A03,0.958
V2V0563,7,A04,0.523
V2V0564,7,A09,0.802
V2V0566,7,A03,0.997
V2V0568,7,A01,0.963
V2V0570,7,A10,0.968
V2V0572,7,A05,0.921
V2V0573,7,A01,0.979
V2V0574,7,A09,0.663
V2V0575,7,A01,0.953
V2V0576,7,A06,0.921
V2V0577,7,A05,0.916
V2V0578,7,A02,0.924
V2V0580,7,A09,0.822
V2V0581,7,A02,0.958
V2V0582,7,A03,0.981
V2V0583,7,A02,0.621
V2V0584,7,A09,0.852
V2V0585,7,A02,0.98
V2V0586,7,A01,0.877
V2V0587,7,A01,0.933
V2V0588,7,A09,0.873
V2V0589,7,A02,0.998
V2V0590,7,A01,0.901
V2V0591,7,A09,0.592
V2V0592,7,A03,0.89
V2V0593,7,A01,0.866
V2V0595,7,A02,0.908
V2V0596,7,A03,0.855
V2V0598,7,A08,0.894
V2V0599,7,A03,0.914
V2V0600,7,A06,0.982
V2V0601,7,A10,0.931
V2V0602,7,A06,0.907
V2V0603,7,A07,0.679
V2V0604,7,A05,1.0
V2V0605,7,A03,0.989
V2V0606,7,A05,0.966
V2V0607,7,A09,0.832
V2V0608,7,A01,0.88
V2V0610,7,A01,0.996
V2V0611,7,A02,0.931
V2V0612,7,A01,0.938
V2V0613,7,A01,0.948
V2V0614,7,A09,0.845
V2V0615,7,A05,0.986
V2V0616,7,A04,0.846
V2V0617,7,A05,1.0
V2V0618,7,A03,0.983
V2V0620,7,A03,0.91
V2V0621,7,A05,0.911
V2V0622,7,A01,0.85
V2V0623,7,A03,1.0
V2V0624,7,A01,0.998
V2V0625,7,A05,0.677
V2V0626,7,A01,0.974
V2V0627,7,A03,0.932
V2V0628,7,A06,0.964
V2V0629,7,A08,0.653
V2V0631,7,A06,0.924
V2V0632,7,A03,0.922
V2V0633,7,A09,0.831
V2V0636,7,A02,0.861
V2V0638,7,A09,0.566
V2V0639,7,A06,0.996
V2V0640,7,A02,0.868
V2V0641,7,A03,0.853
V2V0642,7,A03,0.875
V2V0643,7,A01,0.995
V2V0644,7,A02,0.813
V2V0645,7,A06,0.831
V2V0646,7,A03,0.974
V2V0647,7,A07,0.906
V2V0648,7,A04,0.759
V2V0649,7,A01,0.881
V2V0651,7,A01,0.94
V2V0652,7,A01,0.888
V2V0653,7,A01,0.879
V2V0655,7,A10,0.925
V2V0656,7,A02,0.869
V2V0657,7,A01,0.866
V2V0658,7,A03,0.981
V2V0659,7,A03,0.982
V2V0660,7,A01,0.929
V2V0661,7,A03,0.896
V2V0662,7,A04,0.529
V2V0663,7,A04,0.734
V2V0664,7,A07,0.884
V2V0665,7,A02,0.885
V2V0666,7,A03,0.997
V2V0667,7,A02,0.989
V2V0668,7,A01,0.873
V2V0670,7,A03,0.907
V2V0671,7,A03,0.964
V2V0672,7,A02,0.93
V2V0673,7,A01,0.94
V2V0674,7,A09,0.932
V2V0675,7,A02,0.955
V2V0676,7,A01,0.9
V2V0677,7,A01,0.996
V2V0678,7,A06,0.795
V2V0680,7,A03,0.915
V2V0681,7,A07,0.873
V2V0682,7,A02,0.968
V2V0683,7,A07,0.854
V2V0685,7,A03,0.902
V2V0686,7,A01,0.92
V2V0687,7,A03,1.0
V2V0688,7,A03,0.963
V2V0689,7,A03,0.979
V2V0690,7,A02,0.608
V2V0691,7,A10,0.637
V2V0692,7,A03,0.842
V2V0693,7,A01,0.914
V2V0694,7,A01,0.653
V2V0695,7,A04,0.804
V2V0697,7,A03,0.982
V2V0698,7,A03,0.775
V2V0699,7,A02,0.822
V2V0700,7,A03,0.873
V2V0701,7,A06,0.89
V2V0702,7,A03,0.973
V2V0704,7,A08,0.829
V2V0705,7,A02,0.945
V2V0707,7,A02,0.871
V2V0708,7,A08,0.511
V2V0709,7,A01,0.927
V2V0710,7,A10,0.945
V2V0711,7,A06,0.93
V2V0712,7,A07,0.86
V2V0713,7,A02,1.0
V2V0714,7,A06,0.945
V2V0715,7,A03,0.976
V2V0716,7,A03,1.0
V2V0718,7,A02,0.892
V2V0719,7,A03,0.681
V2V0720,7,A04,0.871
V2V0721,7,A09,0.94
V2V0722,7,A02,0.97
V2V0723,7,A03,0.668
V2V0724,7,A01,0.909
V2V0725,7,A03,0.919
V2V0726,7,A02,1.0
V2V0728,7,A03,0.882
V2V0731,7,A07,0.844
V2V0732,7,A07,0.806
V2V0734,7,A04,0.842
V2V0736,7,A03,0.913
V2V0737,7,A03,0.957
V2V0739,7,A03,1.0
V2V0740,7,A02,0.932
V2V0742,7,A02,0.928
V2V0743,7,A09,0.775
V2V0744,7,A03,0.886
V2V0745,7,A03,0.951
V2V0747,7,A03,0.871
V2V0748,7,A02,0.83
V2V0749,7,A09,0.877
V2V0750,7,A02,0.941
V2V0751,7,A01,0.968
V2V0752,7,A01,0.978
V2V0754,7,A04,0.93
V2V0755,7,A09,0.633
V2V0756,7,A01,0.925
V2V0757,7,A07,0.735
V2V0759,7,A02,0.992
V2V0760,7,A09,0.631
V2V0761,7,A01,0.914
V2V0762,7,A03,0.993
V2V0763,7,A01,0.75
V2V0764,7,A03,0.966
V2V0765,7,A01,0.865
V2V0766,7,A04,0.762
V2V0768,7,A02,0.85
V2V0770,7,A02,0.902
V2V0771,7,A07,0.872
V2V0772,7,A01,0.789
V2V0773,7,A06,0.684
V2V0774,7,A06,0.727
V2V0775,7,A06,0.877
V2V0776,7,A01,0.994
V2V0777,7,A09,0.718
V2V0778,7,A01,1.0
V2V0780,7,A01,0.905
V2V0781,7,A01,0.874
V2V0784,7,A01,0.84
V2V0786,7,A01,0.873
V2V0789,7,A08,0.643
V2V0790,7,A02,0.892
V2V0791,7,A06,0.855
V2V0793,7,A03,0.984
V2V0794,7,A10,0.668
V2V0795,7,A02,1.0
V2V0796,7,A09,0.605
V2V0798,7,A02,0.68
V2V0799,7,A05,0.999
V2V0800,7,A02,0.954
V2V0801,7,A02,0.965
V2V0803,7,A02,0.958
V2V0804,7,A04,0.651
V2V0805,7,A02,0.858
V2V0806,7,A03,0.927
V2V0807,7,A01,0.886
V2V0808,7,A01,0.954
V2V0809,7,A06,0.989
V2V0810,7,A06,0.969
V2V0811,7,A03,0.982
V2V0812,7,A01,0.976
V2V0813,7,A01,0.891
V2V0814,7,A03,0.987
V2V0815,7,A01,0.963
V2V0816,7,A05,0.961
V2V0817,7,A03,0.976
V2V0818,7,A09,0.771
V2V0819,7,A07,0.669
V2V0821,7,A07,0.928
V2V0822,7,A02,0.926
V2V0823,7,A06,0.994
V2V0824,7,A05,0.993
V2V0825,7,A03,0.607
V2V0826,7,A02,0.921
V2V0828,7,A06,0.64
V2V0829,7,A06,0.996
V2V0830,7,A10,0.82
V2V0831,7,A05,0.905
V2V0832,7,A10,0.633
V2V0833,7,A01,1.0
V2V0834,7,A04,0.781
V2V0835,7,A04,0.597
V2V0837,7,A06,0.667
V2V0838,7,A06,0.787
V2V0839,7,A05,0.974
V2V0840,7,A02,0.852
V2V0841,7,A02,0.989
V2V0842,7,A06,0.934
V2V0843,7,A03,0.985
V2V0845,7,A03,0.94
V2V0846,7,A01,1.0
V2V0847,7,A02,0.941
V2V0848,7,A02,0.837
V2V0849,7,A02,0.908
V2V0850,7,A03,0.933
V2V0851,7,A03,0.919
V2V0855,7,A10,0.644
V2V0857,7,A03,0.94
V2V0859,7,A02,0.982
V2V0862,7,A02,0.968
V2V0863,7,A01,0.705
V2V0864,7,A03,0.899
V2V0865,7,A05,0.978
V2V0866,7,A09,0.929
V2V0867,7,A02,0.847
V2V0868,7,A09,0.921
V2V0869,7,A02,0.831
V2V0870,7,A01,0.946
V2V0871,7,A03,0.934
V2V0872,7,A02,0.833
V2V0873,7,A09,0.889
V2V0874,7,A03,1.0
V2V0875,7,A05,0.979
V2V0876,7,A03,0.981
V2V0879,7,A05,0.903
V2V0880,7,A09,0.81
V2V0881,7,A03,0.956
V2V0882,7,A02,0.826
V2V0883,7,A01,0.638
V2V0887,7,A01,0.915
V2V0888,7,A02,0.991
V2V0892,7,A05,0.989
V2V0893,7,A05,0.944
V2V0894,7,A06,0.86
V2V0895,7,A05,0.911
V2V0896,7,A09,0.918
V2V0897,7,A03,1.0
V2V0898,7,A02,0.907
V2V0899,7,A07,0.774
V2V0900,7,A02,1.0
V2V0902,7,A09,0.835
V2V0903,7,A09,0.841
V2V0904,7,A06,0.941
V2V0905,7,A05,0.959
V2V0906,7,A06,0.788
V2V0910,7,A03,0.981
V2V0911,7,A03,0.846
V2V0912,7,A01,1.0
V2V0913,7,A05,0.904
V2V0915,7,A05,0.572
V2V0917,7,A02,0.897
V2V0919,7,A06,0.954
V2V0921,7,A06,0.996
V2V0922,7,A03,0.979
V2V0923,7,A06,0.952
V2V0925,7,A03,0.949
V2V0926,7,A06,0.989
V2V0927,7,A03,0.954
V2V0928,7,A05,0.852
V2V0931,7,A07,0.915
V2V0932,7,A02,0.612
V2V0933,7,A06,0.75
V2V0934,7,A05,0.844
V2V0935,7,A07,0.809
V2V0936,7,A02,0.95
V2V0937,7,A07,0.564
V2V0938,7,A06,0.889
V2V0939,7,A09,0.688
V2V0940,7,A03,0.937
V2V0943,7,A06,0.99
V2V0944,7,A02,0.997
V2V0945,7,A02,0.877
V2V0946,7,A03,0.648
V2V0947,7,A03,0.909
V2V0948,7,A03,0.862
V2V0949,7,A01,0.947
V2V0950,7,A02,0.983
V2V0951,7,A06,0.83
V2V0952,7,A01,0.924
V2V0957,7,A03,0.866
V2V0958,7,A03,0.961
V2V0959,7,A07,0.759
V2V0960,7,A02,0.863
V2V0961,7,A09,0.933
V2V0962,7,A03,0.957
V2V0963,7,A02,0.927
V2V0964,7,A05,0.91
V2V0965,7,A06,0.926
V2V0966,7,A09,0.935
V2V0967,7,A06,0.663
V2V0968,7,A03,0.949
V2V0969,7,A02,0.622
V2V0970,7,A03,0.989
V2V0971,7,A03,0.819
V2V0972,7,A06,0.727
V2V0975,7,A02,0.868
V2V0976,7,A06,0.896
V2V0977,7,A03,0.684
V2V0979,7,A01,0.919
V2V0981,7,A05,1.0
V2V0983,7,A01,0.988
V2V0984,7,A06,0.976
V2V0985,7,A03,0.88
V2V0986,7,A02,0.924
V2V0987,7,A06,0.957
V2V0988,7,A06,0.96
V2V0989,7,A02,0.967
V2V0990,7,A06,0.941
V2V0991,7,A02,0.984
V2V0992,7,A01,0.991
V2V0993,7,A05,0.638
V2V0994,7,A06,0.857
V2V0995,7,A01,0.867
V2V0996,7,A02,0.968
V2V0997,7,A02,0.912
V2V0998,7,A01,0.873
V2V0001,8,A04,0.799
V2V0003,8,A10,0.731
V2V0004,8,A10,0.535
V2V0005,8,A03,0.988
V2V0006,8,A06,0.929
V2V0007,8,A10,0.623
V2V0008,8,A09,0.783
V2V0009,8,A10,0.669
V2V0010,8,A03,0.785
V2V0011,8,A10,0.945
V2V0012,8,A04,0.856
V2V0013,8,A07,0.634
V2V0014,8,A02,0.886
V2V0016,8,A10,0.974
V2V0017,8,A06,0.999
V2V0018,8,A02,0.947
V2V0019,8,A09,0.88
V2V0021,8,A06,0.964
V2V0022,8,A06,0.939
V2V0023,8,A10,0.901
V2V0024,8,A03,0.911
V2V0025,8,A09,0.84
V2V0027,8,A06,0.909
V2V0028,8,A04,0.828
V2V0029,8,A05,0.84
V2V0030,8,A01,0.885
V2V0031,8,A10,0.925
V2V0032,8,A09,0.939
V2V0035,8,A10,0.923
V2V0036,8,A01,0.867
V2V0037,8,A03,0.927
V2V0038,8,A10,0.816
V2V0039,8,A02,0.911
V2V0040,8,A02,0.972
V2V0041,8,A06,0.805
V2V0042,8,A09,0.768
V2V0044,8,A02,0.991
V2V0045,8,A06,0.856
V2V0046,8,A06,0.882
V2V0047,8,A10,0.836
V2V0048,8,A10,0.909
V2V0049,8,A07,0.86
V2V0050,8,A02,0.865
V2V0052,8,A02,0.869
V2V0053,8,A02,0.976
V2V0055,8,A03,0.919
V2V0056,8,A02,0.974
V2V0057,8,A02,0.953
V2V0060,8,A06,0.936
V2V0061,8,A09,0.985
V2V0063,8,A06,0.841
V2V0065,8,A10,0.849
V2V0067,8,A09,0.667
V2V0068,8,A09,0.959
V2V0069,8,A01,0.887
V2V0070,8,A06,0.913
V2V0074,8,A06,0.905
V2V0075,8,A03,0.845
V2V0076,8,A05,1.0
V2V0077,8,A02,0.803
V2V0078,8,A06,0.677
V2V0081,8,A04,0.881
V2V0083,8,A06,0.98
V2V0084,8,A02,0.95
V2V0085,8,A02,0.425
V2V0086,8,A01,0.878
V2V0087,8,A04,0.599
V2V0088,8,A10,0.566
V2V0089,8,A02,0.942
V2V0090,8,A06,0.912
V2V0091,8,A10,0.958
V2V0092,8,A04,0.788
V2V0093,8,A02,0.908
V2V0094,8,A10,0.977
V2V0097,8,A02,0.515
V2V0098,8,A04,0.481
V2V0100,8,A06,0.705
V2V0101,8,A02,0.948
V2V0102,8,A04,0.479
V2V0104,8,A10,0.931
V2V0105,8,A10,0.682
V2V0106,8,A03,0.983
V2V0108,8,A03,1.0
V2V0110,8,A06,0.968
V2V0111,8,A04,0.909
V2V0113,8,A06,0.952
V2V0114,8,A10,0.809
V2V0115,8,A09,0.98
V2V0116,8,A04,0.92
V2V0117,8,A03,1.0
V2V0118,8,A09,0.81
V2V0119,8,A04,0.525
V2V0120,8,A03,0.891
V2V0122,8,A02,0.926
V2V0124,8,A03,0.985
V2V0125,8,A01,1.0
V2V0126,8,A03,0.948
V2V0127,8,A10,0.636
V2V0128,8,A05,0.876
V2V0129,8,A06,1.0
V2V0131,8,A06,0.987
V2V0132,8,A06,1.0
V2V0133,8,A01,0.991
V2V0134,8,A06,0.853
V2V0135,8,A01,0.95
V2V0137,8,A06,0.579
V2V0138,8,A05,0.895
V2V0139,8,A05,0.619
V2V0140,8,A03,0.983
V2V0141,8,A02,0.951
V2V0142,8,A08,0.812
V2V0144,8,A03,0.75
V2V0145,8,A03,0.855
V2V0147,8,A03,0.95
V2V0149,8,A03,0.862
V2V0150,8,A01,0.991
V2V0152,8,A01,0.874
V2V0153,8,A06,0.774
V2V0154,8,A06,0.834
V2V0155,8,A09,0.836
V2V0156,8,A03,0.943
V2V0157,8,A01,0.854
V2V0158,8,A03,0.82
V2V0160,8,A01,0.936
V2V0161,8,A06,0.855
V2V0162,8,A06,0.908
V2V0163,8,A08,0.499
V2V0164,8,A03,0.698
V2V0165,8,A05,0.912
V2V0166,8,A05,0.94
V2V0167,8,A05,0.874
V2V0168,8,A06,0.85
V2V0169,8,A06,0.942
V2V0170,8,A10,0.488
V2V0171,8,A01,1.0
V2V0172,8,A05,0.915
V2V0174,8,A01,0.85
V2V0175,8,A05,0.922
V2V0176,8,A09,0.906
V2V0177,8,A03,1.0
V2V0179,8,A08,0.933
V2V0180,8,A01,0.932
V2V0181,8,A05,0.99
V2V0182,8,A05,0.839
V2V0183,8,A02,0.917
V2V0184,8,A09,0.631
V2V0185,8,A05,0.909
V2V0186,8,A04,0.84
V2V0187,8,A05,1.0
V2V0189,8,A03,0.981
V2V0190,8,A05,0.92
V2V0192,8,A06,0.985
V2V0193,8,A05,0.839
V2V0194,8,A01,0.839
V2V0196,8,A07,0.895
V2V0199,8,A09,0.947
V2V0200,8,A05,0.974
V2V0202,8,A01,0.892
V2V0203,8,A01,0.933
V2V0204,8,A01,1.0
V2V0205,8,A05,0.653
V2V0206,8,A06,0.963
V2V0207,8,A05,0.862
V2V0208,8,A07,0.891
V2V0209,8,A06,0.908
V2V0210,8,A04,0.666
V2V0213,8,A01,0.985
V2V0214,8,A05,0.944
V2V0215,8,A01,0.868
V2V0216,8,A04,0.821
V2V0217,8,A03,0.85
V2V0218,8,A09,0.881
V2V0219,8,A05,0.858
V2V0220,8,A05,0.947
V2V0221,8,A01,0.889
V2V0223,8,A09,0.841
V2V0224,8,A06,0.986
V2V0225,8,A02,0.941
V2V0227,8,A03,0.916
V2V0228,8,A07,0.636
V2V0229,8,A03,0.659
V2V0231,8,A05,1.0
V2V0232,8,A01,1.0
V2V0233,8,A06,1.0
V2V0234,8,A05,0.988
V2V0236,8,A05,0.746
V2V0237,8,A05,1.0
V2V0238,8,A05,0.896
V2V0239,8,A05,0.896
V2V0241,8,A06,0.603
V2V0242,8,A09,0.956
V2V0243,8,A01,0.913
V2V0244,8,A09,0.867
V2V0245,8,A05,0.983
V2V0246,8,A01,0.894
V2V0248,8,A01,0.96
V2V0250,8,A10,0.922
V2V0251,8,A02,0.878
V2V0252,8,A01,0.862
V2V0253,8,A09,0.854
V2V0254,8,A03,0.881
V2V0256,8,A08,0.606
V2V0258,8,A03,1.0
V2V0259,8,A01,0.927
V2V0260,8,A06,1.0
V2V0261,8,A03,0.816
V2V0262,8,A09,0.787
V2V0264,8,A06,1.0
V2V0265,8,A01,0.929
V2V0266,8,A06,0.942
V2V0269,8,A06,0.856
V2V0270,8,A01,0.97
V2V0271,8,A01,0.927
V2V0272,8,A03,0.996
V2V0273,8,A05,0.989
V2V0274,8,A05,0.825
V2V0275,8,A03,0.914
V2V0276,8,A06,0.817
V2V0277,8,A01,0.899
V2V0279,8,A08,0.537
V2V0280,8,A03,0.855
V2V0281,8,A02,0.961
V2V0282,8,A02,0.881
V2V0285,8,A06,0.924
V2V0288,8,A02,0.943
V2V0289,8,A04,0.734
V2V0290,8,A01,0.919
V2V0291,8,A07,0.69
V2V0292,8,A02,0.918
V2V0293,8,A09,0.814
V2V0294,8,A01,0.999
V2V0295,8,A05,0.971
V2V0297,8,A02,0.966
V2V0298,8,A06,0.966
V2V0300,8,A01,0.941
V2V0302,8,A06,0.96
V2V0303,8,A06,0.734
V2V0304,8,A03,0.971
V2V0305,8,A09,0.869
V2V0306,8,A01,0.978
V2V0307,8,A05,0.981
V2V0308,8,A07,0.535
V2V0309,8,A02,0.88
V2V0310,8,A03,1.0
V2V0312,8,A06,0.812
V2V0313,8,A05,0.994
V2V0316,8,A02,0.964
V2V0317,8,A01,0.915
V2V0319,8,A09,0.705
V2V0320,8,A06,1.0
V2V0321,8,A04,0.775
V2V0324,8,A03,0.992
V2V0325,8,A09,0.877
V2V0326,8,A03,0.978
V2V0327,8,A09,0.98
V2V0329,8,A03,0.998
V2V0330,8,A08,0.834
V2V0331,8,A06,0.959
V2V0332,8,A01,0.931
V2V0333,8,A08,0.821
V2V0334,8,A02,0.906
V2V0335,8,A03,0.716
V2V0337,8,A03,0.925
V2V0338,8,A05,0.959
V2V0339,8,A03,0.864
V2V0342,8,A01,0.946
V2V0343,8,A03,1.0
V2V0344,8,A06,0.948
V2V0348,8,A01,1.0
V2V0349,8,A10,0.892
V2V0350,8,A02,0.694
V2V0351,8,A06,0.844
V2V0353,8,A09,0.719
V2V0354,8,A10,0.869
V2V0355,8,A03,0.981
V2V0358,8,A06,0.951
V2V0359,8,A05,0.872
V2V0362,8,A07,0.772
V2V0363,8,A05,0.831
V2V0366,8,A01,0.853
V2V0368,8,A06,0.861
V2V0370,8,A03,0.846
V2V0371,8,A01,0.861
V2V0373,8,A10,0.878
V2V0375,8,A01,0.989
V2V0376,8,A01,0.805
V2V0377,8,A02,0.978
V2V0378,8,A06,1.0
V2V0379,8,A03,0.973
V2V0380,8,A06,0.993
V2V0381,8,A05,0.961
V2V0382,8,A06,0.949
V2V0383,8,A01,0.985
V2V0384,8,A03,0.747
V2V0385,8,A01,0.958
V2V0386,8,A03,0.955
V2V0387,8,A02,0.925
V2V0388,8,A08,0.764
V2V0389,8,A07,0.807
V2V0390,8,A06,0.906
V2V0391,8,A01,0.921
V2V0392,8,A05,0.827
V2V0393,8,A06,0.877
V2V0394,8,A01,0.988
V2V0395,8,A05,0.828
V2V0397,8,A06,0.745
V2V0398,8,A01,0.933
V2V0399,8,A01,0.977
V2V0400,8,A01,0.613
V2V0401,8,A06,0.967
V2V0402,8,A07,0.907
V2V0403,8,A07,0.726
V2V0404,8,A03,0.971
V2V0405,8,A09,0.863
V2V0407,8,A06,0.92
V2V0408,8,A02,0.894
V2V0409,8,A09,0.846
V2V0410,8,A05,0.898
V2V0412,8,A09,0.855
V2V0413,8,A06,1.0
V2V0414,8,A01,0.72
V2V0415,8,A01,0.965
V2V0416,8,A08,0.666
V2V0417,8,A05,0.759
V2V0418,8,A06,0.928
V2V0419,8,A02,0.963
V2V0420,8,A03,0.865
V2V0421,8,A06,0.917
V2V0424,8,A03,0.599
V2V0425,8,A01,0.984
V2V0426,8,A05,0.912
V2V0427,8,A08,0.815
V2V0429,8,A06,0.877
V2V0430,8,A06,0.718
V2V0432,8,A06,0.87
V2V0433,8,A06,1.0
V2V0434,8,A02,0.854
V2V0435,8,A02,0.964
V2V0436,8,A06,0.75
V2V0438,8,A01,0.75
V2V0439,8,A01,0.617
V2V0440,8,A09,0.931
V2V0441,8,A03,0.897
V2V0443,8,A05,0.882
V2V0444,8,A05,0.861
V2V0445,8,A05,0.966
V2V0446,8,A07,0.875
V2V0448,8,A02,0.954
V2V0449,8,A06,0.89
V2V0450,8,A02,0.903
V2V0451,8,A06,0.944
V2V0452,8,A05,0.748
V2V0453,8,A01,0.654
V2V0454,8,A09,0.794
V2V0455,8,A09,0.652
V2V0456,8,A01,1.0
V2V0457,8,A02,0.985
V2V0458,8,A06,0.833
V2V0460,8,A06,1.0
V2V0461,8,A05,0.846
V2V0463,8,A01,0.97
V2V0464,8,A05,0.931
V2V0465,8,A05,0.899
V2V0466,8,A09,0.953
V2V0467,8,A07,0.929
V2V0468,8,A05,0.971
V2V0469,8,A06,0.914
V2V0470,8,A07,0.81
V2V0471,8,A06,0.987
V2V0472,8,A05,0.853
V2V0473,8,A06,0.943
V2V0474,8,A05,0.912
V2V0475,8,A06,1.0
V2V0476,8,A02,0.914
V2V0477,8,A05,0.899
V2V0478,8,A06,0.859
V2V0479,8,A01,0.876
V2V0480,8,A03,0.913
V2V0481,8,A01,0.91
V2V0482,8,A01,0.937
V2V0483,8,A05,0.98
V2V0484,8,A04,0.824
V2V0487,8,A06,0.79
V2V0488,8,A06,0.918
V2V0489,8,A05,0.827
V2V0490,8,A05,0.9
V2V0491,8,A05,0.921
V2V0492,8,A03,0.87
V2V0493,8,A02,0.975
V2V0494,8,A02,0.899
V2V0495,8,A01,0.951
V2V0497,8,A05,0.75
V2V0498,8,A01,0.854
V2V0499,8,A03,0.911
V2V0500,8,A02,1.0
V2V0501,8,A05,0.587
V2V0502,8,A03,0.929
V2V0505,8,A03,0.961
V2V0506,8,A05,1.0
V2V0507,8,A03,1.0
V2V0509,8,A01,0.994
V2V0510,8,A05,0.902
V2V0512,8,A05,0.986
V2V0513,8,A06,0.952
V2V0514,8,A02,0.857
V2V0515,8,A05,0.988
V2V0517,8,A03,0.949
V2V0519,8,A02,0.968
V2V0520,8,A01,0.864
V2V0522,8,A03,0.95
V2V0523,8,A08,0.486
V2V0524,8,A07,0.86
V2V0525,8,A03,0.847
V2V0526,8,A05,0.953
V2V0527,8,A01,0.898
V2V0528,8,A03,0.992
V2V0529,8,A02,0.934
V2V0530,8,A05,0.799
V2V0531,8,A06,0.95
V2V0532,8,A02,0.814
V2V0533,8,A06,0.836
V2V0535,8,A04,0.911
V2V0536,8,A03,0.933
V2V0537,8,A03,0.867
V2V0539,8,A09,0.952
V2V0540,8,A05,0.888
V2V0541,8,A09,0.777
V2V0542,8,A01,0.99
V2V0543,8,A03,0.992
V2V0544,8,A01,0.848
V2V0545,8,A05,0.741
V2V0546,8,A03,0.858
V2V0547,8,A06,0.967
V2V0549,8,A01,0.975
V2V0550,8,A03,0.903
V2V0551,8,A01,0.655
V2V0552,8,A08,0.884
V2V0553,8,A05,0.873
V2V0555,8,A03,0.791
V2V0556,8,A03,0.616
V2V0557,8,A06,0.743
V2V0558,8,A03,0.942
V2V0559,8,A01,0.941
V2V0560,8,A06,0.825
V2V0561,8,A05,0.948
V2V0562,8,A05,0.905
V2V0563,8,A04,0.95
V2V0564,8,A10,0.865
V2V0566,8,A09,0.781
V2V0568,8,A05,0.913
V2V0570,8,A10,0.628
V2V0572,8,A05,0.861
V2V0573,8,A01,0.995
V2V0574,8,A03,1.0
V2V0575,8,A01,0.954
V2V0576,8,A06,0.885
V2V0577,8,A02,0.876
V2V0578,8,A02,0.999
V2V0580,8,A09,0.825
V2V0581,8,A02,0.901
V2V0582,8,A03,0.973
V2V0583,8,A08,0.775
V2V0584,8,A01,0.962
V2V0585,8,A01,0.933
V2V0586,8,A04,0.738
V2V0587,8,A05,0.948
V2V0588,8,A03,0.923
V2V0589,8,A02,0.881
V2V0590,8,A01,1.0
V2V0591,8,A05,0.999
V2V0592,8,A06,0.949
V2V0593,8,A01,0.887
V2V0595,8,A02,0.931
V2V0596,8,A02,0.945
V2V0598,8,A08,0.789
V2V0599,8,A03,0.822
V2V0600,8,A06,0.972
V2V0601,8,A10,0.927
V2V0602,8,A06,0.976
V2V0603,8,A06,0.913
V2V0604,8,A05,0.904
V2V0605,8,A03,1.0
V2V0606,8,A01,0.92
V2V0607,8,A02,0.951
V2V0608,8,A06,0.878
V2V0610,8,A01,0.843
V2V0611,8,A09,0.708
V2V0612,8,A01,1.0
V2V0613,8,A01,0.819
V2V0614,8,A09,0.858
V2V0615,8,A05,0.677
V2V0616,8,A02,0.914
V2V0617,8,A06,0.969
V2V0618,8,A05,0.867
V2V0620,8,A03,0.555
V2V0621,8,A05,0.773
V2V0622,8,A06,0.93
V2V0623,8,A03,1.0
V2V0624,8,A01,0.901
V2V0625,8,A03,0.664
V2V0626,8,A01,1.0
V2V0627,8,A02,0.84
V2V0628,8,A07,0.66
V2V0629,8,A07,0.79
V2V0631,8,A06,0.993
V2V0632,8,A02,0.865
V2V0633,8,A09,0.985
V2V0636,8,A03,0.935
V2V0638,8,A09,0.551
V2V0639,8,A06,0.9
V2V0640,8,A02,0.977
V2V0641,8,A03,0.942
V2V0642,8,A03,0.922
V2V0643,8,A01,0.957
V2V0644,8,A02,0.971
V2V0645,8,A03,0.945
V2V0646,8,A06,0.995
V2V0647,8,A07,0.867
V2V0648,8,A02,0.945
V2V0649,8,A01,0.946
V2V0651,8,A01,0.855
V2V0652,8,A01,0.921
V2V0653,8,A01,0.82
V2V0655,8,A10,0.757
V2V0656,8,A09,0.884
V2V0657,8,A01,0.934
V2V0658,8,A02,0.867
V2V0659,8,A09,0.558
V2V0660,8,A06,1.0
V2V0661,8,A06,0.942
V2V0662,8,A01,0.996
V2V0663,8,A04,0.904
V2V0664,8,A01,0.974
V2V0665,8,A02,0.949
V2V0666,8,A02,0.927
V2V0667,8,A02,0.96
V2V0668,8,A01,0.804
V2V0670,8,A02,0.906
V2V0671,8,A09,0.84
V2V0672,8,A02,1.0
V2V0673,8,A03,0.925
V2V0674,8,A01,1.0
V2V0675,8,A02,0.672
V2V0676,8,A07,0.825
V2V0677,8,A06,0.898
V2V0678,8,A06,0.868
V2V0680,8,A03,0.928
V2V0681,8,A07,0.535
V2V0682,8,A03,0.647
V2V0683,8,A07,0.841
V2V0685,8,A03,0.665
V2V0686,8,A06,0.825
V2V0687,8,A04,0.817
V2V0688,8,A03,0.886
V2V0689,8,A03,1.0
V2V0690,8,A09,0.701
V2V0691,8,A10,0.84
V2V0692,8,A01,0.903
V2V0693,8,A06,0.948
V2V0694,8,A04,0.792
V2V0695,8,A04,0.86
V2V0697,8,A02,0.94
V2V0698,8,A04,0.811
V2V0699,8,A02,0.98
V2V0700,8,A02,0.96
V2V0701,8,A06,0.961
V2V0702,8,A03,0.873
V2V0704,8,A01,0.905
V2V0705,8,A02,0.929
V2V0707,8,A02,0.671
V2V0708,8,A02,0.937
V2V0709,8,A01,0.886
V2V0710,8,A10,0.786
V2V0711,8,A06,0.901
V2V0712,8,A03,0.936
V2V0713,8,A02,0.892
V2V0714,8,A06,0.649
V2V0715,8,A03,0.75
V2V0716,8,A03,0.996
V2V0718,8,A02,0.936
V2V0719,8,A03,0.905
V2V0720,8,A04,0.56
V2V0721,8,A03,0.893
V2V0722,8,A02,0.908
V2V0723,8,A02,0.844
V2V0724,8,A02,0.976
V2V0725,8,A06,0.868
V2V0726,8,A02,0.933
V2V0728,8,A03,0.909
V2V0731,8,A07,0.814
V2V0732,8,A02,0.997
V2V0734,8,A04,0.855
V2V0736,8,A02,0.833
V2V0737,8,A08,0.593
V2V0739,8,A02,0.881
V2V0740,8,A02,0.658
V2V0742,8,A02,0.9
V2V0743,8,A03,0.897
V2V0744,8,A03,0.998
V2V0745,8,A03,0.795
V2V0747,8,A01,0.901
V2V0748,8,A02,0.626
V2V0749,8,A07,0.705
V2V0750,8,A01,0.999
V2V0751,8,A01,0.842
V2V0752,8,A01,0.779
V2V0754,8,A03,0.9
V2V0755,8,A06,0.536
V2V0756,8,A01,0.907
V2V0757,8,A09,0.868
V2V0759,8,A03,1.0
V2V0760,8,A05,0.959
V2V0761,8,A01,0.908
V2V0762,8,A03,0.912
V2V0763,8,A01,0.722
V2V0764,8,A03,1.0
V2V0765,8,A01,0.982
V2V0766,8,A03,0.978
V2V0768,8,A09,0.819
V2V0770,8,A01,0.964
V2V0771,8,A05,0.94
V2V0772,8,A01,0.739
V2V0773,8,A07,0.863
V2V0774,8,A05,0.925
V2V0775,8,A06,0.849
V2V0776,8,A01,0.907
V2V0777,8,A09,0.885
V2V0778,8,A01,0.927
V2V0780,8,A03,0.856
V2V0781,8,A01,0.893
V2V0784,8,A01,0.809
V2V0786,8,A03,0.9
V2V0789,8,A03,0.918
V2V0790,8,A02,0.908
V2V0791,8,A03,0.956
V2V0793,8,A03,0.728
V2V0794,8,A10,0.933
V2V0795,8,A02,0.977
V2V0796,8,A03,0.608
V2V0798,8,A03,0.837
V2V0799,8,A05,0.992
V2V0800,8,A02,1.0
V2V0801,8,A02,0.983
V2V0803,8,A01,0.894
V2V0804,8,A03,0.927
V2V0805,8,A02,0.959
V2V0806,8,A03,0.815
V2V0807,8,A02,0.782
V2V0808,8,A02,0.954
V2V0809,8,A06,0.885
V2V0810,8,A04,0.848
V2V0811,8,A03,0.963
V2V0812,8,A01,0.861
V2V0813,8,A06,0.954
V2V0814,8,A03,0.95
V2V0815,8,A01,0.803
V2V0816,8,A05,0.987
V2V0817,8,A02,0.911
V2V0818,8,A06,0.643
V2V0819,8,A02,0.909
V2V0821,8,A07,0.84
V2V0822,8,A05,0.936
V2V0823,8,A02,0.972
V2V0824,8,A05,0.789
V2V0825,8,A02,0.692
V2V0826,8,A02,0.953
V2V0828,8,A03,0.771
V2V0829,8,A04,0.897
V2V0830,8,A10,0.906
V2V0831,8,A05,0.975
V2V0832,8,A10,0.911
V2V0833,8,A09,0.966
V2V0834,8,A04,0.797
V2V0835,8,A04,0.881
V2V0837,8,A07,0.922
V2V0838,8,A03,0.985
V2V0839,8,A05,0.883
V2V0840,8,A02,0.9
V2V0841,8,A09,0.732
V2V0842,8,A06,0.949
V2V0843,8,A02,0.986
V2V0845,8,A03,0.967
V2V0846,8,A01,0.991
V2V0847,8,A02,0.778
V2V0848,8,A05,0.782
V2V0849,8,A02,0.985
V2V0850,8,A02,1.0
V2V0851,8,A01,0.865
V2V0855,8,A10,0.854
V2V0857,8,A03,0.971
V2V0859,8,A02,0.749
V2V0862,8,A02,0.933
V2V0863,8,A09,0.871
V2V0864,8,A04,0.772
V2V0865,8,A02,0.988
V2V0866,8,A03,0.964
V2V0867,8,A09,0.614
V2V0868,8,A09,0.904
V2V0869,8,A01,0.911
V2V0870,8,A01,0.847
V2V0871,8,A02,0.849
V2V0872,8,A09,0.807
V2V0873,8,A09,0.916
V2V0874,8,A02,0.94
V2V0875,8,A01,0.81
V2V0876,8,A03,0.989
V2V0879,8,A09,0.886
V2V0880,8,A06,0.652
V2V0881,8,A03,0.942
V2V0882,8,A02,0.748
V2V0883,8,A02,0.859
V2V0887,8,A01,0.989
V2V0888,8,A02,0.939
V2V0892,8,A05,0.901
V2V0893,8,A05,0.927
V2V0894,8,A03,0.893
V2V0895,8,A05,0.693
V2V0896,8,A09,0.873
V2V0897,8,A01,1.0
V2V0898,8,A01,0.9
V2V0899,8,A06,0.89
V2V0900,8,A09,0.966
V2V0902,8,A09,0.873
V2V0903,8,A09,0.71
V2V0904,8,A01,0.905
V2V0905,8,A02,0.904
V2V0906,8,A07,0.888
V2V0910,8,A01,0.612
V2V0911,8,A08,0.898
V2V0912,8,A01,0.967
V2V0913,8,A02,0.975
V2V0915,8,A01,0.677
V2V0917,8,A03,0.978
V2V0919,8,A06,0.854
V2V0921,8,A06,0.945
V2V0922,8,A02,0.996
V2V0923,8,A06,0.91
V2V0925,8,A02,0.652
V2V0926,8,A06,0.833
V2V0927,8,A08,0.638
V2V0928,8,A05,0.918
V2V0931,8,A07,0.842
V2V0932,8,A09,0.942
V2V0933,8,A02,0.832
V2V0934,8,A01,0.998
V2V0935,8,A01,0.819
V2V0936,8,A02,0.766
V2V0937,8,A03,0.946
V2V0938,8,A07,0.559
V2V0939,8,A09,0.985
V2V0940,8,A03,0.911
V2V0943,8,A06,0.869
V2V0944,8,A03,0.731
V2V0945,8,A09,0.539
V2V0946,8,A05,0.849
V2V0947,8,A03,0.902
V2V0948,8,A03,0.726
V2V0949,8,A01,0.957
V2V0950,8,A02,0.919
V2V0951,8,A01,0.857
V2V0952,8,A02,1.0
V2V0957,8,A05,0.928
V2V0958,8,A02,0.979
V2V0959,8,A05,0.873
V2V0960,8,A01,0.867
V2V0961,8,A06,0.981
V2V0962,8,A03,0.803
V2V0963,8,A02,0.86
V2V0964,8,A01,0.888
V2V0965,8,A01,0.99
V2V0966,8,A01,0.976
V2V0967,8,A06,1.0
V2V0968,8,A08,0.802
V2V0969,8,A07,0.604
V2V0970,8,A03,0.927
V2V0971,8,A06,0.841
V2V0972,8,A03,0.944
V2V0975,8,A02,0.912
V2V0976,8,A06,0.956
V2V0977,8,A05,0.894
V2V0979,8,A06,0.93
V2V0981,8,A05,0.986
V2V0983,8,A06,1.0
V2V0984,8,A06,0.941
V2V0985,8,A03,0.881
V2V0986,8,A02,0.949
V2V0987,8,A06,1.0
V2V0988,8,A02,0.934
V2V0989,8,A06,0.921
V2V0990,8,A06,0.974
V2V0991,8,A06,0.666
V2V0992,8,A01,0.931
V2V0993,8,A02,0.654
V2V0994,8,A06,0.872
V2V0995,8,A04,0.823
V2V0996,8,A03,0.876
V2V0997,8,A05,0.962
V2V0998,8,A01,0.998
